deviceId,temperature,humidity,createdAt
BOX-DEL-02,5.68,48.58,2025-01-01 00:00:00
BOX-DEL-02,5.64,51.14,2025-01-01 00:10:00
BOX-DEL-02,5.68,40.05,2025-01-01 00:20:00
BOX-DEL-02,5.91,42.02,2025-01-01 00:30:00
BOX-DEL-02,5.79,48.81,2025-01-01 00:40:00
BOX-DEL-02,5.93,41.38,2025-01-01 00:50:00
BOX-DEL-02,5.63,54.03,2025-01-01 01:00:00
BOX-DEL-02,5.38,52.54,2025-01-01 01:10:00
BOX-DEL-02,5.61,49.78,2025-01-01 01:20:00
BOX-DEL-02,5.81,57.82,2025-01-01 01:30:00
BOX-DEL-02,5.83,40.09,2025-01-01 01:40:00
BOX-DEL-02,5.86,49.21,2025-01-01 01:50:00
BOX-DEL-02,6.08,41.93,2025-01-01 02:00:00
BOX-DEL-02,6.18,41.29,2025-01-01 02:10:00
BOX-DEL-02,6.45,42.67,2025-01-01 02:20:00
BOX-DEL-02,6.27,58.89,2025-01-01 02:30:00
BOX-DEL-02,6.54,49.76,2025-01-01 02:40:00
BOX-DEL-02,6.71,52.91,2025-01-01 02:50:00
BOX-DEL-02,6.76,58.78,2025-01-01 03:00:00
BOX-DEL-02,6.84,51.19,2025-01-01 03:10:00
BOX-DEL-02,7.07,56.61,2025-01-01 03:20:00
BOX-DEL-02,7.24,44.2,2025-01-01 03:30:00
BOX-DEL-02,7.0,46.8,2025-01-01 03:40:00
BOX-DEL-02,7.04,42.33,2025-01-01 03:50:00
BOX-DEL-02,7.0,56.12,2025-01-01 04:00:00
BOX-DEL-02,6.74,57.36,2025-01-01 04:10:00
BOX-DEL-02,6.92,47.57,2025-01-01 04:20:00
BOX-DEL-02,6.83,40.7,2025-01-01 04:30:00
BOX-DEL-02,6.96,54.15,2025-01-01 04:40:00
BOX-DEL-02,6.82,46.77,2025-01-01 04:50:00
BOX-DEL-02,7.04,47.89,2025-01-01 05:00:00
BOX-DEL-02,7.25,58.33,2025-01-01 05:10:00
BOX-DEL-02,7.31,57.35,2025-01-01 05:20:00
BOX-DEL-02,7.57,41.67,2025-01-01 05:30:00
BOX-DEL-02,7.72,52.53,2025-01-01 05:40:00
BOX-DEL-02,7.83,56.3,2025-01-01 05:50:00
BOX-DEL-02,7.92,57.09,2025-01-01 06:00:00
BOX-DEL-02,7.75,46.44,2025-01-01 06:10:00
BOX-DEL-02,7.71,47.17,2025-01-01 06:20:00
BOX-DEL-02,7.47,43.64,2025-01-01 06:30:00
BOX-DEL-02,7.56,44.04,2025-01-01 06:40:00
BOX-DEL-02,7.35,50.77,2025-01-01 06:50:00
BOX-DEL-02,7.55,41.44,2025-01-01 07:00:00
BOX-DEL-02,7.52,43.37,2025-01-01 07:10:00
BOX-DEL-02,7.52,45.77,2025-01-01 07:20:00
BOX-DEL-02,7.63,48.93,2025-01-01 07:30:00
BOX-DEL-02,7.63,54.19,2025-01-01 07:40:00
BOX-DEL-02,7.5,41.57,2025-01-01 07:50:00
BOX-DEL-02,7.31,49.49,2025-01-01 08:00:00
BOX-DEL-02,7.02,56.18,2025-01-01 08:10:00
BOX-DEL-02,6.84,46.54,2025-01-01 08:20:00
BOX-DEL-02,7.03,46.0,2025-01-01 08:30:00
BOX-DEL-02,7.03,45.56,2025-01-01 08:40:00
BOX-DEL-02,7.16,44.24,2025-01-01 08:50:00
BOX-DEL-02,7.41,59.13,2025-01-01 09:00:00
BOX-DEL-02,7.57,53.58,2025-01-01 09:10:00
BOX-DEL-02,7.73,53.58,2025-01-01 09:20:00
BOX-DEL-02,7.91,47.86,2025-01-01 09:30:00
BOX-DEL-02,7.9,54.6,2025-01-01 09:40:00
BOX-DEL-02,7.81,40.62,2025-01-01 09:50:00
BOX-DEL-02,7.54,51.12,2025-01-01 10:00:00
BOX-DEL-02,7.75,40.03,2025-01-01 10:10:00
BOX-DEL-02,7.83,58.07,2025-01-01 10:20:00
BOX-DEL-02,7.58,56.07,2025-01-01 10:30:00
BOX-DEL-02,7.33,44.1,2025-01-01 10:40:00
BOX-DEL-02,7.17,44.82,2025-01-01 10:50:00
BOX-DEL-02,7.31,42.97,2025-01-01 11:00:00
BOX-DEL-02,7.42,49.79,2025-01-01 11:10:00
BOX-DEL-02,7.55,48.38,2025-01-01 11:20:00
BOX-DEL-02,7.63,45.82,2025-01-01 11:30:00
BOX-DEL-02,7.87,59.76,2025-01-01 11:40:00
BOX-DEL-02,8.1,47.0,2025-01-01 11:50:00
BOX-DEL-02,8.09,51.76,2025-01-01 12:00:00
BOX-DEL-02,8.39,53.96,2025-01-01 12:10:00
BOX-DEL-02,8.12,41.52,2025-01-01 12:20:00
BOX-DEL-02,8.31,43.85,2025-01-01 12:30:00
BOX-DEL-02,8.27,42.69,2025-01-01 12:40:00
BOX-DEL-02,8.02,53.21,2025-01-01 12:50:00
BOX-DEL-02,8.15,50.68,2025-01-01 13:00:00
BOX-DEL-02,8.09,53.37,2025-01-01 13:10:00
BOX-DEL-02,8.17,45.72,2025-01-01 13:20:00
BOX-DEL-02,8.2,55.84,2025-01-01 13:30:00
BOX-DEL-02,8.31,47.82,2025-01-01 13:40:00
BOX-DEL-02,8.38,58.69,2025-01-01 13:50:00
BOX-DEL-02,8.64,47.54,2025-01-01 14:00:00
BOX-DEL-02,8.9,41.42,2025-01-01 14:10:00
BOX-DEL-02,9.11,43.19,2025-01-01 14:20:00
BOX-DEL-02,9.05,46.6,2025-01-01 14:30:00
BOX-DEL-02,9.09,45.91,2025-01-01 14:40:00
BOX-DEL-02,9.0,53.39,2025-01-01 14:50:00
BOX-DEL-02,8.96,46.28,2025-01-01 15:00:00
BOX-DEL-02,8.86,40.8,2025-01-01 15:10:00
BOX-DEL-02,8.62,57.51,2025-01-01 15:20:00
BOX-DEL-02,8.75,50.75,2025-01-01 15:30:00
BOX-DEL-02,8.5,59.79,2025-01-01 15:40:00
BOX-DEL-02,8.22,46.89,2025-01-01 15:50:00
BOX-DEL-02,8.47,57.64,2025-01-01 16:00:00
BOX-DEL-02,8.67,42.19,2025-01-01 16:10:00
BOX-DEL-02,8.57,55.23,2025-01-01 16:20:00
BOX-DEL-02,8.41,40.31,2025-01-01 16:30:00
BOX-DEL-02,8.19,55.25,2025-01-01 16:40:00
BOX-DEL-02,7.96,41.88,2025-01-01 16:50:00
BOX-DEL-02,8.0,44.53,2025-01-01 17:00:00
BOX-DEL-02,7.71,59.07,2025-01-01 17:10:00
BOX-DEL-02,7.88,59.55,2025-01-01 17:20:00
BOX-DEL-02,7.75,45.13,2025-01-01 17:30:00
BOX-DEL-02,7.58,52.22,2025-01-01 17:40:00
BOX-DEL-02,7.72,56.84,2025-01-01 17:50:00
BOX-DEL-02,7.65,49.41,2025-01-01 18:00:00
BOX-DEL-02,7.73,53.72,2025-01-01 18:10:00
BOX-DEL-02,8.03,47.58,2025-01-01 18:20:00
BOX-DEL-02,7.75,51.92,2025-01-01 18:30:00
BOX-DEL-02,8.03,57.2,2025-01-01 18:40:00
BOX-DEL-02,7.98,42.59,2025-01-01 18:50:00
BOX-DEL-02,7.98,44.68,2025-01-01 19:00:00
BOX-DEL-02,8.09,48.46,2025-01-01 19:10:00
BOX-DEL-02,7.94,46.63,2025-01-01 19:20:00
BOX-DEL-02,7.83,49.73,2025-01-01 19:30:00
BOX-DEL-02,7.92,50.7,2025-01-01 19:40:00
BOX-DEL-02,7.83,47.82,2025-01-01 19:50:00
BOX-DEL-02,7.62,49.34,2025-01-01 20:00:00
BOX-DEL-02,7.49,51.26,2025-01-01 20:10:00
BOX-DEL-02,7.28,52.08,2025-01-01 20:20:00
BOX-DEL-02,7.14,52.57,2025-01-01 20:30:00
BOX-DEL-02,6.91,44.19,2025-01-01 20:40:00
BOX-DEL-02,6.87,51.21,2025-01-01 20:50:00
BOX-DEL-02,7.15,41.81,2025-01-01 21:00:00
BOX-DEL-02,6.95,41.81,2025-01-01 21:10:00
BOX-DEL-02,7.01,52.31,2025-01-01 21:20:00
BOX-DEL-02,7.04,43.91,2025-01-01 21:30:00
BOX-DEL-02,7.16,50.2,2025-01-01 21:40:00
BOX-DEL-02,7.34,40.45,2025-01-01 21:50:00
BOX-DEL-02,7.22,57.73,2025-01-01 22:00:00
BOX-DEL-02,7.31,47.25,2025-01-01 22:10:00
BOX-DEL-02,7.51,44.37,2025-01-01 22:20:00
BOX-DEL-02,7.51,48.78,2025-01-01 22:30:00
BOX-DEL-02,7.33,56.89,2025-01-01 22:40:00
BOX-DEL-02,7.47,43.99,2025-01-01 22:50:00
BOX-DEL-02,7.45,53.28,2025-01-01 23:00:00
BOX-DEL-02,7.54,54.95,2025-01-01 23:10:00
BOX-DEL-02,7.65,42.53,2025-01-01 23:20:00
BOX-DEL-02,7.66,44.69,2025-01-01 23:30:00
BOX-DEL-02,7.41,59.12,2025-01-01 23:40:00
BOX-DEL-02,7.52,45.53,2025-01-01 23:50:00
BOX-DEL-02,7.74,48.84,2025-01-02 00:00:00
BOX-DEL-02,7.92,44.15,2025-01-02 00:10:00
BOX-DEL-02,8.05,41.92,2025-01-02 00:20:00
BOX-DEL-02,8.34,57.1,2025-01-02 00:30:00
BOX-DEL-02,8.56,48.86,2025-01-02 00:40:00
BOX-DEL-02,8.4,47.86,2025-01-02 00:50:00
BOX-DEL-02,8.3,53.54,2025-01-02 01:00:00
BOX-DEL-02,8.32,49.31,2025-01-02 01:10:00
BOX-DEL-02,8.09,53.67,2025-01-02 01:20:00
BOX-DEL-02,8.36,49.39,2025-01-02 01:30:00
BOX-DEL-02,8.16,43.08,2025-01-02 01:40:00
BOX-DEL-02,8.38,44.65,2025-01-02 01:50:00
BOX-DEL-02,8.08,40.32,2025-01-02 02:00:00
BOX-DEL-02,8.21,57.12,2025-01-02 02:10:00
BOX-DEL-02,8.45,47.31,2025-01-02 02:20:00
BOX-DEL-02,8.56,46.59,2025-01-02 02:30:00
BOX-DEL-02,8.63,54.28,2025-01-02 02:40:00
BOX-DEL-02,8.53,49.06,2025-01-02 02:50:00
BOX-DEL-02,8.7,45.29,2025-01-02 03:00:00
BOX-DEL-02,8.62,56.9,2025-01-02 03:10:00
BOX-DEL-02,8.35,58.54,2025-01-02 03:20:00
BOX-DEL-02,8.38,41.71,2025-01-02 03:30:00
BOX-DEL-02,8.25,58.58,2025-01-02 03:40:00
BOX-DEL-02,8.48,48.62,2025-01-02 03:50:00
BOX-DEL-02,8.5,45.44,2025-01-02 04:00:00
BOX-DEL-02,8.38,40.1,2025-01-02 04:10:00
BOX-DEL-02,8.33,41.53,2025-01-02 04:20:00
BOX-DEL-02,8.26,43.15,2025-01-02 04:30:00
BOX-DEL-02,8.37,44.86,2025-01-02 04:40:00
BOX-DEL-02,8.29,53.65,2025-01-02 04:50:00
BOX-DEL-02,8.57,49.33,2025-01-02 05:00:00
BOX-DEL-02,8.29,42.56,2025-01-02 05:10:00
BOX-DEL-02,8.44,40.18,2025-01-02 05:20:00
BOX-DEL-02,8.19,46.18,2025-01-02 05:30:00
BOX-DEL-02,8.45,51.25,2025-01-02 05:40:00
BOX-DEL-02,8.42,46.3,2025-01-02 05:50:00
BOX-DEL-02,8.56,44.25,2025-01-02 06:00:00
BOX-DEL-02,8.68,44.07,2025-01-02 06:10:00
BOX-DEL-02,8.94,55.78,2025-01-02 06:20:00
BOX-DEL-02,9.14,48.85,2025-01-02 06:30:00
BOX-DEL-02,9.21,47.14,2025-01-02 06:40:00
BOX-DEL-02,9.44,49.42,2025-01-02 06:50:00
BOX-DEL-02,9.32,42.63,2025-01-02 07:00:00
BOX-DEL-02,9.59,42.58,2025-01-02 07:10:00
BOX-DEL-02,9.39,44.37,2025-01-02 07:20:00
BOX-DEL-02,9.67,51.07,2025-01-02 07:30:00
BOX-DEL-02,9.56,50.71,2025-01-02 07:40:00
BOX-DEL-02,9.59,59.72,2025-01-02 07:50:00
BOX-DEL-02,9.48,52.85,2025-01-02 08:00:00
BOX-DEL-02,9.23,54.84,2025-01-02 08:10:00
BOX-DEL-02,9.03,56.86,2025-01-02 08:20:00
BOX-DEL-02,8.89,54.61,2025-01-02 08:30:00
BOX-DEL-02,8.9,49.08,2025-01-02 08:40:00
BOX-DEL-02,8.66,58.57,2025-01-02 08:50:00
BOX-DEL-02,8.59,56.15,2025-01-02 09:00:00
BOX-DEL-02,8.32,51.77,2025-01-02 09:10:00
BOX-DEL-02,8.07,43.05,2025-01-02 09:20:00
BOX-DEL-02,8.05,53.67,2025-01-02 09:30:00
BOX-DEL-02,8.07,41.63,2025-01-02 09:40:00
BOX-DEL-02,8.13,51.86,2025-01-02 09:50:00
BOX-DEL-02,8.42,59.75,2025-01-02 10:00:00
BOX-DEL-02,8.49,55.05,2025-01-02 10:10:00
BOX-DEL-02,8.64,53.01,2025-01-02 10:20:00
BOX-DEL-02,8.54,41.54,2025-01-02 10:30:00
BOX-DEL-02,8.64,49.17,2025-01-02 10:40:00
BOX-DEL-02,8.84,46.15,2025-01-02 10:50:00
BOX-DEL-02,9.02,40.49,2025-01-02 11:00:00
BOX-DEL-02,9.18,58.51,2025-01-02 11:10:00
BOX-DEL-02,9.31,49.23,2025-01-02 11:20:00
BOX-DEL-02,9.36,51.72,2025-01-02 11:30:00
BOX-DEL-02,9.56,47.81,2025-01-02 11:40:00
BOX-DEL-02,9.28,56.18,2025-01-02 11:50:00
BOX-DEL-02,9.43,58.37,2025-01-02 12:00:00
BOX-DEL-02,9.73,41.14,2025-01-02 12:10:00
BOX-DEL-02,9.87,49.78,2025-01-02 12:20:00
BOX-DEL-02,9.87,44.23,2025-01-02 12:30:00
BOX-DEL-02,9.7,51.96,2025-01-02 12:40:00
BOX-DEL-02,9.63,47.11,2025-01-02 12:50:00
BOX-DEL-02,9.54,42.9,2025-01-02 13:00:00
BOX-DEL-02,9.73,59.66,2025-01-02 13:10:00
BOX-DEL-02,9.76,51.45,2025-01-02 13:20:00
BOX-DEL-02,9.99,49.73,2025-01-02 13:30:00
BOX-DEL-02,10.12,52.68,2025-01-02 13:40:00
BOX-DEL-02,10.14,49.96,2025-01-02 13:50:00
BOX-DEL-02,10.2,58.51,2025-01-02 14:00:00
BOX-DEL-02,10.28,52.33,2025-01-02 14:10:00
BOX-DEL-02,10.31,52.47,2025-01-02 14:20:00
BOX-DEL-02,10.4,48.08,2025-01-02 14:30:00
BOX-DEL-02,10.53,59.39,2025-01-02 14:40:00
BOX-DEL-02,10.46,50.02,2025-01-02 14:50:00
BOX-DEL-02,10.44,41.66,2025-01-02 15:00:00
BOX-DEL-02,10.26,49.59,2025-01-02 15:10:00
BOX-DEL-02,10.11,52.47,2025-01-02 15:20:00
BOX-DEL-02,10.3,43.06,2025-01-02 15:30:00
BOX-DEL-02,10.42,51.08,2025-01-02 15:40:00
BOX-DEL-02,10.46,49.0,2025-01-02 15:50:00
BOX-DEL-02,10.71,44.84,2025-01-02 16:00:00
BOX-DEL-02,10.56,49.71,2025-01-02 16:10:00
BOX-DEL-02,10.39,44.41,2025-01-02 16:20:00
BOX-DEL-02,10.53,57.88,2025-01-02 16:30:00
BOX-DEL-02,10.74,43.14,2025-01-02 16:40:00
BOX-DEL-02,10.97,40.87,2025-01-02 16:50:00
BOX-DEL-02,10.83,45.86,2025-01-02 17:00:00
BOX-DEL-02,10.83,49.45,2025-01-02 17:10:00
BOX-DEL-02,10.75,47.6,2025-01-02 17:20:00
BOX-DEL-02,11.02,59.14,2025-01-02 17:30:00
BOX-DEL-02,11.05,55.75,2025-01-02 17:40:00
BOX-DEL-02,11.0,51.47,2025-01-02 17:50:00
BOX-DEL-02,10.71,43.67,2025-01-02 18:00:00
BOX-DEL-02,10.45,46.15,2025-01-02 18:10:00
BOX-DEL-02,10.61,57.7,2025-01-02 18:20:00
BOX-DEL-02,10.63,52.29,2025-01-02 18:30:00
BOX-DEL-02,10.91,56.87,2025-01-02 18:40:00
BOX-DEL-02,10.79,47.21,2025-01-02 18:50:00
BOX-DEL-02,10.74,42.32,2025-01-02 19:00:00
BOX-DEL-02,10.97,47.19,2025-01-02 19:10:00
BOX-DEL-02,10.71,55.2,2025-01-02 19:20:00
BOX-DEL-02,10.5,47.02,2025-01-02 19:30:00
BOX-DEL-02,10.24,56.69,2025-01-02 19:40:00
BOX-DEL-02,10.53,59.98,2025-01-02 19:50:00
BOX-DEL-02,10.48,49.83,2025-01-02 20:00:00
BOX-DEL-02,10.33,53.64,2025-01-02 20:10:00
BOX-DEL-02,10.44,45.52,2025-01-02 20:20:00
BOX-DEL-02,10.25,42.78,2025-01-02 20:30:00
BOX-DEL-02,10.15,58.14,2025-01-02 20:40:00
BOX-DEL-02,10.16,53.62,2025-01-02 20:50:00
BOX-DEL-02,10.08,59.36,2025-01-02 21:00:00
BOX-DEL-02,9.84,56.79,2025-01-02 21:10:00
BOX-DEL-02,9.72,49.47,2025-01-02 21:20:00
BOX-DEL-02,10.01,46.27,2025-01-02 21:30:00
BOX-DEL-02,10.2,52.02,2025-01-02 21:40:00
BOX-DEL-02,10.37,46.06,2025-01-02 21:50:00
BOX-DEL-02,10.43,45.7,2025-01-02 22:00:00
BOX-DEL-02,10.66,48.02,2025-01-02 22:10:00
BOX-DEL-02,10.93,57.38,2025-01-02 22:20:00
BOX-DEL-02,11.1,45.74,2025-01-02 22:30:00
BOX-DEL-02,10.89,52.61,2025-01-02 22:40:00
BOX-DEL-02,10.77,42.6,2025-01-02 22:50:00
BOX-DEL-02,10.56,43.33,2025-01-02 23:00:00
BOX-DEL-02,10.37,44.44,2025-01-02 23:10:00
BOX-DEL-02,10.5,48.5,2025-01-02 23:20:00
BOX-DEL-02,10.31,40.14,2025-01-02 23:30:00
BOX-DEL-02,10.49,47.62,2025-01-02 23:40:00
BOX-DEL-02,10.23,42.04,2025-01-02 23:50:00
BOX-DEL-02,10.33,52.4,2025-01-03 00:00:00
BOX-DEL-02,10.42,50.35,2025-01-03 00:10:00
BOX-DEL-02,10.7,42.65,2025-01-03 00:20:00
BOX-DEL-02,10.62,59.38,2025-01-03 00:30:00
BOX-DEL-02,10.37,53.83,2025-01-03 00:40:00
BOX-DEL-02,10.22,56.45,2025-01-03 00:50:00
BOX-DEL-02,10.43,40.29,2025-01-03 01:00:00
BOX-DEL-02,10.43,54.65,2025-01-03 01:10:00
BOX-DEL-02,10.63,42.81,2025-01-03 01:20:00
BOX-DEL-02,10.43,47.16,2025-01-03 01:30:00
BOX-DEL-02,10.71,47.13,2025-01-03 01:40:00
BOX-DEL-02,10.61,42.84,2025-01-03 01:50:00
BOX-DEL-02,10.72,47.38,2025-01-03 02:00:00
BOX-DEL-02,10.68,47.38,2025-01-03 02:10:00
BOX-DEL-02,10.88,54.71,2025-01-03 02:20:00
BOX-DEL-02,11.18,46.85,2025-01-03 02:30:00
BOX-DEL-02,10.91,58.13,2025-01-03 02:40:00
BOX-DEL-02,10.77,40.78,2025-01-03 02:50:00
BOX-DEL-02,10.95,45.79,2025-01-03 03:00:00
BOX-DEL-02,10.7,53.08,2025-01-03 03:10:00
BOX-DEL-02,10.99,52.89,2025-01-03 03:20:00
BOX-DEL-02,11.02,50.3,2025-01-03 03:30:00
BOX-DEL-02,10.8,59.97,2025-01-03 03:40:00
BOX-DEL-02,11.09,51.72,2025-01-03 03:50:00
BOX-DEL-02,11.15,57.51,2025-01-03 04:00:00
BOX-DEL-02,11.42,41.31,2025-01-03 04:10:00
BOX-DEL-02,11.46,56.3,2025-01-03 04:20:00
BOX-DEL-02,11.74,59.38,2025-01-03 04:30:00
BOX-DEL-02,11.65,46.65,2025-01-03 04:40:00
BOX-DEL-02,11.89,51.43,2025-01-03 04:50:00
BOX-DEL-02,12.17,55.39,2025-01-03 05:00:00
BOX-DEL-02,12.26,47.96,2025-01-03 05:10:00
BOX-DEL-02,12.07,43.51,2025-01-03 05:20:00
BOX-DEL-02,11.88,44.12,2025-01-03 05:30:00
BOX-DEL-02,11.97,52.49,2025-01-03 05:40:00
BOX-DEL-02,12.08,51.92,2025-01-03 05:50:00
BOX-DEL-02,12.38,47.54,2025-01-03 06:00:00
BOX-DEL-02,12.22,45.67,2025-01-03 06:10:00
BOX-DEL-02,12.48,57.72,2025-01-03 06:20:00
BOX-DEL-02,12.33,52.01,2025-01-03 06:30:00
BOX-DEL-02,12.39,51.18,2025-01-03 06:40:00
BOX-DEL-02,12.24,54.15,2025-01-03 06:50:00
BOX-DEL-02,12.08,49.61,2025-01-03 07:00:00
BOX-DEL-02,12.23,55.39,2025-01-03 07:10:00
BOX-DEL-02,12.08,48.88,2025-01-03 07:20:00
BOX-DEL-02,12.24,54.68,2025-01-03 07:30:00
BOX-DEL-02,12.48,49.7,2025-01-03 07:40:00
BOX-DEL-02,12.21,45.75,2025-01-03 07:50:00
BOX-DEL-02,12.29,51.09,2025-01-03 08:00:00
BOX-DEL-02,12.28,50.1,2025-01-03 08:10:00
BOX-DEL-02,12.3,54.01,2025-01-03 08:20:00
BOX-DEL-02,12.45,47.83,2025-01-03 08:30:00
BOX-DEL-02,12.72,59.16,2025-01-03 08:40:00
BOX-DEL-02,12.98,57.03,2025-01-03 08:50:00
BOX-DEL-02,12.85,46.61,2025-01-03 09:00:00
BOX-DEL-02,12.84,42.95,2025-01-03 09:10:00
BOX-DEL-02,12.74,41.04,2025-01-03 09:20:00
BOX-DEL-02,12.77,48.31,2025-01-03 09:30:00
BOX-DEL-02,12.91,47.21,2025-01-03 09:40:00
BOX-DEL-02,13.07,43.7,2025-01-03 09:50:00
BOX-DEL-02,13.33,53.47,2025-01-03 10:00:00
BOX-DEL-02,13.39,49.15,2025-01-03 10:10:00
BOX-DEL-02,13.6,49.31,2025-01-03 10:20:00
BOX-DEL-02,13.6,55.19,2025-01-03 10:30:00
BOX-DEL-02,13.51,43.0,2025-01-03 10:40:00
BOX-DEL-02,13.72,56.71,2025-01-03 10:50:00
BOX-DEL-02,13.89,45.18,2025-01-03 11:00:00
BOX-DEL-02,14.12,40.51,2025-01-03 11:10:00
BOX-DEL-02,14.36,42.47,2025-01-03 11:20:00
BOX-DEL-02,14.51,49.35,2025-01-03 11:30:00
BOX-DEL-02,14.72,56.58,2025-01-03 11:40:00
BOX-DEL-02,14.95,46.74,2025-01-03 11:50:00
BOX-DEL-02,15.01,50.36,2025-01-03 12:00:00
BOX-DEL-02,15.29,50.33,2025-01-03 12:10:00
BOX-DEL-02,15.2,51.57,2025-01-03 12:20:00
BOX-DEL-02,15.26,44.28,2025-01-03 12:30:00
BOX-DEL-02,15.12,59.86,2025-01-03 12:40:00
BOX-DEL-02,15.12,57.49,2025-01-03 12:50:00
BOX-DEL-02,15.04,57.6,2025-01-03 13:00:00
BOX-DEL-02,15.09,58.31,2025-01-03 13:10:00
BOX-DEL-02,15.14,47.91,2025-01-03 13:20:00
BOX-DEL-02,15.17,55.19,2025-01-03 13:30:00
BOX-DEL-02,15.21,43.32,2025-01-03 13:40:00
BOX-DEL-02,15.17,51.75,2025-01-03 13:50:00
BOX-DEL-02,15.42,43.32,2025-01-03 14:00:00
BOX-DEL-02,15.25,41.24,2025-01-03 14:10:00
BOX-DEL-02,15.0,50.78,2025-01-03 14:20:00
BOX-DEL-02,14.96,47.12,2025-01-03 14:30:00
BOX-DEL-02,14.97,48.18,2025-01-03 14:40:00
BOX-DEL-02,14.9,45.67,2025-01-03 14:50:00
BOX-DEL-02,14.93,46.63,2025-01-03 15:00:00
BOX-DEL-02,14.67,44.58,2025-01-03 15:10:00
BOX-DEL-02,14.89,54.97,2025-01-03 15:20:00
BOX-DEL-02,15.05,41.41,2025-01-03 15:30:00
BOX-DEL-02,15.25,48.52,2025-01-03 15:40:00
BOX-DEL-02,15.16,46.19,2025-01-03 15:50:00
BOX-DEL-02,15.01,56.41,2025-01-03 16:00:00
BOX-DEL-02,14.84,41.11,2025-01-03 16:10:00
BOX-DEL-02,15.08,51.76,2025-01-03 16:20:00
BOX-DEL-02,15.17,57.33,2025-01-03 16:30:00
BOX-DEL-02,15.44,41.12,2025-01-03 16:40:00
BOX-DEL-02,15.26,54.21,2025-01-03 16:50:00
BOX-DEL-02,15.26,45.88,2025-01-03 17:00:00
BOX-DEL-02,15.14,45.23,2025-01-03 17:10:00
BOX-DEL-02,15.12,49.9,2025-01-03 17:20:00
BOX-DEL-02,15.24,47.03,2025-01-03 17:30:00
BOX-DEL-02,15.13,48.97,2025-01-03 17:40:00
BOX-DEL-02,14.91,58.89,2025-01-03 17:50:00
BOX-DEL-02,14.86,50.71,2025-01-03 18:00:00
BOX-DEL-02,14.67,43.02,2025-01-03 18:10:00
BOX-DEL-02,14.65,55.06,2025-01-03 18:20:00
BOX-DEL-02,14.69,50.87,2025-01-03 18:30:00
BOX-DEL-02,14.87,42.53,2025-01-03 18:40:00
BOX-DEL-02,14.81,43.37,2025-01-03 18:50:00
BOX-DEL-02,14.99,53.26,2025-01-03 19:00:00
BOX-DEL-02,14.71,51.73,2025-01-03 19:10:00
BOX-DEL-02,14.69,43.71,2025-01-03 19:20:00
BOX-DEL-02,14.84,58.41,2025-01-03 19:30:00
BOX-DEL-02,14.64,43.35,2025-01-03 19:40:00
BOX-DEL-02,14.38,59.7,2025-01-03 19:50:00
BOX-DEL-02,14.32,45.52,2025-01-03 20:00:00
BOX-DEL-02,14.2,41.31,2025-01-03 20:10:00
BOX-DEL-02,13.92,42.27,2025-01-03 20:20:00
BOX-DEL-02,13.86,46.0,2025-01-03 20:30:00
BOX-DEL-02,13.79,59.93,2025-01-03 20:40:00
BOX-DEL-02,13.7,47.11,2025-01-03 20:50:00
BOX-DEL-02,13.79,56.42,2025-01-03 21:00:00
BOX-DEL-02,13.82,53.73,2025-01-03 21:10:00
BOX-DEL-02,13.9,40.89,2025-01-03 21:20:00
BOX-DEL-02,13.71,55.48,2025-01-03 21:30:00
BOX-DEL-02,13.72,53.19,2025-01-03 21:40:00
BOX-DEL-02,13.5,45.62,2025-01-03 21:50:00
BOX-DEL-02,13.34,55.64,2025-01-03 22:00:00
BOX-DEL-02,13.39,49.24,2025-01-03 22:10:00
BOX-DEL-02,13.55,58.58,2025-01-03 22:20:00
BOX-DEL-02,13.7,42.31,2025-01-03 22:30:00
BOX-DEL-02,13.7,44.51,2025-01-03 22:40:00
BOX-DEL-02,13.79,46.72,2025-01-03 22:50:00
BOX-DEL-02,13.63,46.24,2025-01-03 23:00:00
BOX-DEL-02,13.93,49.43,2025-01-03 23:10:00
BOX-DEL-02,14.2,54.11,2025-01-03 23:20:00
BOX-DEL-02,14.05,58.28,2025-01-03 23:30:00
BOX-DEL-02,14.17,49.68,2025-01-03 23:40:00
BOX-DEL-02,14.05,58.9,2025-01-03 23:50:00
BOX-DEL-02,14.2,46.68,2025-01-04 00:00:00
BOX-DEL-02,14.25,41.68,2025-01-04 00:10:00
BOX-DEL-02,14.05,41.32,2025-01-04 00:20:00
BOX-DEL-02,14.01,49.73,2025-01-04 00:30:00
BOX-DEL-02,13.84,54.3,2025-01-04 00:40:00
BOX-DEL-02,13.6,48.05,2025-01-04 00:50:00
BOX-DEL-02,13.7,55.26,2025-01-04 01:00:00
BOX-DEL-02,13.91,57.61,2025-01-04 01:10:00
BOX-DEL-02,13.86,40.83,2025-01-04 01:20:00
BOX-DEL-02,13.84,40.07,2025-01-04 01:30:00
BOX-DEL-02,14.0,57.97,2025-01-04 01:40:00
BOX-DEL-02,13.85,50.3,2025-01-04 01:50:00
BOX-DEL-02,13.92,41.59,2025-01-04 02:00:00
BOX-DEL-02,13.65,52.78,2025-01-04 02:10:00
BOX-DEL-02,13.41,49.04,2025-01-04 02:20:00
BOX-DEL-02,13.57,42.46,2025-01-04 02:30:00
BOX-DEL-02,13.39,43.29,2025-01-04 02:40:00
BOX-DEL-02,13.18,51.69,2025-01-04 02:50:00
BOX-DEL-02,13.3,51.69,2025-01-04 03:00:00
BOX-DEL-02,13.6,45.15,2025-01-04 03:10:00
BOX-DEL-02,13.32,57.26,2025-01-04 03:20:00
BOX-DEL-02,13.61,57.88,2025-01-04 03:30:00
BOX-DEL-02,13.84,43.73,2025-01-04 03:40:00
BOX-DEL-02,14.12,46.11,2025-01-04 03:50:00
BOX-DEL-02,14.25,52.64,2025-01-04 04:00:00
BOX-DEL-02,14.0,49.54,2025-01-04 04:10:00
BOX-DEL-02,13.96,53.99,2025-01-04 04:20:00
BOX-DEL-02,13.8,51.14,2025-01-04 04:30:00
BOX-DEL-02,14.0,41.89,2025-01-04 04:40:00
BOX-DEL-02,14.27,49.16,2025-01-04 04:50:00
BOX-DEL-02,14.54,58.02,2025-01-04 05:00:00
BOX-DEL-02,14.7,59.54,2025-01-04 05:10:00
BOX-DEL-02,14.75,43.41,2025-01-04 05:20:00
BOX-DEL-02,14.64,52.1,2025-01-04 05:30:00
BOX-DEL-02,14.86,47.56,2025-01-04 05:40:00
BOX-DEL-02,15.01,50.24,2025-01-04 05:50:00
BOX-DEL-02,15.22,59.41,2025-01-04 06:00:00
BOX-DEL-02,15.23,54.78,2025-01-04 06:10:00
BOX-DEL-02,15.24,56.49,2025-01-04 06:20:00
BOX-DEL-02,15.26,58.7,2025-01-04 06:30:00
BOX-DEL-02,15.43,45.04,2025-01-04 06:40:00
BOX-DEL-02,15.48,42.62,2025-01-04 06:50:00
BOX-DEL-02,15.52,50.07,2025-01-04 07:00:00
BOX-DEL-02,15.25,59.93,2025-01-04 07:10:00
BOX-DEL-02,15.35,41.13,2025-01-04 07:20:00
BOX-DEL-02,15.63,45.39,2025-01-04 07:30:00
BOX-DEL-02,15.42,58.02,2025-01-04 07:40:00
BOX-DEL-02,15.46,47.37,2025-01-04 07:50:00
BOX-DEL-02,15.61,48.3,2025-01-04 08:00:00
BOX-DEL-02,15.48,45.85,2025-01-04 08:10:00
BOX-DEL-02,15.4,42.82,2025-01-04 08:20:00
BOX-DEL-02,15.34,51.36,2025-01-04 08:30:00
BOX-DEL-02,15.43,53.0,2025-01-04 08:40:00
BOX-DEL-02,15.28,46.04,2025-01-04 08:50:00
BOX-DEL-02,15.42,58.21,2025-01-04 09:00:00
BOX-DEL-02,15.22,50.12,2025-01-04 09:10:00
BOX-DEL-02,15.33,43.59,2025-01-04 09:20:00
BOX-DEL-02,15.49,47.43,2025-01-04 09:30:00
BOX-DEL-02,15.69,44.78,2025-01-04 09:40:00
BOX-DEL-02,15.84,48.81,2025-01-04 09:50:00
BOX-DEL-02,15.82,46.62,2025-01-04 10:00:00
BOX-DEL-02,16.12,45.05,2025-01-04 10:10:00
BOX-DEL-02,16.06,49.83,2025-01-04 10:20:00
BOX-DEL-02,16.24,43.54,2025-01-04 10:30:00
BOX-DEL-02,16.51,40.25,2025-01-04 10:40:00
BOX-DEL-02,16.65,54.23,2025-01-04 10:50:00
BOX-DEL-02,16.37,57.0,2025-01-04 11:00:00
BOX-DEL-02,16.49,45.73,2025-01-04 11:10:00
BOX-DEL-02,16.71,52.34,2025-01-04 11:20:00
BOX-DEL-02,16.89,50.24,2025-01-04 11:30:00
BOX-DEL-02,17.17,46.44,2025-01-04 11:40:00
BOX-DEL-02,16.91,56.54,2025-01-04 11:50:00
BOX-DEL-02,16.89,51.45,2025-01-04 12:00:00
BOX-DEL-02,16.67,58.9,2025-01-04 12:10:00
BOX-DEL-02,16.86,57.83,2025-01-04 12:20:00
BOX-DEL-02,16.88,49.91,2025-01-04 12:30:00
BOX-DEL-02,17.04,51.88,2025-01-04 12:40:00
BOX-DEL-02,17.2,52.23,2025-01-04 12:50:00
BOX-DEL-02,17.41,42.52,2025-01-04 13:00:00
BOX-DEL-02,17.16,48.47,2025-01-04 13:10:00
BOX-DEL-02,16.92,46.53,2025-01-04 13:20:00
BOX-DEL-02,16.81,54.37,2025-01-04 13:30:00
BOX-DEL-02,16.72,45.24,2025-01-04 13:40:00
BOX-DEL-02,16.42,53.92,2025-01-04 13:50:00
BOX-DEL-02,16.13,43.26,2025-01-04 14:00:00
BOX-DEL-02,15.84,53.68,2025-01-04 14:10:00
BOX-DEL-02,16.11,56.75,2025-01-04 14:20:00
BOX-DEL-02,15.87,41.61,2025-01-04 14:30:00
BOX-DEL-02,15.65,53.57,2025-01-04 14:40:00
BOX-DEL-02,15.88,40.48,2025-01-04 14:50:00
BOX-DEL-02,15.69,55.93,2025-01-04 15:00:00
BOX-DEL-02,15.73,50.43,2025-01-04 15:10:00
BOX-DEL-02,15.98,57.09,2025-01-04 15:20:00
BOX-DEL-02,16.26,43.89,2025-01-04 15:30:00
BOX-DEL-02,16.07,52.06,2025-01-04 15:40:00
BOX-DEL-02,15.91,48.21,2025-01-04 15:50:00
BOX-DEL-02,16.07,40.2,2025-01-04 16:00:00
BOX-DEL-02,16.29,59.09,2025-01-04 16:10:00
BOX-DEL-02,16.06,58.64,2025-01-04 16:20:00
BOX-DEL-02,16.13,47.57,2025-01-04 16:30:00
BOX-DEL-02,16.1,56.86,2025-01-04 16:40:00
BOX-DEL-02,15.94,40.56,2025-01-04 16:50:00
BOX-DEL-02,15.83,52.98,2025-01-04 17:00:00
BOX-DEL-02,15.89,58.99,2025-01-04 17:10:00
BOX-DEL-02,15.84,55.38,2025-01-04 17:20:00
BOX-DEL-02,15.55,55.08,2025-01-04 17:30:00
BOX-DEL-02,15.36,53.88,2025-01-04 17:40:00
BOX-DEL-02,15.06,56.79,2025-01-04 17:50:00
BOX-DEL-02,15.03,45.33,2025-01-04 18:00:00
BOX-DEL-02,15.3,48.39,2025-01-04 18:10:00
BOX-DEL-02,15.42,48.05,2025-01-04 18:20:00
BOX-DEL-02,15.56,40.97,2025-01-04 18:30:00
BOX-DEL-02,15.35,41.43,2025-01-04 18:40:00
BOX-DEL-02,15.17,46.05,2025-01-04 18:50:00
BOX-DEL-02,15.21,56.84,2025-01-04 19:00:00
BOX-DEL-02,15.49,57.99,2025-01-04 19:10:00
BOX-DEL-02,15.75,47.35,2025-01-04 19:20:00
BOX-DEL-02,15.79,58.59,2025-01-04 19:30:00
BOX-DEL-02,15.73,50.44,2025-01-04 19:40:00
BOX-DEL-02,15.53,50.36,2025-01-04 19:50:00
BOX-DEL-02,15.68,45.08,2025-01-04 20:00:00
BOX-DEL-02,15.82,42.35,2025-01-04 20:10:00
BOX-DEL-02,15.67,59.82,2025-01-04 20:20:00
BOX-DEL-02,15.48,44.1,2025-01-04 20:30:00
BOX-DEL-02,15.42,52.39,2025-01-04 20:40:00
BOX-DEL-02,15.58,54.45,2025-01-04 20:50:00
BOX-DEL-02,15.46,52.38,2025-01-04 21:00:00
BOX-DEL-02,15.22,58.93,2025-01-04 21:10:00
BOX-DEL-02,15.22,42.49,2025-01-04 21:20:00
BOX-DEL-02,15.02,53.34,2025-01-04 21:30:00
BOX-DEL-02,15.23,52.55,2025-01-04 21:40:00
BOX-DEL-02,15.09,53.29,2025-01-04 21:50:00
BOX-DEL-02,15.25,44.32,2025-01-04 22:00:00
BOX-DEL-02,15.36,58.67,2025-01-04 22:10:00
BOX-DEL-02,15.22,56.57,2025-01-04 22:20:00
BOX-DEL-02,15.2,50.62,2025-01-04 22:30:00
BOX-DEL-02,15.14,42.18,2025-01-04 22:40:00
BOX-DEL-02,14.87,54.05,2025-01-04 22:50:00
BOX-DEL-02,15.09,45.72,2025-01-04 23:00:00
BOX-DEL-02,15.34,50.95,2025-01-04 23:10:00
BOX-DEL-02,15.54,47.03,2025-01-04 23:20:00
BOX-DEL-02,15.76,44.16,2025-01-04 23:30:00
BOX-DEL-02,15.63,50.93,2025-01-04 23:40:00
BOX-DEL-02,15.35,53.55,2025-01-04 23:50:00
BOX-DEL-02,15.17,40.77,2025-01-05 00:00:00
BOX-DEL-02,15.17,53.57,2025-01-05 00:10:00
BOX-DEL-02,14.91,58.65,2025-01-05 00:20:00
BOX-DEL-02,14.88,52.7,2025-01-05 00:30:00
BOX-DEL-02,15.16,41.94,2025-01-05 00:40:00
BOX-DEL-02,15.25,50.35,2025-01-05 00:50:00
BOX-DEL-02,15.1,43.29,2025-01-05 01:00:00
BOX-DEL-02,14.93,59.37,2025-01-05 01:10:00
BOX-DEL-02,14.63,58.11,2025-01-05 01:20:00
BOX-DEL-02,14.88,59.23,2025-01-05 01:30:00
BOX-DEL-02,14.75,59.56,2025-01-05 01:40:00
BOX-DEL-02,14.48,50.22,2025-01-05 01:50:00
BOX-DEL-02,14.6,59.44,2025-01-05 02:00:00
BOX-DEL-02,14.82,46.65,2025-01-05 02:10:00
BOX-DEL-02,14.8,49.16,2025-01-05 02:20:00
BOX-DEL-02,14.87,49.36,2025-01-05 02:30:00
BOX-DEL-02,14.79,43.94,2025-01-05 02:40:00
BOX-DEL-02,14.51,40.82,2025-01-05 02:50:00
BOX-DEL-02,14.35,46.79,2025-01-05 03:00:00
BOX-DEL-02,14.29,56.21,2025-01-05 03:10:00
BOX-DEL-02,14.54,43.12,2025-01-05 03:20:00
BOX-DEL-02,14.33,43.79,2025-01-05 03:30:00
BOX-DEL-02,14.22,49.82,2025-01-05 03:40:00
BOX-DEL-02,14.16,47.5,2025-01-05 03:50:00
BOX-DEL-02,14.44,53.18,2025-01-05 04:00:00
BOX-DEL-02,14.28,45.53,2025-01-05 04:10:00
BOX-DEL-02,14.2,56.64,2025-01-05 04:20:00
BOX-DEL-02,14.18,58.09,2025-01-05 04:30:00
BOX-DEL-02,14.19,49.91,2025-01-05 04:40:00
BOX-DEL-02,14.38,51.43,2025-01-05 04:50:00
BOX-DEL-02,14.43,58.18,2025-01-05 05:00:00
BOX-DEL-02,14.23,54.35,2025-01-05 05:10:00
BOX-DEL-02,14.36,49.56,2025-01-05 05:20:00
BOX-DEL-02,14.38,54.16,2025-01-05 05:30:00
BOX-DEL-02,14.54,48.22,2025-01-05 05:40:00
BOX-DEL-02,14.83,53.95,2025-01-05 05:50:00
BOX-DEL-02,14.56,53.77,2025-01-05 06:00:00
BOX-DEL-02,14.35,57.62,2025-01-05 06:10:00
BOX-DEL-02,14.44,59.28,2025-01-05 06:20:00
BOX-DEL-02,14.53,57.05,2025-01-05 06:30:00
BOX-DEL-02,14.52,52.19,2025-01-05 06:40:00
BOX-DEL-02,14.4,58.49,2025-01-05 06:50:00
BOX-DEL-02,14.5,51.4,2025-01-05 07:00:00
BOX-DEL-02,14.24,49.72,2025-01-05 07:10:00
BOX-DEL-02,14.23,50.34,2025-01-05 07:20:00
BOX-DEL-02,14.13,49.73,2025-01-05 07:30:00
BOX-DEL-02,13.96,43.33,2025-01-05 07:40:00
BOX-DEL-02,13.98,54.61,2025-01-05 07:50:00
BOX-DEL-02,13.73,50.74,2025-01-05 08:00:00
BOX-DEL-02,13.92,41.59,2025-01-05 08:10:00
BOX-DEL-02,13.8,52.28,2025-01-05 08:20:00
BOX-DEL-02,13.98,43.86,2025-01-05 08:30:00
BOX-DEL-02,13.77,47.79,2025-01-05 08:40:00
BOX-DEL-02,13.83,40.16,2025-01-05 08:50:00
BOX-DEL-02,14.13,41.55,2025-01-05 09:00:00
BOX-DEL-02,14.3,45.56,2025-01-05 09:10:00
BOX-DEL-02,14.51,49.65,2025-01-05 09:20:00
BOX-DEL-02,14.67,48.21,2025-01-05 09:30:00
BOX-DEL-02,14.96,59.22,2025-01-05 09:40:00
BOX-DEL-02,14.93,54.46,2025-01-05 09:50:00
BOX-DEL-02,15.02,47.75,2025-01-05 10:00:00
BOX-DEL-02,15.21,42.29,2025-01-05 10:10:00
BOX-DEL-02,15.14,43.12,2025-01-05 10:20:00
BOX-DEL-02,15.15,50.22,2025-01-05 10:30:00
BOX-DEL-02,14.92,55.49,2025-01-05 10:40:00
BOX-DEL-02,14.67,42.54,2025-01-05 10:50:00
BOX-DEL-02,14.65,55.18,2025-01-05 11:00:00
BOX-DEL-02,14.69,55.39,2025-01-05 11:10:00
BOX-DEL-02,14.59,50.62,2025-01-05 11:20:00
BOX-DEL-02,14.41,40.13,2025-01-05 11:30:00
BOX-DEL-02,14.67,59.47,2025-01-05 11:40:00
BOX-DEL-02,14.4,44.67,2025-01-05 11:50:00
BOX-DEL-02,14.47,43.84,2025-01-05 12:00:00
BOX-DEL-02,14.27,57.51,2025-01-05 12:10:00
BOX-DEL-02,14.07,43.11,2025-01-05 12:20:00
BOX-DEL-02,14.01,46.79,2025-01-05 12:30:00
BOX-DEL-02,13.91,47.37,2025-01-05 12:40:00
BOX-DEL-02,13.72,48.66,2025-01-05 12:50:00
BOX-DEL-02,13.9,41.84,2025-01-05 13:00:00
BOX-DEL-02,13.89,46.76,2025-01-05 13:10:00
BOX-DEL-02,13.61,44.39,2025-01-05 13:20:00
BOX-DEL-02,13.33,48.92,2025-01-05 13:30:00
BOX-DEL-02,13.15,57.49,2025-01-05 13:40:00
BOX-DEL-02,13.09,48.43,2025-01-05 13:50:00
BOX-DEL-02,13.1,56.73,2025-01-05 14:00:00
BOX-DEL-02,13.03,59.55,2025-01-05 14:10:00
BOX-DEL-02,13.32,42.79,2025-01-05 14:20:00
BOX-DEL-02,13.51,52.96,2025-01-05 14:30:00
BOX-DEL-02,13.73,41.93,2025-01-05 14:40:00
BOX-DEL-02,13.51,42.54,2025-01-05 14:50:00
BOX-DEL-02,13.22,59.18,2025-01-05 15:00:00
BOX-DEL-02,13.24,42.37,2025-01-05 15:10:00
BOX-DEL-02,13.25,48.2,2025-01-05 15:20:00
BOX-DEL-02,13.49,53.45,2025-01-05 15:30:00
BOX-DEL-02,13.78,51.04,2025-01-05 15:40:00
BOX-DEL-02,13.48,51.61,2025-01-05 15:50:00
BOX-DEL-02,13.49,44.08,2025-01-05 16:00:00
BOX-DEL-02,13.67,40.68,2025-01-05 16:10:00
BOX-DEL-02,13.74,59.39,2025-01-05 16:20:00
BOX-DEL-02,13.58,56.3,2025-01-05 16:30:00
BOX-DEL-02,13.58,45.61,2025-01-05 16:40:00
BOX-DEL-02,13.56,44.85,2025-01-05 16:50:00
BOX-DEL-02,13.31,48.41,2025-01-05 17:00:00
BOX-DEL-02,13.15,41.38,2025-01-05 17:10:00
BOX-DEL-02,13.23,41.91,2025-01-05 17:20:00
BOX-DEL-02,12.98,55.1,2025-01-05 17:30:00
BOX-DEL-02,12.95,55.72,2025-01-05 17:40:00
BOX-DEL-02,13.05,44.55,2025-01-05 17:50:00
BOX-DEL-02,12.88,50.5,2025-01-05 18:00:00
BOX-DEL-02,12.78,59.89,2025-01-05 18:10:00
BOX-DEL-02,12.55,57.45,2025-01-05 18:20:00
BOX-DEL-02,12.43,45.35,2025-01-05 18:30:00
BOX-DEL-02,12.21,51.83,2025-01-05 18:40:00
BOX-DEL-02,12.02,56.49,2025-01-05 18:50:00
BOX-DEL-02,12.29,51.56,2025-01-05 19:00:00
BOX-DEL-02,12.05,44.01,2025-01-05 19:10:00
BOX-DEL-02,11.82,43.43,2025-01-05 19:20:00
BOX-DEL-02,11.58,58.04,2025-01-05 19:30:00
BOX-DEL-02,11.49,58.56,2025-01-05 19:40:00
BOX-DEL-02,11.63,53.38,2025-01-05 19:50:00
BOX-DEL-02,11.75,44.02,2025-01-05 20:00:00
BOX-DEL-02,11.56,47.77,2025-01-05 20:10:00
BOX-DEL-02,11.78,48.78,2025-01-05 20:20:00
BOX-DEL-02,11.57,48.77,2025-01-05 20:30:00
BOX-DEL-02,11.3,53.57,2025-01-05 20:40:00
BOX-DEL-02,11.39,43.02,2025-01-05 20:50:00
BOX-DEL-02,11.6,43.1,2025-01-05 21:00:00
BOX-DEL-02,11.78,57.39,2025-01-05 21:10:00
BOX-DEL-02,11.78,52.16,2025-01-05 21:20:00
BOX-DEL-02,12.05,48.51,2025-01-05 21:30:00
BOX-DEL-02,11.87,45.5,2025-01-05 21:40:00
BOX-DEL-02,11.61,46.34,2025-01-05 21:50:00
BOX-DEL-02,11.76,43.34,2025-01-05 22:00:00
BOX-DEL-02,11.64,47.75,2025-01-05 22:10:00
BOX-DEL-02,11.66,54.7,2025-01-05 22:20:00
BOX-DEL-02,11.92,48.95,2025-01-05 22:30:00
BOX-DEL-02,12.16,54.15,2025-01-05 22:40:00
BOX-DEL-02,12.36,51.56,2025-01-05 22:50:00
BOX-DEL-02,12.34,54.13,2025-01-05 23:00:00
BOX-DEL-02,12.17,55.35,2025-01-05 23:10:00
BOX-DEL-02,12.33,57.04,2025-01-05 23:20:00
BOX-DEL-02,12.26,49.01,2025-01-05 23:30:00
BOX-DEL-02,12.48,40.98,2025-01-05 23:40:00
BOX-DEL-02,12.41,55.4,2025-01-05 23:50:00
BOX-DEL-02,12.36,44.86,2025-01-06 00:00:00
BOX-DEL-02,12.12,57.8,2025-01-06 00:10:00
BOX-DEL-02,11.9,52.72,2025-01-06 00:20:00
BOX-DEL-02,11.67,40.55,2025-01-06 00:30:00
BOX-DEL-02,11.91,48.06,2025-01-06 00:40:00
BOX-DEL-02,12.0,42.81,2025-01-06 00:50:00
BOX-DEL-02,11.85,48.06,2025-01-06 01:00:00
BOX-DEL-02,11.79,53.05,2025-01-06 01:10:00
BOX-DEL-02,11.9,48.13,2025-01-06 01:20:00
BOX-DEL-02,12.01,41.42,2025-01-06 01:30:00
BOX-DEL-02,12.01,53.56,2025-01-06 01:40:00
BOX-DEL-02,12.06,52.81,2025-01-06 01:50:00
BOX-DEL-02,12.15,48.79,2025-01-06 02:00:00
BOX-DEL-02,12.25,42.29,2025-01-06 02:10:00
BOX-DEL-02,12.47,50.42,2025-01-06 02:20:00
BOX-DEL-02,12.72,48.77,2025-01-06 02:30:00
BOX-DEL-02,12.87,48.01,2025-01-06 02:40:00
BOX-DEL-02,12.94,56.25,2025-01-06 02:50:00
BOX-DEL-02,12.73,55.73,2025-01-06 03:00:00
BOX-DEL-02,12.45,56.45,2025-01-06 03:10:00
BOX-DEL-02,12.61,59.14,2025-01-06 03:20:00
BOX-DEL-02,12.56,50.25,2025-01-06 03:30:00
BOX-DEL-02,12.8,49.57,2025-01-06 03:40:00
BOX-DEL-02,12.58,45.61,2025-01-06 03:50:00
BOX-DEL-02,12.33,57.56,2025-01-06 04:00:00
BOX-DEL-02,12.32,44.0,2025-01-06 04:10:00
BOX-DEL-02,12.32,51.12,2025-01-06 04:20:00
BOX-DEL-02,12.06,51.47,2025-01-06 04:30:00
BOX-DEL-02,12.18,55.51,2025-01-06 04:40:00
BOX-DEL-02,11.9,49.39,2025-01-06 04:50:00
BOX-DEL-02,12.19,50.52,2025-01-06 05:00:00
BOX-DEL-02,12.37,46.1,2025-01-06 05:10:00
BOX-DEL-02,12.38,58.0,2025-01-06 05:20:00
BOX-DEL-02,12.28,56.05,2025-01-06 05:30:00
BOX-DEL-02,12.54,51.09,2025-01-06 05:40:00
BOX-DEL-02,12.64,44.66,2025-01-06 05:50:00
BOX-DEL-02,12.58,56.15,2025-01-06 06:00:00
BOX-DEL-02,12.71,55.47,2025-01-06 06:10:00
BOX-DEL-02,12.66,48.44,2025-01-06 06:20:00
BOX-DEL-02,12.79,43.71,2025-01-06 06:30:00
BOX-DEL-02,13.0,55.67,2025-01-06 06:40:00
BOX-DEL-02,12.97,44.05,2025-01-06 06:50:00
BOX-DEL-02,12.95,49.21,2025-01-06 07:00:00
BOX-DEL-02,12.74,43.83,2025-01-06 07:10:00
BOX-DEL-02,12.81,48.64,2025-01-06 07:20:00
BOX-DEL-02,12.93,41.91,2025-01-06 07:30:00
BOX-DEL-02,12.81,49.04,2025-01-06 07:40:00
BOX-DEL-02,12.85,43.29,2025-01-06 07:50:00
BOX-DEL-02,12.73,50.21,2025-01-06 08:00:00
BOX-DEL-02,12.77,57.93,2025-01-06 08:10:00
BOX-DEL-02,12.62,51.15,2025-01-06 08:20:00
BOX-DEL-02,12.53,56.64,2025-01-06 08:30:00
BOX-DEL-02,12.34,42.17,2025-01-06 08:40:00
BOX-DEL-02,12.19,57.34,2025-01-06 08:50:00
BOX-DEL-02,12.05,57.9,2025-01-06 09:00:00
BOX-DEL-02,12.17,46.32,2025-01-06 09:10:00
BOX-DEL-02,12.33,52.54,2025-01-06 09:20:00
BOX-DEL-02,12.37,49.09,2025-01-06 09:30:00
BOX-DEL-02,12.6,56.1,2025-01-06 09:40:00
BOX-DEL-02,12.45,42.06,2025-01-06 09:50:00
BOX-DEL-02,12.23,45.31,2025-01-06 10:00:00
BOX-DEL-02,12.09,40.3,2025-01-06 10:10:00
BOX-DEL-02,12.16,46.75,2025-01-06 10:20:00
BOX-DEL-02,12.04,49.73,2025-01-06 10:30:00
BOX-DEL-02,12.2,47.13,2025-01-06 10:40:00
BOX-DEL-02,12.25,44.44,2025-01-06 10:50:00
BOX-DEL-02,12.02,41.06,2025-01-06 11:00:00
BOX-DEL-02,12.31,46.61,2025-01-06 11:10:00
BOX-DEL-02,12.52,55.04,2025-01-06 11:20:00
BOX-DEL-02,12.51,52.7,2025-01-06 11:30:00
BOX-DEL-02,12.66,59.73,2025-01-06 11:40:00
BOX-DEL-02,12.57,48.13,2025-01-06 11:50:00
BOX-DEL-02,12.85,43.18,2025-01-06 12:00:00
BOX-DEL-02,12.66,51.51,2025-01-06 12:10:00
BOX-DEL-02,12.6,46.12,2025-01-06 12:20:00
BOX-DEL-02,12.33,49.48,2025-01-06 12:30:00
BOX-DEL-02,12.61,49.71,2025-01-06 12:40:00
BOX-DEL-02,12.52,47.53,2025-01-06 12:50:00
BOX-DEL-02,12.23,41.76,2025-01-06 13:00:00
BOX-DEL-02,12.22,42.04,2025-01-06 13:10:00
BOX-DEL-02,12.26,49.49,2025-01-06 13:20:00
BOX-DEL-02,12.19,55.12,2025-01-06 13:30:00
BOX-DEL-02,12.01,56.12,2025-01-06 13:40:00
BOX-DEL-02,12.27,56.03,2025-01-06 13:50:00
BOX-DEL-02,12.02,40.27,2025-01-06 14:00:00
BOX-DEL-02,12.1,45.44,2025-01-06 14:10:00
BOX-DEL-02,11.89,49.36,2025-01-06 14:20:00
BOX-DEL-02,12.1,53.27,2025-01-06 14:30:00
BOX-DEL-02,12.38,40.32,2025-01-06 14:40:00
BOX-DEL-02,12.12,59.34,2025-01-06 14:50:00
BOX-DEL-02,12.22,59.3,2025-01-06 15:00:00
BOX-DEL-02,12.15,58.86,2025-01-06 15:10:00
BOX-DEL-02,11.98,40.5,2025-01-06 15:20:00
BOX-DEL-02,11.82,45.9,2025-01-06 15:30:00
BOX-DEL-02,11.88,51.62,2025-01-06 15:40:00
BOX-DEL-02,11.78,55.23,2025-01-06 15:50:00
BOX-DEL-02,11.8,59.59,2025-01-06 16:00:00
BOX-DEL-02,11.63,42.92,2025-01-06 16:10:00
BOX-DEL-02,11.86,40.82,2025-01-06 16:20:00
BOX-DEL-02,11.79,51.02,2025-01-06 16:30:00
BOX-DEL-02,11.59,45.87,2025-01-06 16:40:00
BOX-DEL-02,11.69,43.32,2025-01-06 16:50:00
BOX-DEL-02,11.57,56.2,2025-01-06 17:00:00
BOX-DEL-02,11.32,52.99,2025-01-06 17:10:00
BOX-DEL-02,11.52,42.58,2025-01-06 17:20:00
BOX-DEL-02,11.64,44.33,2025-01-06 17:30:00
BOX-DEL-02,11.57,46.26,2025-01-06 17:40:00
BOX-DEL-02,11.6,50.84,2025-01-06 17:50:00
BOX-DEL-02,11.54,42.36,2025-01-06 18:00:00
BOX-DEL-02,11.56,54.36,2025-01-06 18:10:00
BOX-DEL-02,11.27,43.73,2025-01-06 18:20:00
BOX-DEL-02,11.45,46.95,2025-01-06 18:30:00
BOX-DEL-02,11.3,48.58,2025-01-06 18:40:00
BOX-DEL-02,11.04,57.54,2025-01-06 18:50:00
BOX-DEL-02,11.3,45.69,2025-01-06 19:00:00
BOX-DEL-02,11.35,58.65,2025-01-06 19:10:00
BOX-DEL-02,11.45,41.11,2025-01-06 19:20:00
BOX-DEL-02,11.37,41.71,2025-01-06 19:30:00
BOX-DEL-02,11.37,45.09,2025-01-06 19:40:00
BOX-DEL-02,11.64,44.21,2025-01-06 19:50:00
BOX-DEL-02,11.85,40.78,2025-01-06 20:00:00
BOX-DEL-02,11.88,50.4,2025-01-06 20:10:00
BOX-DEL-02,12.01,47.55,2025-01-06 20:20:00
BOX-DEL-02,12.08,55.61,2025-01-06 20:30:00
BOX-DEL-02,12.11,51.01,2025-01-06 20:40:00
BOX-DEL-02,11.92,54.87,2025-01-06 20:50:00
BOX-DEL-02,11.67,58.46,2025-01-06 21:00:00
BOX-DEL-02,11.94,44.9,2025-01-06 21:10:00
BOX-DEL-02,11.79,57.6,2025-01-06 21:20:00
BOX-DEL-02,11.96,47.41,2025-01-06 21:30:00
BOX-DEL-02,11.71,55.58,2025-01-06 21:40:00
BOX-DEL-02,11.47,56.97,2025-01-06 21:50:00
BOX-DEL-02,11.21,41.54,2025-01-06 22:00:00
BOX-DEL-02,11.48,48.9,2025-01-06 22:10:00
BOX-DEL-02,11.59,44.13,2025-01-06 22:20:00
BOX-DEL-02,11.42,58.17,2025-01-06 22:30:00
BOX-DEL-02,11.14,45.38,2025-01-06 22:40:00
BOX-DEL-02,11.17,50.33,2025-01-06 22:50:00
BOX-DEL-02,11.06,50.21,2025-01-06 23:00:00
BOX-DEL-02,11.06,42.27,2025-01-06 23:10:00
BOX-DEL-02,10.84,54.59,2025-01-06 23:20:00
BOX-DEL-02,10.92,41.45,2025-01-06 23:30:00
BOX-DEL-02,10.96,51.48,2025-01-06 23:40:00
BOX-DEL-02,11.12,49.42,2025-01-06 23:50:00
BOX-DEL-02,10.88,48.45,2025-01-07 00:00:00
BOX-DEL-02,10.7,40.26,2025-01-07 00:10:00
BOX-DEL-02,10.91,40.14,2025-01-07 00:20:00
BOX-DEL-02,11.11,55.27,2025-01-07 00:30:00
BOX-DEL-02,11.17,46.15,2025-01-07 00:40:00
BOX-DEL-02,10.98,52.01,2025-01-07 00:50:00
BOX-DEL-02,10.69,41.3,2025-01-07 01:00:00
BOX-DEL-02,10.94,48.44,2025-01-07 01:10:00
BOX-DEL-02,11.17,58.87,2025-01-07 01:20:00
BOX-DEL-02,11.35,44.56,2025-01-07 01:30:00
BOX-DEL-02,11.23,55.77,2025-01-07 01:40:00
BOX-DEL-02,10.98,46.96,2025-01-07 01:50:00
BOX-DEL-02,11.08,51.12,2025-01-07 02:00:00
BOX-DEL-02,11.36,48.04,2025-01-07 02:10:00
BOX-DEL-02,11.27,57.25,2025-01-07 02:20:00
BOX-DEL-02,11.17,45.08,2025-01-07 02:30:00
BOX-DEL-02,11.41,42.68,2025-01-07 02:40:00
BOX-DEL-02,11.36,52.43,2025-01-07 02:50:00
BOX-DEL-02,11.27,58.17,2025-01-07 03:00:00
BOX-DEL-02,11.47,50.39,2025-01-07 03:10:00
BOX-DEL-02,11.58,58.65,2025-01-07 03:20:00
BOX-DEL-02,11.58,46.82,2025-01-07 03:30:00
BOX-DEL-02,11.79,40.02,2025-01-07 03:40:00
BOX-DEL-02,11.97,41.04,2025-01-07 03:50:00
BOX-DEL-02,12.08,52.8,2025-01-07 04:00:00
BOX-DEL-02,12.11,57.1,2025-01-07 04:10:00
BOX-DEL-02,12.13,56.7,2025-01-07 04:20:00
BOX-DEL-02,12.16,52.23,2025-01-07 04:30:00
BOX-DEL-02,12.42,55.22,2025-01-07 04:40:00
BOX-DEL-02,12.39,43.94,2025-01-07 04:50:00
BOX-DEL-02,12.15,56.13,2025-01-07 05:00:00
BOX-DEL-02,12.45,58.93,2025-01-07 05:10:00
BOX-DEL-02,12.31,52.08,2025-01-07 05:20:00
BOX-DEL-02,12.35,58.73,2025-01-07 05:30:00
BOX-DEL-02,12.28,51.97,2025-01-07 05:40:00
BOX-DEL-02,11.99,58.65,2025-01-07 05:50:00
BOX-DEL-02,12.05,49.79,2025-01-07 06:00:00
BOX-DEL-02,12.09,45.76,2025-01-07 06:10:00
BOX-DEL-02,11.83,59.69,2025-01-07 06:20:00
BOX-DEL-02,11.86,53.44,2025-01-07 06:30:00
BOX-DEL-02,11.93,51.39,2025-01-07 06:40:00
BOX-DEL-02,11.86,40.93,2025-01-07 06:50:00
BOX-DEL-02,11.84,41.6,2025-01-07 07:00:00
BOX-DEL-02,12.06,57.06,2025-01-07 07:10:00
BOX-DEL-02,11.95,42.12,2025-01-07 07:20:00
BOX-DEL-02,11.7,42.17,2025-01-07 07:30:00
BOX-DEL-02,11.99,58.04,2025-01-07 07:40:00
BOX-DEL-02,11.86,40.59,2025-01-07 07:50:00
BOX-DEL-02,12.1,54.59,2025-01-07 08:00:00
BOX-DEL-02,12.32,53.62,2025-01-07 08:10:00
BOX-DEL-02,12.26,55.34,2025-01-07 08:20:00
BOX-DEL-02,12.29,56.01,2025-01-07 08:30:00
BOX-DEL-02,12.39,59.68,2025-01-07 08:40:00
BOX-DEL-02,12.21,47.16,2025-01-07 08:50:00
BOX-DEL-02,12.18,58.26,2025-01-07 09:00:00
BOX-DEL-02,12.05,58.29,2025-01-07 09:10:00
BOX-DEL-02,12.26,40.88,2025-01-07 09:20:00
BOX-DEL-02,12.33,48.81,2025-01-07 09:30:00
BOX-DEL-02,12.2,55.79,2025-01-07 09:40:00
BOX-DEL-02,12.16,52.97,2025-01-07 09:50:00
BOX-DEL-02,11.9,48.38,2025-01-07 10:00:00
BOX-DEL-02,12.0,49.15,2025-01-07 10:10:00
BOX-DEL-02,11.73,44.63,2025-01-07 10:20:00
BOX-DEL-02,11.86,53.96,2025-01-07 10:30:00
BOX-DEL-02,11.77,45.4,2025-01-07 10:40:00
BOX-DEL-02,12.03,43.14,2025-01-07 10:50:00
BOX-DEL-02,12.22,51.83,2025-01-07 11:00:00
BOX-DEL-02,12.0,52.43,2025-01-07 11:10:00
BOX-DEL-02,12.15,44.11,2025-01-07 11:20:00
BOX-DEL-02,12.41,43.7,2025-01-07 11:30:00
BOX-DEL-02,12.23,43.79,2025-01-07 11:40:00
BOX-DEL-02,12.33,46.09,2025-01-07 11:50:00
BOX-DEL-02,12.28,51.45,2025-01-07 12:00:00
BOX-DEL-02,12.06,40.11,2025-01-07 12:10:00
BOX-DEL-02,12.22,42.16,2025-01-07 12:20:00
BOX-DEL-02,12.06,57.44,2025-01-07 12:30:00
BOX-DEL-02,11.84,47.32,2025-01-07 12:40:00
BOX-DEL-02,11.98,40.59,2025-01-07 12:50:00
BOX-DEL-02,12.15,59.59,2025-01-07 13:00:00
BOX-DEL-02,12.14,47.97,2025-01-07 13:10:00
BOX-DEL-02,12.12,49.9,2025-01-07 13:20:00
BOX-DEL-02,12.35,53.77,2025-01-07 13:30:00
BOX-DEL-02,12.46,51.55,2025-01-07 13:40:00
BOX-DEL-02,12.35,41.84,2025-01-07 13:50:00
BOX-DEL-02,12.18,49.65,2025-01-07 14:00:00
BOX-DEL-02,12.34,47.21,2025-01-07 14:10:00
BOX-DEL-02,12.18,45.8,2025-01-07 14:20:00
BOX-DEL-02,12.22,44.77,2025-01-07 14:30:00
BOX-DEL-02,12.49,40.54,2025-01-07 14:40:00
BOX-DEL-02,12.69,55.79,2025-01-07 14:50:00
BOX-DEL-02,12.78,40.98,2025-01-07 15:00:00
BOX-DEL-02,12.96,40.42,2025-01-07 15:10:00
BOX-DEL-02,13.1,47.15,2025-01-07 15:20:00
BOX-DEL-02,13.18,53.27,2025-01-07 15:30:00
BOX-DEL-02,13.23,45.17,2025-01-07 15:40:00
BOX-DEL-02,13.23,44.91,2025-01-07 15:50:00
BOX-DEL-02,13.45,46.25,2025-01-07 16:00:00
BOX-DEL-02,13.35,57.14,2025-01-07 16:10:00
BOX-DEL-02,13.27,41.44,2025-01-07 16:20:00
BOX-DEL-02,13.53,58.15,2025-01-07 16:30:00
BOX-DEL-02,13.35,48.89,2025-01-07 16:40:00
BOX-DEL-02,13.39,56.5,2025-01-07 16:50:00
BOX-DEL-02,13.51,40.18,2025-01-07 17:00:00
BOX-DEL-02,13.38,47.65,2025-01-07 17:10:00
BOX-DEL-02,13.33,40.58,2025-01-07 17:20:00
BOX-DEL-02,13.07,43.29,2025-01-07 17:30:00
BOX-DEL-02,13.15,52.54,2025-01-07 17:40:00
BOX-DEL-02,13.16,52.57,2025-01-07 17:50:00
BOX-DEL-02,13.16,52.67,2025-01-07 18:00:00
BOX-DEL-02,13.45,40.47,2025-01-07 18:10:00
BOX-DEL-02,13.43,40.55,2025-01-07 18:20:00
BOX-DEL-02,13.16,58.3,2025-01-07 18:30:00
BOX-DEL-02,13.19,40.93,2025-01-07 18:40:00
BOX-DEL-02,13.09,44.09,2025-01-07 18:50:00
BOX-DEL-02,13.32,41.89,2025-01-07 19:00:00
BOX-DEL-02,13.26,47.91,2025-01-07 19:10:00
BOX-DEL-02,13.29,48.29,2025-01-07 19:20:00
BOX-DEL-02,13.46,58.02,2025-01-07 19:30:00
BOX-DEL-02,13.17,49.3,2025-01-07 19:40:00
BOX-DEL-02,13.0,45.37,2025-01-07 19:50:00
BOX-DEL-02,13.27,42.82,2025-01-07 20:00:00
BOX-DEL-02,13.24,54.39,2025-01-07 20:10:00
BOX-DEL-02,13.32,54.18,2025-01-07 20:20:00
BOX-DEL-02,13.5,42.62,2025-01-07 20:30:00
BOX-DEL-02,13.6,41.53,2025-01-07 20:40:00
BOX-DEL-02,13.73,55.47,2025-01-07 20:50:00
BOX-DEL-02,13.55,58.39,2025-01-07 21:00:00
BOX-DEL-02,13.33,50.0,2025-01-07 21:10:00
BOX-DEL-02,13.58,42.62,2025-01-07 21:20:00
BOX-DEL-02,13.54,58.28,2025-01-07 21:30:00
BOX-DEL-02,13.24,41.71,2025-01-07 21:40:00
BOX-DEL-02,13.25,42.2,2025-01-07 21:50:00
BOX-DEL-02,13.38,56.04,2025-01-07 22:00:00
BOX-DEL-02,13.1,46.07,2025-01-07 22:10:00
BOX-DEL-02,13.29,43.98,2025-01-07 22:20:00
BOX-DEL-02,13.26,54.97,2025-01-07 22:30:00
BOX-MUM-03,5.09,42.84,2025-01-01 00:00:00
BOX-MUM-03,4.9,53.3,2025-01-01 00:10:00
BOX-MUM-03,4.83,50.42,2025-01-01 00:20:00
BOX-MUM-03,4.7,52.83,2025-01-01 00:30:00
BOX-MUM-03,4.74,57.82,2025-01-01 00:40:00
BOX-MUM-03,4.59,57.89,2025-01-01 00:50:00
BOX-MUM-03,4.39,52.15,2025-01-01 01:00:00
BOX-MUM-03,4.66,56.68,2025-01-01 01:10:00
BOX-MUM-03,4.82,43.81,2025-01-01 01:20:00
BOX-MUM-03,4.53,41.84,2025-01-01 01:30:00
BOX-MUM-03,4.69,57.88,2025-01-01 01:40:00
BOX-MUM-03,4.42,41.79,2025-01-01 01:50:00
BOX-MUM-03,4.5,57.17,2025-01-01 02:00:00
BOX-MUM-03,4.52,49.3,2025-01-01 02:10:00
BOX-MUM-03,4.64,55.77,2025-01-01 02:20:00
BOX-MUM-03,4.51,53.62,2025-01-01 02:30:00
BOX-MUM-03,4.64,51.51,2025-01-01 02:40:00
BOX-MUM-03,4.81,48.79,2025-01-01 02:50:00
BOX-MUM-03,4.63,57.95,2025-01-01 03:00:00
BOX-MUM-03,4.78,52.18,2025-01-01 03:10:00
BOX-MUM-03,4.72,55.54,2025-01-01 03:20:00
BOX-MUM-03,4.58,56.39,2025-01-01 03:30:00
BOX-MUM-03,4.43,49.59,2025-01-01 03:40:00
BOX-MUM-03,4.24,48.48,2025-01-01 03:50:00
BOX-MUM-03,4.34,54.96,2025-01-01 04:00:00
BOX-MUM-03,4.3,51.95,2025-01-01 04:10:00
BOX-MUM-03,4.15,50.78,2025-01-01 04:20:00
BOX-MUM-03,4.41,40.84,2025-01-01 04:30:00
BOX-MUM-03,4.56,41.86,2025-01-01 04:40:00
BOX-MUM-03,4.57,58.34,2025-01-01 04:50:00
BOX-MUM-03,4.67,41.2,2025-01-01 05:00:00
BOX-MUM-03,4.87,42.84,2025-01-01 05:10:00
BOX-MUM-03,5.07,57.0,2025-01-01 05:20:00
BOX-MUM-03,5.07,41.68,2025-01-01 05:30:00
BOX-MUM-03,5.14,50.61,2025-01-01 05:40:00
BOX-MUM-03,4.97,55.62,2025-01-01 05:50:00
BOX-MUM-03,5.08,49.24,2025-01-01 06:00:00
BOX-MUM-03,5.05,57.92,2025-01-01 06:10:00
BOX-MUM-03,5.14,41.91,2025-01-01 06:20:00
BOX-MUM-03,5.44,54.71,2025-01-01 06:30:00
BOX-MUM-03,5.31,46.09,2025-01-01 06:40:00
BOX-MUM-03,5.39,41.0,2025-01-01 06:50:00
BOX-MUM-03,5.64,44.39,2025-01-01 07:00:00
BOX-MUM-03,5.51,50.57,2025-01-01 07:10:00
BOX-MUM-03,5.56,44.04,2025-01-01 07:20:00
BOX-MUM-03,5.3,47.68,2025-01-01 07:30:00
BOX-MUM-03,5.21,51.84,2025-01-01 07:40:00
BOX-MUM-03,5.44,40.76,2025-01-01 07:50:00
BOX-MUM-03,5.51,48.39,2025-01-01 08:00:00
BOX-MUM-03,5.58,57.39,2025-01-01 08:10:00
BOX-MUM-03,5.67,49.41,2025-01-01 08:20:00
BOX-MUM-03,5.56,56.79,2025-01-01 08:30:00
BOX-MUM-03,5.67,46.99,2025-01-01 08:40:00
BOX-MUM-03,5.87,50.43,2025-01-01 08:50:00
BOX-MUM-03,5.83,42.02,2025-01-01 09:00:00
BOX-MUM-03,5.91,41.72,2025-01-01 09:10:00
BOX-MUM-03,5.7,51.12,2025-01-01 09:20:00
BOX-MUM-03,5.48,40.35,2025-01-01 09:30:00
BOX-MUM-03,5.29,56.59,2025-01-01 09:40:00
BOX-MUM-03,5.37,45.01,2025-01-01 09:50:00
BOX-MUM-03,5.26,49.84,2025-01-01 10:00:00
BOX-MUM-03,5.3,46.35,2025-01-01 10:10:00
BOX-MUM-03,5.57,57.02,2025-01-01 10:20:00
BOX-MUM-03,5.46,51.0,2025-01-01 10:30:00
BOX-MUM-03,5.46,42.48,2025-01-01 10:40:00
BOX-MUM-03,5.47,40.16,2025-01-01 10:50:00
BOX-MUM-03,5.52,46.54,2025-01-01 11:00:00
BOX-MUM-03,5.58,49.27,2025-01-01 11:10:00
BOX-MUM-03,5.59,56.64,2025-01-01 11:20:00
BOX-MUM-03,5.71,49.52,2025-01-01 11:30:00
BOX-MUM-03,5.78,45.59,2025-01-01 11:40:00
BOX-MUM-03,5.8,45.38,2025-01-01 11:50:00
BOX-MUM-03,5.83,52.93,2025-01-01 12:00:00
BOX-MUM-03,5.54,44.32,2025-01-01 12:10:00
BOX-MUM-03,5.53,45.78,2025-01-01 12:20:00
BOX-MUM-03,5.57,41.18,2025-01-01 12:30:00
BOX-MUM-03,5.31,40.39,2025-01-01 12:40:00
BOX-MUM-03,5.01,43.77,2025-01-01 12:50:00
BOX-MUM-03,4.74,52.68,2025-01-01 13:00:00
BOX-MUM-03,4.58,58.08,2025-01-01 13:10:00
BOX-MUM-03,4.82,42.77,2025-01-01 13:20:00
BOX-MUM-03,4.84,53.91,2025-01-01 13:30:00
BOX-MUM-03,4.9,58.35,2025-01-01 13:40:00
BOX-MUM-03,4.82,50.86,2025-01-01 13:50:00
BOX-MUM-03,4.96,43.2,2025-01-01 14:00:00
BOX-MUM-03,5.06,48.02,2025-01-01 14:10:00
BOX-MUM-03,4.92,49.23,2025-01-01 14:20:00
BOX-MUM-03,4.96,44.72,2025-01-01 14:30:00
BOX-MUM-03,5.13,41.31,2025-01-01 14:40:00
BOX-MUM-03,5.25,40.85,2025-01-01 14:50:00
BOX-MUM-03,4.99,58.72,2025-01-01 15:00:00
BOX-MUM-03,4.7,49.16,2025-01-01 15:10:00
BOX-MUM-03,4.81,58.35,2025-01-01 15:20:00
BOX-MUM-03,5.05,56.18,2025-01-01 15:30:00
BOX-MUM-03,5.32,59.75,2025-01-01 15:40:00
BOX-MUM-03,5.25,47.89,2025-01-01 15:50:00
BOX-MUM-03,4.98,41.82,2025-01-01 16:00:00
BOX-MUM-03,4.71,46.51,2025-01-01 16:10:00
BOX-MUM-03,4.69,49.02,2025-01-01 16:20:00
BOX-MUM-03,4.74,43.63,2025-01-01 16:30:00
BOX-MUM-03,4.55,44.28,2025-01-01 16:40:00
BOX-MUM-03,4.36,48.92,2025-01-01 16:50:00
BOX-MUM-03,4.47,59.61,2025-01-01 17:00:00
BOX-MUM-03,4.47,51.29,2025-01-01 17:10:00
BOX-MUM-03,4.2,48.7,2025-01-01 17:20:00
BOX-MUM-03,4.32,59.59,2025-01-01 17:30:00
BOX-MUM-03,4.55,58.0,2025-01-01 17:40:00
BOX-MUM-03,4.39,52.89,2025-01-01 17:50:00
BOX-MUM-03,4.63,46.56,2025-01-01 18:00:00
BOX-MUM-03,4.77,48.85,2025-01-01 18:10:00
BOX-MUM-03,4.58,53.08,2025-01-01 18:20:00
BOX-MUM-03,4.4,49.82,2025-01-01 18:30:00
BOX-MUM-03,4.47,55.89,2025-01-01 18:40:00
BOX-MUM-03,4.74,56.36,2025-01-01 18:50:00
BOX-MUM-03,4.58,51.4,2025-01-01 19:00:00
BOX-MUM-03,4.31,52.25,2025-01-01 19:10:00
BOX-MUM-03,4.61,50.81,2025-01-01 19:20:00
BOX-MUM-03,4.63,50.31,2025-01-01 19:30:00
BOX-MUM-03,4.41,45.99,2025-01-01 19:40:00
BOX-MUM-03,4.3,47.15,2025-01-01 19:50:00
BOX-MUM-03,4.08,53.13,2025-01-01 20:00:00
BOX-MUM-03,3.8,50.62,2025-01-01 20:10:00
BOX-MUM-03,3.56,49.86,2025-01-01 20:20:00
BOX-MUM-03,3.66,47.89,2025-01-01 20:30:00
BOX-MUM-03,3.71,47.57,2025-01-01 20:40:00
BOX-MUM-03,3.88,46.95,2025-01-01 20:50:00
BOX-MUM-03,3.61,53.22,2025-01-01 21:00:00
BOX-MUM-03,3.84,59.82,2025-01-01 21:10:00
BOX-MUM-03,3.82,55.9,2025-01-01 21:20:00
BOX-MUM-03,3.85,59.49,2025-01-01 21:30:00
BOX-MUM-03,3.85,49.51,2025-01-01 21:40:00
BOX-MUM-03,3.65,58.0,2025-01-01 21:50:00
BOX-MUM-03,3.54,50.42,2025-01-01 22:00:00
BOX-MUM-03,3.78,43.95,2025-01-01 22:10:00
BOX-MUM-03,3.87,45.16,2025-01-01 22:20:00
BOX-MUM-03,3.9,42.98,2025-01-01 22:30:00
BOX-MUM-03,3.74,44.89,2025-01-01 22:40:00
BOX-MUM-03,3.71,52.19,2025-01-01 22:50:00
BOX-MUM-03,3.7,55.33,2025-01-01 23:00:00
BOX-MUM-03,3.58,48.84,2025-01-01 23:10:00
BOX-MUM-03,3.44,55.84,2025-01-01 23:20:00
BOX-MUM-03,3.49,43.47,2025-01-01 23:30:00
BOX-MUM-03,3.77,50.09,2025-01-01 23:40:00
BOX-MUM-03,3.86,59.21,2025-01-01 23:50:00
BOX-MUM-03,3.78,45.18,2025-01-02 00:00:00
BOX-MUM-03,3.99,50.18,2025-01-02 00:10:00
BOX-MUM-03,4.17,40.3,2025-01-02 00:20:00
BOX-MUM-03,4.24,45.27,2025-01-02 00:30:00
BOX-MUM-03,4.42,56.04,2025-01-02 00:40:00
BOX-MUM-03,4.68,58.85,2025-01-02 00:50:00
BOX-MUM-03,4.46,40.22,2025-01-02 01:00:00
BOX-MUM-03,4.44,48.73,2025-01-02 01:10:00
BOX-MUM-03,4.65,50.2,2025-01-02 01:20:00
BOX-MUM-03,4.82,56.45,2025-01-02 01:30:00
BOX-MUM-03,4.86,45.94,2025-01-02 01:40:00
BOX-MUM-03,4.67,41.66,2025-01-02 01:50:00
BOX-MUM-03,4.93,51.04,2025-01-02 02:00:00
BOX-MUM-03,4.64,59.02,2025-01-02 02:10:00
BOX-MUM-03,4.74,50.15,2025-01-02 02:20:00
BOX-MUM-03,4.82,43.6,2025-01-02 02:30:00
BOX-MUM-03,4.77,51.73,2025-01-02 02:40:00
BOX-MUM-03,4.55,43.32,2025-01-02 02:50:00
BOX-MUM-03,4.41,42.35,2025-01-02 03:00:00
BOX-MUM-03,4.22,57.03,2025-01-02 03:10:00
BOX-MUM-03,3.99,50.77,2025-01-02 03:20:00
BOX-MUM-03,3.99,47.73,2025-01-02 03:30:00
BOX-MUM-03,3.74,40.13,2025-01-02 03:40:00
BOX-MUM-03,3.73,58.85,2025-01-02 03:50:00
BOX-MUM-03,3.61,49.25,2025-01-02 04:00:00
BOX-MUM-03,3.83,48.91,2025-01-02 04:10:00
BOX-MUM-03,4.12,44.16,2025-01-02 04:20:00
BOX-MUM-03,4.13,44.03,2025-01-02 04:30:00
BOX-MUM-03,4.02,44.29,2025-01-02 04:40:00
BOX-MUM-03,4.18,59.75,2025-01-02 04:50:00
BOX-MUM-03,3.94,46.51,2025-01-02 05:00:00
BOX-MUM-03,3.98,49.92,2025-01-02 05:10:00
BOX-MUM-03,3.68,56.28,2025-01-02 05:20:00
BOX-MUM-03,3.48,52.0,2025-01-02 05:30:00
BOX-MUM-03,3.55,52.84,2025-01-02 05:40:00
BOX-MUM-03,3.72,55.46,2025-01-02 05:50:00
BOX-MUM-03,3.79,53.42,2025-01-02 06:00:00
BOX-MUM-03,4.09,49.65,2025-01-02 06:10:00
BOX-MUM-03,4.16,50.87,2025-01-02 06:20:00
BOX-MUM-03,3.96,48.78,2025-01-02 06:30:00
BOX-MUM-03,3.67,45.68,2025-01-02 06:40:00
BOX-MUM-03,3.91,52.2,2025-01-02 06:50:00
BOX-MUM-03,3.69,44.94,2025-01-02 07:00:00
BOX-MUM-03,3.82,43.51,2025-01-02 07:10:00
BOX-MUM-03,3.75,42.28,2025-01-02 07:20:00
BOX-MUM-03,3.83,55.21,2025-01-02 07:30:00
BOX-MUM-03,3.57,45.78,2025-01-02 07:40:00
BOX-MUM-03,3.71,51.4,2025-01-02 07:50:00
BOX-MUM-03,3.77,55.76,2025-01-02 08:00:00
BOX-MUM-03,3.83,40.89,2025-01-02 08:10:00
BOX-MUM-03,3.83,43.33,2025-01-02 08:20:00
BOX-MUM-03,3.53,59.69,2025-01-02 08:30:00
BOX-MUM-03,3.8,49.67,2025-01-02 08:40:00
BOX-MUM-03,4.0,46.74,2025-01-02 08:50:00
BOX-MUM-03,3.86,59.59,2025-01-02 09:00:00
BOX-MUM-03,3.9,42.86,2025-01-02 09:10:00
BOX-MUM-03,3.88,46.93,2025-01-02 09:20:00
BOX-MUM-03,4.13,41.76,2025-01-02 09:30:00
BOX-MUM-03,4.24,44.52,2025-01-02 09:40:00
BOX-MUM-03,4.44,43.02,2025-01-02 09:50:00
BOX-MUM-03,4.54,46.75,2025-01-02 10:00:00
BOX-MUM-03,4.66,57.91,2025-01-02 10:10:00
BOX-MUM-03,4.86,54.01,2025-01-02 10:20:00
BOX-MUM-03,4.84,45.47,2025-01-02 10:30:00
BOX-MUM-03,4.64,59.24,2025-01-02 10:40:00
BOX-MUM-03,4.75,46.19,2025-01-02 10:50:00
BOX-MUM-03,4.82,45.81,2025-01-02 11:00:00
BOX-MUM-03,4.73,47.3,2025-01-02 11:10:00
BOX-MUM-03,4.69,42.92,2025-01-02 11:20:00
BOX-MUM-03,4.87,55.32,2025-01-02 11:30:00
BOX-MUM-03,4.94,55.92,2025-01-02 11:40:00
BOX-MUM-03,4.71,51.67,2025-01-02 11:50:00
BOX-MUM-03,4.61,51.45,2025-01-02 12:00:00
BOX-MUM-03,4.49,50.05,2025-01-02 12:10:00
BOX-MUM-03,4.44,57.49,2025-01-02 12:20:00
BOX-MUM-03,4.5,42.57,2025-01-02 12:30:00
BOX-MUM-03,4.41,59.37,2025-01-02 12:40:00
BOX-MUM-03,4.28,50.72,2025-01-02 12:50:00
BOX-MUM-03,4.26,54.67,2025-01-02 13:00:00
BOX-MUM-03,4.2,48.78,2025-01-02 13:10:00
BOX-MUM-03,4.34,55.09,2025-01-02 13:20:00
BOX-MUM-03,4.4,40.47,2025-01-02 13:30:00
BOX-MUM-03,4.46,52.58,2025-01-02 13:40:00
BOX-MUM-03,4.29,40.42,2025-01-02 13:50:00
BOX-MUM-03,4.16,52.28,2025-01-02 14:00:00
BOX-MUM-03,3.86,55.23,2025-01-02 14:10:00
BOX-MUM-03,4.13,56.08,2025-01-02 14:20:00
BOX-MUM-03,3.98,51.51,2025-01-02 14:30:00
BOX-MUM-03,4.1,51.25,2025-01-02 14:40:00
BOX-MUM-03,3.84,59.87,2025-01-02 14:50:00
BOX-MUM-03,4.03,43.06,2025-01-02 15:00:00
BOX-MUM-03,4.31,41.59,2025-01-02 15:10:00
BOX-MUM-03,4.22,48.25,2025-01-02 15:20:00
BOX-MUM-03,4.16,52.51,2025-01-02 15:30:00
BOX-MUM-03,4.25,42.58,2025-01-02 15:40:00
BOX-MUM-03,4.22,48.76,2025-01-02 15:50:00
BOX-MUM-03,4.22,52.93,2025-01-02 16:00:00
BOX-MUM-03,4.16,41.39,2025-01-02 16:10:00
BOX-MUM-03,4.22,40.21,2025-01-02 16:20:00
BOX-MUM-03,3.96,44.92,2025-01-02 16:30:00
BOX-MUM-03,4.2,41.56,2025-01-02 16:40:00
BOX-MUM-03,4.21,40.26,2025-01-02 16:50:00
BOX-MUM-03,4.11,53.53,2025-01-02 17:00:00
BOX-MUM-03,4.33,41.54,2025-01-02 17:10:00
BOX-MUM-03,4.17,58.25,2025-01-02 17:20:00
BOX-MUM-03,4.32,42.08,2025-01-02 17:30:00
BOX-MUM-03,4.07,56.03,2025-01-02 17:40:00
BOX-MUM-03,4.12,58.07,2025-01-02 17:50:00
BOX-MUM-03,3.92,48.9,2025-01-02 18:00:00
BOX-MUM-03,3.92,46.52,2025-01-02 18:10:00
BOX-MUM-03,3.82,56.73,2025-01-02 18:20:00
BOX-MUM-03,3.92,56.59,2025-01-02 18:30:00
BOX-MUM-03,4.02,41.55,2025-01-02 18:40:00
BOX-MUM-03,4.32,44.55,2025-01-02 18:50:00
BOX-MUM-03,4.57,59.11,2025-01-02 19:00:00
BOX-MUM-03,4.74,42.19,2025-01-02 19:10:00
BOX-MUM-03,4.79,51.77,2025-01-02 19:20:00
BOX-MUM-03,4.68,58.09,2025-01-02 19:30:00
BOX-MUM-03,4.98,40.3,2025-01-02 19:40:00
BOX-MUM-03,5.16,45.23,2025-01-02 19:50:00
BOX-MUM-03,5.26,48.71,2025-01-02 20:00:00
BOX-MUM-03,5.38,49.04,2025-01-02 20:10:00
BOX-MUM-03,5.25,44.38,2025-01-02 20:20:00
BOX-MUM-03,5.35,58.17,2025-01-02 20:30:00
BOX-MUM-03,5.58,41.58,2025-01-02 20:40:00
BOX-MUM-03,5.39,50.56,2025-01-02 20:50:00
BOX-MUM-03,5.22,59.2,2025-01-02 21:00:00
BOX-MUM-03,5.03,41.64,2025-01-02 21:10:00
BOX-MUM-03,4.88,49.22,2025-01-02 21:20:00
BOX-MUM-03,4.91,49.34,2025-01-02 21:30:00
BOX-MUM-03,4.74,42.08,2025-01-02 21:40:00
BOX-MUM-03,4.72,47.34,2025-01-02 21:50:00
BOX-MUM-03,4.96,50.58,2025-01-02 22:00:00
BOX-MUM-03,4.97,46.95,2025-01-02 22:10:00
BOX-MUM-03,4.69,59.23,2025-01-02 22:20:00
BOX-MUM-03,4.52,52.99,2025-01-02 22:30:00
BOX-MUM-03,4.48,58.43,2025-01-02 22:40:00
BOX-MUM-03,4.25,52.16,2025-01-02 22:50:00
BOX-MUM-03,4.02,44.64,2025-01-02 23:00:00
BOX-MUM-03,3.72,54.0,2025-01-02 23:10:00
BOX-MUM-03,3.82,59.71,2025-01-02 23:20:00
BOX-MUM-03,3.98,54.42,2025-01-02 23:30:00
BOX-MUM-03,3.95,49.79,2025-01-02 23:40:00
BOX-MUM-03,3.94,46.06,2025-01-02 23:50:00
BOX-MUM-03,4.09,56.9,2025-01-03 00:00:00
BOX-MUM-03,4.05,56.58,2025-01-03 00:10:00
BOX-MUM-03,4.04,43.16,2025-01-03 00:20:00
BOX-MUM-03,3.77,51.59,2025-01-03 00:30:00
BOX-MUM-03,4.04,46.12,2025-01-03 00:40:00
BOX-MUM-03,3.77,42.31,2025-01-03 00:50:00
BOX-MUM-03,3.92,53.05,2025-01-03 01:00:00
BOX-MUM-03,3.81,59.61,2025-01-03 01:10:00
BOX-MUM-03,3.94,48.58,2025-01-03 01:20:00
BOX-MUM-03,4.12,45.75,2025-01-03 01:30:00
BOX-MUM-03,3.89,59.1,2025-01-03 01:40:00
BOX-MUM-03,4.15,40.85,2025-01-03 01:50:00
BOX-MUM-03,4.26,41.45,2025-01-03 02:00:00
BOX-MUM-03,4.4,53.49,2025-01-03 02:10:00
BOX-MUM-03,4.27,55.42,2025-01-03 02:20:00
BOX-MUM-03,4.42,41.62,2025-01-03 02:30:00
BOX-MUM-03,4.7,55.93,2025-01-03 02:40:00
BOX-MUM-03,4.88,47.67,2025-01-03 02:50:00
BOX-MUM-03,4.92,50.03,2025-01-03 03:00:00
BOX-MUM-03,4.7,54.3,2025-01-03 03:10:00
BOX-MUM-03,4.99,49.25,2025-01-03 03:20:00
BOX-MUM-03,5.19,58.75,2025-01-03 03:30:00
BOX-MUM-03,5.41,40.73,2025-01-03 03:40:00
BOX-MUM-03,5.38,53.96,2025-01-03 03:50:00
BOX-MUM-03,5.42,54.4,2025-01-03 04:00:00
BOX-MUM-03,5.4,40.78,2025-01-03 04:10:00
BOX-MUM-03,5.38,52.56,2025-01-03 04:20:00
BOX-MUM-03,5.37,40.19,2025-01-03 04:30:00
BOX-MUM-03,5.41,41.9,2025-01-03 04:40:00
BOX-MUM-03,5.28,47.86,2025-01-03 04:50:00
BOX-MUM-03,5.22,52.79,2025-01-03 05:00:00
BOX-MUM-03,4.95,55.65,2025-01-03 05:10:00
BOX-MUM-03,4.67,51.68,2025-01-03 05:20:00
BOX-MUM-03,4.61,48.53,2025-01-03 05:30:00
BOX-MUM-03,4.34,51.47,2025-01-03 05:40:00
BOX-MUM-03,4.07,43.15,2025-01-03 05:50:00
BOX-MUM-03,4.09,59.71,2025-01-03 06:00:00
BOX-MUM-03,4.36,52.95,2025-01-03 06:10:00
BOX-MUM-03,4.64,57.03,2025-01-03 06:20:00
BOX-MUM-03,4.9,41.17,2025-01-03 06:30:00
BOX-MUM-03,5.01,50.85,2025-01-03 06:40:00
BOX-MUM-03,4.79,42.36,2025-01-03 06:50:00
BOX-MUM-03,5.06,49.58,2025-01-03 07:00:00
BOX-MUM-03,5.27,54.59,2025-01-03 07:10:00
BOX-MUM-03,5.46,58.19,2025-01-03 07:20:00
BOX-MUM-03,5.39,52.74,2025-01-03 07:30:00
BOX-MUM-03,5.16,41.0,2025-01-03 07:40:00
BOX-MUM-03,4.93,40.26,2025-01-03 07:50:00
BOX-MUM-03,4.63,55.77,2025-01-03 08:00:00
BOX-MUM-03,4.74,44.71,2025-01-03 08:10:00
BOX-MUM-03,4.8,50.48,2025-01-03 08:20:00
BOX-MUM-03,4.58,59.56,2025-01-03 08:30:00
BOX-MUM-03,4.74,42.83,2025-01-03 08:40:00
BOX-MUM-03,4.75,53.38,2025-01-03 08:50:00
BOX-MUM-03,4.9,50.13,2025-01-03 09:00:00
BOX-MUM-03,4.77,41.25,2025-01-03 09:10:00
BOX-MUM-03,4.54,47.53,2025-01-03 09:20:00
BOX-MUM-03,4.27,43.99,2025-01-03 09:30:00
BOX-MUM-03,4.43,41.14,2025-01-03 09:40:00
BOX-MUM-03,4.4,59.0,2025-01-03 09:50:00
BOX-MUM-03,4.14,43.79,2025-01-03 10:00:00
BOX-MUM-03,3.94,50.59,2025-01-03 10:10:00
BOX-MUM-03,3.96,40.98,2025-01-03 10:20:00
BOX-MUM-03,4.13,40.94,2025-01-03 10:30:00
BOX-MUM-03,3.93,57.24,2025-01-03 10:40:00
BOX-MUM-03,3.65,49.67,2025-01-03 10:50:00
BOX-MUM-03,3.74,44.03,2025-01-03 11:00:00
BOX-MUM-03,3.58,43.21,2025-01-03 11:10:00
BOX-MUM-03,3.85,53.53,2025-01-03 11:20:00
BOX-MUM-03,3.92,51.1,2025-01-03 11:30:00
BOX-MUM-03,3.77,41.09,2025-01-03 11:40:00
BOX-MUM-03,3.85,59.19,2025-01-03 11:50:00
BOX-MUM-03,3.89,56.89,2025-01-03 12:00:00
BOX-MUM-03,3.74,54.31,2025-01-03 12:10:00
BOX-MUM-03,4.0,49.05,2025-01-03 12:20:00
BOX-MUM-03,4.28,50.46,2025-01-03 12:30:00
BOX-MUM-03,4.06,51.72,2025-01-03 12:40:00
BOX-MUM-03,4.04,40.22,2025-01-03 12:50:00
BOX-MUM-03,4.16,54.59,2025-01-03 13:00:00
BOX-MUM-03,3.97,44.34,2025-01-03 13:10:00
BOX-MUM-03,3.97,52.03,2025-01-03 13:20:00
BOX-MUM-03,4.15,46.64,2025-01-03 13:30:00
BOX-MUM-03,4.45,48.79,2025-01-03 13:40:00
BOX-MUM-03,4.39,54.3,2025-01-03 13:50:00
BOX-MUM-03,4.14,58.03,2025-01-03 14:00:00
BOX-MUM-03,4.41,40.17,2025-01-03 14:10:00
BOX-MUM-03,4.36,56.93,2025-01-03 14:20:00
BOX-MUM-03,4.15,58.41,2025-01-03 14:30:00
BOX-MUM-03,3.88,40.1,2025-01-03 14:40:00
BOX-MUM-03,3.78,55.79,2025-01-03 14:50:00
BOX-MUM-03,3.56,54.01,2025-01-03 15:00:00
BOX-MUM-03,3.41,42.01,2025-01-03 15:10:00
BOX-MUM-03,3.59,49.04,2025-01-03 15:20:00
BOX-MUM-03,3.65,54.55,2025-01-03 15:30:00
BOX-MUM-03,3.47,51.14,2025-01-03 15:40:00
BOX-MUM-03,3.49,58.36,2025-01-03 15:50:00
BOX-MUM-03,3.27,52.47,2025-01-03 16:00:00
BOX-MUM-03,2.99,55.96,2025-01-03 16:10:00
BOX-MUM-03,3.18,41.76,2025-01-03 16:20:00
BOX-MUM-03,3.05,46.89,2025-01-03 16:30:00
BOX-MUM-03,3.3,44.62,2025-01-03 16:40:00
BOX-MUM-03,3.07,54.89,2025-01-03 16:50:00
BOX-MUM-03,2.92,48.37,2025-01-03 17:00:00
BOX-MUM-03,2.83,41.58,2025-01-03 17:10:00
BOX-MUM-03,2.64,56.02,2025-01-03 17:20:00
BOX-MUM-03,2.79,55.58,2025-01-03 17:30:00
BOX-MUM-03,2.67,47.37,2025-01-03 17:40:00
BOX-MUM-03,2.46,58.78,2025-01-03 17:50:00
BOX-MUM-03,2.42,48.44,2025-01-03 18:00:00
BOX-MUM-03,2.43,45.66,2025-01-03 18:10:00
BOX-MUM-03,2.18,45.82,2025-01-03 18:20:00
BOX-MUM-03,2.0,44.76,2025-01-03 18:30:00
BOX-MUM-03,1.94,48.52,2025-01-03 18:40:00
BOX-MUM-03,2.18,47.21,2025-01-03 18:50:00
BOX-MUM-03,1.96,50.72,2025-01-03 19:00:00
BOX-MUM-03,1.83,46.76,2025-01-03 19:10:00
BOX-MUM-03,1.62,40.92,2025-01-03 19:20:00
BOX-MUM-03,1.35,54.42,2025-01-03 19:30:00
BOX-MUM-03,1.51,57.32,2025-01-03 19:40:00
BOX-MUM-03,1.27,58.01,2025-01-03 19:50:00
BOX-MUM-03,1.51,45.58,2025-01-03 20:00:00
BOX-MUM-03,1.8,44.12,2025-01-03 20:10:00
BOX-MUM-03,1.57,58.68,2025-01-03 20:20:00
BOX-MUM-03,1.7,58.15,2025-01-03 20:30:00
BOX-MUM-03,1.75,41.64,2025-01-03 20:40:00
BOX-MUM-03,1.51,58.92,2025-01-03 20:50:00
BOX-MUM-03,1.41,51.83,2025-01-03 21:00:00
BOX-MUM-03,1.46,44.37,2025-01-03 21:10:00
BOX-MUM-03,1.47,44.82,2025-01-03 21:20:00
BOX-MUM-03,1.74,42.3,2025-01-03 21:30:00
BOX-MUM-03,1.54,42.53,2025-01-03 21:40:00
BOX-MUM-03,1.65,40.47,2025-01-03 21:50:00
BOX-MUM-03,1.64,40.5,2025-01-03 22:00:00
BOX-MUM-03,1.77,49.33,2025-01-03 22:10:00
BOX-MUM-03,1.83,59.91,2025-01-03 22:20:00
BOX-MUM-03,1.84,42.12,2025-01-03 22:30:00
BOX-MUM-03,1.67,46.15,2025-01-03 22:40:00
BOX-MUM-03,1.95,54.54,2025-01-03 22:50:00
BOX-MUM-03,2.0,52.67,2025-01-03 23:00:00
BOX-MUM-03,1.89,55.97,2025-01-03 23:10:00
BOX-MUM-03,1.83,44.41,2025-01-03 23:20:00
BOX-MUM-03,2.11,52.97,2025-01-03 23:30:00
BOX-MUM-03,1.97,40.25,2025-01-03 23:40:00
BOX-MUM-03,2.18,52.34,2025-01-03 23:50:00
BOX-MUM-03,2.03,49.79,2025-01-04 00:00:00
BOX-MUM-03,2.13,49.49,2025-01-04 00:10:00
BOX-MUM-03,2.06,57.4,2025-01-04 00:20:00
BOX-MUM-03,2.27,51.03,2025-01-04 00:30:00
BOX-MUM-03,2.15,47.83,2025-01-04 00:40:00
BOX-MUM-03,1.89,43.2,2025-01-04 00:50:00
BOX-MUM-03,2.09,59.47,2025-01-04 01:00:00
BOX-MUM-03,1.91,47.09,2025-01-04 01:10:00
BOX-MUM-03,1.72,45.79,2025-01-04 01:20:00
BOX-MUM-03,1.92,47.3,2025-01-04 01:30:00
BOX-MUM-03,1.87,45.73,2025-01-04 01:40:00
BOX-MUM-03,1.88,54.05,2025-01-04 01:50:00
BOX-MUM-03,1.65,48.15,2025-01-04 02:00:00
BOX-MUM-03,1.57,49.37,2025-01-04 02:10:00
BOX-MUM-03,1.63,41.68,2025-01-04 02:20:00
BOX-MUM-03,1.69,49.83,2025-01-04 02:30:00
BOX-MUM-03,1.64,57.61,2025-01-04 02:40:00
BOX-MUM-03,1.54,41.61,2025-01-04 02:50:00
BOX-MUM-03,1.29,46.31,2025-01-04 03:00:00
BOX-MUM-03,1.51,58.33,2025-01-04 03:10:00
BOX-MUM-03,1.4,54.7,2025-01-04 03:20:00
BOX-MUM-03,1.67,50.2,2025-01-04 03:30:00
BOX-MUM-03,1.68,50.04,2025-01-04 03:40:00
BOX-MUM-03,1.47,58.53,2025-01-04 03:50:00
BOX-MUM-03,1.54,46.48,2025-01-04 04:00:00
BOX-MUM-03,1.31,46.72,2025-01-04 04:10:00
BOX-MUM-03,1.04,42.39,2025-01-04 04:20:00
BOX-MUM-03,1.01,59.03,2025-01-04 04:30:00
BOX-MUM-03,0.91,54.44,2025-01-04 04:40:00
BOX-MUM-03,1.06,45.65,2025-01-04 04:50:00
BOX-MUM-03,0.76,59.94,2025-01-04 05:00:00
BOX-MUM-03,0.94,58.52,2025-01-04 05:10:00
BOX-MUM-03,1.13,55.64,2025-01-04 05:20:00
BOX-MUM-03,0.93,58.07,2025-01-04 05:30:00
BOX-MUM-03,0.79,41.22,2025-01-04 05:40:00
BOX-MUM-03,0.82,53.67,2025-01-04 05:50:00
BOX-MUM-03,0.77,42.47,2025-01-04 06:00:00
BOX-MUM-03,0.87,58.76,2025-01-04 06:10:00
BOX-MUM-03,1.0,57.87,2025-01-04 06:20:00
BOX-MUM-03,1.11,52.45,2025-01-04 06:30:00
BOX-MUM-03,1.4,56.5,2025-01-04 06:40:00
BOX-MUM-03,1.31,56.9,2025-01-04 06:50:00
BOX-MUM-03,1.43,54.41,2025-01-04 07:00:00
BOX-MUM-03,1.68,48.5,2025-01-04 07:10:00
BOX-MUM-03,1.42,53.12,2025-01-04 07:20:00
BOX-MUM-03,1.15,47.96,2025-01-04 07:30:00
BOX-MUM-03,0.98,40.44,2025-01-04 07:40:00
BOX-MUM-03,0.84,43.92,2025-01-04 07:50:00
BOX-MUM-03,1.1,41.21,2025-01-04 08:00:00
BOX-MUM-03,1.23,53.11,2025-01-04 08:10:00
BOX-MUM-03,1.47,46.03,2025-01-04 08:20:00
BOX-MUM-03,1.38,46.91,2025-01-04 08:30:00
BOX-MUM-03,1.38,49.73,2025-01-04 08:40:00
BOX-MUM-03,1.38,44.19,2025-01-04 08:50:00
BOX-MUM-03,1.45,55.6,2025-01-04 09:00:00
BOX-MUM-03,1.44,41.06,2025-01-04 09:10:00
BOX-MUM-03,1.16,58.24,2025-01-04 09:20:00
BOX-MUM-03,1.33,47.21,2025-01-04 09:30:00
BOX-MUM-03,1.43,44.66,2025-01-04 09:40:00
BOX-MUM-03,1.14,42.48,2025-01-04 09:50:00
BOX-MUM-03,0.92,51.39,2025-01-04 10:00:00
BOX-MUM-03,0.95,46.44,2025-01-04 10:10:00
BOX-MUM-03,0.76,58.21,2025-01-04 10:20:00
BOX-MUM-03,0.8,46.82,2025-01-04 10:30:00
BOX-MUM-03,1.07,42.96,2025-01-04 10:40:00
BOX-MUM-03,1.03,50.78,2025-01-04 10:50:00
BOX-MUM-03,0.79,59.54,2025-01-04 11:00:00
BOX-MUM-03,0.98,41.14,2025-01-04 11:10:00
BOX-MUM-03,0.83,49.71,2025-01-04 11:20:00
BOX-MUM-03,0.85,50.49,2025-01-04 11:30:00
BOX-MUM-03,0.9,49.96,2025-01-04 11:40:00
BOX-MUM-03,0.98,52.29,2025-01-04 11:50:00
BOX-MUM-03,0.73,59.82,2025-01-04 12:00:00
BOX-MUM-03,0.48,57.26,2025-01-04 12:10:00
BOX-MUM-03,0.32,58.56,2025-01-04 12:20:00
BOX-MUM-03,0.48,48.86,2025-01-04 12:30:00
BOX-MUM-03,0.28,46.7,2025-01-04 12:40:00
BOX-MUM-03,0.05,42.78,2025-01-04 12:50:00
BOX-MUM-03,-0.02,58.41,2025-01-04 13:00:00
BOX-MUM-03,0.21,51.04,2025-01-04 13:10:00
BOX-MUM-03,0.14,43.02,2025-01-04 13:20:00
BOX-MUM-03,0.18,57.52,2025-01-04 13:30:00
BOX-MUM-03,0.2,56.3,2025-01-04 13:40:00
BOX-MUM-03,0.41,43.97,2025-01-04 13:50:00
BOX-MUM-03,0.48,58.65,2025-01-04 14:00:00
BOX-MUM-03,0.47,57.46,2025-01-04 14:10:00
BOX-MUM-03,0.56,42.85,2025-01-04 14:20:00
BOX-MUM-03,0.38,46.36,2025-01-04 14:30:00
BOX-MUM-03,0.39,54.69,2025-01-04 14:40:00
BOX-MUM-03,0.19,49.15,2025-01-04 14:50:00
BOX-MUM-03,-0.1,42.3,2025-01-04 15:00:00
BOX-MUM-03,-0.11,57.45,2025-01-04 15:10:00
BOX-MUM-03,-0.16,52.14,2025-01-04 15:20:00
BOX-MUM-03,-0.01,41.33,2025-01-04 15:30:00
BOX-MUM-03,0.24,42.64,2025-01-04 15:40:00
BOX-MUM-03,-0.01,51.15,2025-01-04 15:50:00
BOX-MUM-03,0.2,49.91,2025-01-04 16:00:00
BOX-MUM-03,0.39,52.21,2025-01-04 16:10:00
BOX-MUM-03,0.45,55.68,2025-01-04 16:20:00
BOX-MUM-03,0.43,49.54,2025-01-04 16:30:00
BOX-MUM-03,0.35,59.67,2025-01-04 16:40:00
BOX-MUM-03,0.1,48.19,2025-01-04 16:50:00
BOX-MUM-03,-0.13,49.96,2025-01-04 17:00:00
BOX-MUM-03,-0.09,57.41,2025-01-04 17:10:00
BOX-MUM-03,-0.12,59.93,2025-01-04 17:20:00
BOX-MUM-03,0.05,53.01,2025-01-04 17:30:00
BOX-MUM-03,0.17,40.5,2025-01-04 17:40:00
BOX-MUM-03,-0.09,45.86,2025-01-04 17:50:00
BOX-MUM-03,-0.11,49.5,2025-01-04 18:00:00
BOX-MUM-03,-0.06,57.14,2025-01-04 18:10:00
BOX-MUM-03,-0.09,41.32,2025-01-04 18:20:00
BOX-MUM-03,0.19,51.57,2025-01-04 18:30:00
BOX-MUM-03,-0.08,47.85,2025-01-04 18:40:00
BOX-MUM-03,0.2,42.11,2025-01-04 18:50:00
BOX-MUM-03,0.13,44.57,2025-01-04 19:00:00
BOX-MUM-03,-0.06,55.88,2025-01-04 19:10:00
BOX-MUM-03,0.08,42.24,2025-01-04 19:20:00
BOX-MUM-03,0.31,53.9,2025-01-04 19:30:00
BOX-MUM-03,0.17,45.13,2025-01-04 19:40:00
BOX-MUM-03,0.11,54.34,2025-01-04 19:50:00
BOX-MUM-03,-0.14,55.01,2025-01-04 20:00:00
BOX-MUM-03,-0.42,48.92,2025-01-04 20:10:00
BOX-MUM-03,-0.18,51.61,2025-01-04 20:20:00
BOX-MUM-03,-0.02,47.52,2025-01-04 20:30:00
BOX-MUM-03,-0.12,59.91,2025-01-04 20:40:00
BOX-MUM-03,0.03,56.74,2025-01-04 20:50:00
BOX-MUM-03,0.09,51.03,2025-01-04 21:00:00
BOX-MUM-03,0.16,53.27,2025-01-04 21:10:00
BOX-MUM-03,0.19,45.01,2025-01-04 21:20:00
BOX-MUM-03,0.06,49.71,2025-01-04 21:30:00
BOX-MUM-03,0.23,56.19,2025-01-04 21:40:00
BOX-MUM-03,0.51,45.96,2025-01-04 21:50:00
BOX-MUM-03,0.5,49.39,2025-01-04 22:00:00
BOX-MUM-03,0.23,40.19,2025-01-04 22:10:00
BOX-MUM-03,0.14,50.93,2025-01-04 22:20:00
BOX-MUM-03,0.15,49.62,2025-01-04 22:30:00
BOX-MUM-03,-0.11,49.04,2025-01-04 22:40:00
BOX-MUM-03,-0.26,41.33,2025-01-04 22:50:00
BOX-MUM-03,-0.02,43.34,2025-01-04 23:00:00
BOX-MUM-03,0.22,49.47,2025-01-04 23:10:00
BOX-MUM-03,0.07,59.8,2025-01-04 23:20:00
BOX-MUM-03,-0.21,51.4,2025-01-04 23:30:00
BOX-MUM-03,-0.2,48.18,2025-01-04 23:40:00
BOX-MUM-03,0.08,59.81,2025-01-04 23:50:00
BOX-MUM-03,-0.09,40.84,2025-01-05 00:00:00
BOX-MUM-03,-0.17,55.94,2025-01-05 00:10:00
BOX-MUM-03,-0.03,40.79,2025-01-05 00:20:00
BOX-MUM-03,-0.07,55.12,2025-01-05 00:30:00
BOX-MUM-03,-0.34,44.83,2025-01-05 00:40:00
BOX-MUM-03,-0.13,44.67,2025-01-05 00:50:00
BOX-MUM-03,-0.12,51.63,2025-01-05 01:00:00
BOX-MUM-03,0.04,59.31,2025-01-05 01:10:00
BOX-MUM-03,0.28,52.95,2025-01-05 01:20:00
BOX-MUM-03,0.52,56.38,2025-01-05 01:30:00
BOX-MUM-03,0.64,52.39,2025-01-05 01:40:00
BOX-MUM-03,0.57,50.19,2025-01-05 01:50:00
BOX-MUM-03,0.69,50.23,2025-01-05 02:00:00
BOX-MUM-03,0.83,50.8,2025-01-05 02:10:00
BOX-MUM-03,1.12,40.65,2025-01-05 02:20:00
BOX-MUM-03,1.39,52.35,2025-01-05 02:30:00
BOX-MUM-03,1.17,48.04,2025-01-05 02:40:00
BOX-MUM-03,0.98,54.79,2025-01-05 02:50:00
BOX-MUM-03,1.16,55.63,2025-01-05 03:00:00
BOX-MUM-03,0.96,42.16,2025-01-05 03:10:00
BOX-MUM-03,0.94,46.93,2025-01-05 03:20:00
BOX-MUM-03,0.85,53.76,2025-01-05 03:30:00
BOX-MUM-03,0.72,57.14,2025-01-05 03:40:00
BOX-MUM-03,1.0,56.63,2025-01-05 03:50:00
BOX-MUM-03,1.14,54.0,2025-01-05 04:00:00
BOX-MUM-03,1.06,47.15,2025-01-05 04:10:00
BOX-MUM-03,1.19,48.09,2025-01-05 04:20:00
BOX-MUM-03,1.47,48.49,2025-01-05 04:30:00
BOX-MUM-03,1.73,57.01,2025-01-05 04:40:00
BOX-MUM-03,1.92,58.49,2025-01-05 04:50:00
BOX-MUM-03,1.87,47.95,2025-01-05 05:00:00
BOX-MUM-03,1.81,42.94,2025-01-05 05:10:00
BOX-MUM-03,1.69,50.73,2025-01-05 05:20:00
BOX-MUM-03,1.72,41.97,2025-01-05 05:30:00
BOX-MUM-03,1.79,53.53,2025-01-05 05:40:00
BOX-MUM-03,1.57,58.93,2025-01-05 05:50:00
BOX-MUM-03,1.68,48.02,2025-01-05 06:00:00
BOX-MUM-03,1.65,53.98,2025-01-05 06:10:00
BOX-MUM-03,1.78,47.97,2025-01-05 06:20:00
BOX-MUM-03,1.65,54.69,2025-01-05 06:30:00
BOX-MUM-03,1.77,54.69,2025-01-05 06:40:00
BOX-MUM-03,1.72,44.83,2025-01-05 06:50:00
BOX-MUM-03,1.61,52.01,2025-01-05 07:00:00
BOX-MUM-03,1.8,57.04,2025-01-05 07:10:00
BOX-MUM-03,2.09,50.71,2025-01-05 07:20:00
BOX-MUM-03,2.03,47.09,2025-01-05 07:30:00
BOX-MUM-03,2.06,57.15,2025-01-05 07:40:00
BOX-MUM-03,1.77,43.2,2025-01-05 07:50:00
BOX-MUM-03,1.93,52.49,2025-01-05 08:00:00
BOX-MUM-03,1.66,58.69,2025-01-05 08:10:00
BOX-MUM-03,1.52,55.15,2025-01-05 08:20:00
BOX-MUM-03,1.8,49.78,2025-01-05 08:30:00
BOX-MUM-03,1.96,50.79,2025-01-05 08:40:00
BOX-MUM-03,1.66,40.71,2025-01-05 08:50:00
BOX-MUM-03,1.57,45.4,2025-01-05 09:00:00
BOX-MUM-03,1.71,49.48,2025-01-05 09:10:00
BOX-MUM-03,1.48,55.88,2025-01-05 09:20:00
BOX-MUM-03,1.58,49.1,2025-01-05 09:30:00
BOX-MUM-03,1.58,40.43,2025-01-05 09:40:00
BOX-MUM-03,1.76,51.66,2025-01-05 09:50:00
BOX-MUM-03,1.65,53.1,2025-01-05 10:00:00
BOX-MUM-03,1.81,52.03,2025-01-05 10:10:00
BOX-MUM-03,1.8,59.54,2025-01-05 10:20:00
BOX-MUM-03,1.64,44.37,2025-01-05 10:30:00
BOX-MUM-03,1.62,54.83,2025-01-05 10:40:00
BOX-MUM-03,1.34,48.19,2025-01-05 10:50:00
BOX-MUM-03,1.45,55.45,2025-01-05 11:00:00
BOX-MUM-03,1.4,51.43,2025-01-05 11:10:00
BOX-MUM-03,1.17,43.97,2025-01-05 11:20:00
BOX-MUM-03,1.09,53.22,2025-01-05 11:30:00
BOX-MUM-03,0.83,58.7,2025-01-05 11:40:00
BOX-MUM-03,0.64,48.09,2025-01-05 11:50:00
BOX-MUM-03,0.8,55.68,2025-01-05 12:00:00
BOX-MUM-03,1.0,41.28,2025-01-05 12:10:00
BOX-MUM-03,1.29,40.54,2025-01-05 12:20:00
BOX-MUM-03,1.08,57.2,2025-01-05 12:30:00
BOX-MUM-03,0.85,47.03,2025-01-05 12:40:00
BOX-MUM-03,0.75,54.61,2025-01-05 12:50:00
BOX-MUM-03,0.84,43.45,2025-01-05 13:00:00
BOX-MUM-03,0.58,47.32,2025-01-05 13:10:00
BOX-MUM-03,0.87,59.95,2025-01-05 13:20:00
BOX-MUM-03,0.75,43.21,2025-01-05 13:30:00
BOX-MUM-03,0.56,40.43,2025-01-05 13:40:00
BOX-MUM-03,0.73,59.83,2025-01-05 13:50:00
BOX-MUM-03,0.65,46.64,2025-01-05 14:00:00
BOX-MUM-03,0.7,40.82,2025-01-05 14:10:00
BOX-MUM-03,0.58,54.52,2025-01-05 14:20:00
BOX-MUM-03,0.79,59.81,2025-01-05 14:30:00
BOX-MUM-03,0.8,42.2,2025-01-05 14:40:00
BOX-MUM-03,0.88,46.1,2025-01-05 14:50:00
BOX-MUM-03,0.93,54.3,2025-01-05 15:00:00
BOX-MUM-03,0.78,47.55,2025-01-05 15:10:00
BOX-MUM-03,0.75,44.35,2025-01-05 15:20:00
BOX-MUM-03,0.47,59.26,2025-01-05 15:30:00
BOX-MUM-03,0.35,55.05,2025-01-05 15:40:00
BOX-MUM-03,0.2,53.13,2025-01-05 15:50:00
BOX-MUM-03,0.33,54.96,2025-01-05 16:00:00
BOX-MUM-03,0.23,48.76,2025-01-05 16:10:00
BOX-MUM-03,0.45,47.78,2025-01-05 16:20:00
BOX-MUM-03,0.55,47.74,2025-01-05 16:30:00
BOX-MUM-03,0.52,40.34,2025-01-05 16:40:00
BOX-MUM-03,0.29,53.6,2025-01-05 16:50:00
BOX-MUM-03,0.51,48.13,2025-01-05 17:00:00
BOX-MUM-03,0.31,40.95,2025-01-05 17:10:00
BOX-MUM-03,0.54,48.61,2025-01-05 17:20:00
BOX-MUM-03,0.43,40.47,2025-01-05 17:30:00
BOX-MUM-03,0.2,48.99,2025-01-05 17:40:00
BOX-MUM-03,0.24,44.9,2025-01-05 17:50:00
BOX-MUM-03,-0.0,44.11,2025-01-05 18:00:00
BOX-MUM-03,0.02,46.39,2025-01-05 18:10:00
BOX-MUM-03,0.03,41.38,2025-01-05 18:20:00
BOX-MUM-03,-0.23,41.87,2025-01-05 18:30:00
BOX-MUM-03,-0.18,43.54,2025-01-05 18:40:00
BOX-MUM-03,0.01,56.38,2025-01-05 18:50:00
BOX-MUM-03,-0.16,51.31,2025-01-05 19:00:00
BOX-MUM-03,-0.06,49.09,2025-01-05 19:10:00
BOX-MUM-03,0.08,46.26,2025-01-05 19:20:00
BOX-MUM-03,0.36,41.67,2025-01-05 19:30:00
BOX-MUM-03,0.6,40.36,2025-01-05 19:40:00
BOX-MUM-03,0.59,51.1,2025-01-05 19:50:00
BOX-MUM-03,0.87,55.81,2025-01-05 20:00:00
BOX-MUM-03,1.05,54.49,2025-01-05 20:10:00
BOX-MUM-03,0.8,54.56,2025-01-05 20:20:00
BOX-MUM-03,0.93,56.1,2025-01-05 20:30:00
BOX-MUM-03,0.9,56.9,2025-01-05 20:40:00
BOX-MUM-03,0.95,56.35,2025-01-05 20:50:00
BOX-MUM-03,0.76,49.34,2025-01-05 21:00:00
BOX-MUM-03,0.94,47.44,2025-01-05 21:10:00
BOX-MUM-03,1.01,49.34,2025-01-05 21:20:00
BOX-MUM-03,0.76,46.33,2025-01-05 21:30:00
BOX-MUM-03,0.84,54.87,2025-01-05 21:40:00
BOX-MUM-03,1.13,52.66,2025-01-05 21:50:00
BOX-MUM-03,1.21,40.22,2025-01-05 22:00:00
BOX-MUM-03,0.97,51.01,2025-01-05 22:10:00
BOX-MUM-03,0.98,43.08,2025-01-05 22:20:00
BOX-MUM-03,0.85,48.67,2025-01-05 22:30:00
BOX-MUM-03,0.64,43.79,2025-01-05 22:40:00
BOX-MUM-03,0.43,40.73,2025-01-05 22:50:00
BOX-MUM-03,0.28,52.0,2025-01-05 23:00:00
BOX-MUM-03,0.48,58.39,2025-01-05 23:10:00
BOX-MUM-03,0.44,43.54,2025-01-05 23:20:00
BOX-MUM-03,0.26,41.38,2025-01-05 23:30:00
BOX-MUM-03,0.54,43.59,2025-01-05 23:40:00
BOX-MUM-03,0.47,41.21,2025-01-05 23:50:00
BOX-MUM-03,0.64,46.07,2025-01-06 00:00:00
BOX-MUM-03,0.7,47.35,2025-01-06 00:10:00
BOX-MUM-03,0.46,45.86,2025-01-06 00:20:00
BOX-MUM-03,0.32,43.24,2025-01-06 00:30:00
BOX-MUM-03,0.13,43.11,2025-01-06 00:40:00
BOX-MUM-03,0.37,51.22,2025-01-06 00:50:00
BOX-MUM-03,0.3,42.04,2025-01-06 01:00:00
BOX-MUM-03,0.13,55.97,2025-01-06 01:10:00
BOX-MUM-03,0.32,42.47,2025-01-06 01:20:00
BOX-MUM-03,0.09,42.18,2025-01-06 01:30:00
BOX-MUM-03,-0.04,46.75,2025-01-06 01:40:00
BOX-MUM-03,-0.11,45.76,2025-01-06 01:50:00
BOX-MUM-03,0.0,48.24,2025-01-06 02:00:00
BOX-MUM-03,0.15,46.96,2025-01-06 02:10:00
BOX-MUM-03,0.17,55.35,2025-01-06 02:20:00
BOX-MUM-03,-0.12,50.75,2025-01-06 02:30:00
BOX-MUM-03,0.09,57.94,2025-01-06 02:40:00
BOX-MUM-03,0.18,53.13,2025-01-06 02:50:00
BOX-MUM-03,0.47,41.35,2025-01-06 03:00:00
BOX-MUM-03,0.49,54.58,2025-01-06 03:10:00
BOX-MUM-03,0.53,50.79,2025-01-06 03:20:00
BOX-MUM-03,0.56,58.7,2025-01-06 03:30:00
BOX-MUM-03,0.64,48.6,2025-01-06 03:40:00
BOX-MUM-03,0.47,50.05,2025-01-06 03:50:00
BOX-MUM-03,0.71,58.35,2025-01-06 04:00:00
BOX-MUM-03,0.58,58.71,2025-01-06 04:10:00
BOX-MUM-03,0.33,48.56,2025-01-06 04:20:00
BOX-MUM-03,0.49,41.39,2025-01-06 04:30:00
BOX-MUM-03,0.59,46.33,2025-01-06 04:40:00
BOX-MUM-03,0.63,49.65,2025-01-06 04:50:00
BOX-MUM-03,0.77,58.04,2025-01-06 05:00:00
BOX-MUM-03,0.75,52.86,2025-01-06 05:10:00
BOX-MUM-03,0.48,49.59,2025-01-06 05:20:00
BOX-MUM-03,0.64,50.48,2025-01-06 05:30:00
BOX-MUM-03,0.71,44.29,2025-01-06 05:40:00
BOX-MUM-03,0.77,53.58,2025-01-06 05:50:00
BOX-MUM-03,0.72,40.45,2025-01-06 06:00:00
BOX-MUM-03,0.86,55.02,2025-01-06 06:10:00
BOX-MUM-03,0.59,57.97,2025-01-06 06:20:00
BOX-MUM-03,0.64,50.62,2025-01-06 06:30:00
BOX-MUM-03,0.79,44.78,2025-01-06 06:40:00
BOX-MUM-03,1.02,44.24,2025-01-06 06:50:00
BOX-MUM-03,1.05,53.76,2025-01-06 07:00:00
BOX-MUM-03,0.8,53.3,2025-01-06 07:10:00
BOX-MUM-03,0.7,46.34,2025-01-06 07:20:00
BOX-MUM-03,0.92,58.42,2025-01-06 07:30:00
BOX-MUM-03,0.84,56.05,2025-01-06 07:40:00
BOX-MUM-03,1.08,52.91,2025-01-06 07:50:00
BOX-MUM-03,0.9,45.41,2025-01-06 08:00:00
BOX-MUM-03,0.63,40.56,2025-01-06 08:10:00
BOX-MUM-03,0.76,41.15,2025-01-06 08:20:00
BOX-MUM-03,0.8,49.31,2025-01-06 08:30:00
BOX-MUM-03,1.01,49.22,2025-01-06 08:40:00
BOX-MUM-03,1.22,40.9,2025-01-06 08:50:00
BOX-MUM-03,0.97,53.38,2025-01-06 09:00:00
BOX-MUM-03,1.21,56.53,2025-01-06 09:10:00
BOX-MUM-03,1.34,54.8,2025-01-06 09:20:00
BOX-MUM-03,1.49,47.07,2025-01-06 09:30:00
BOX-MUM-03,1.28,54.4,2025-01-06 09:40:00
BOX-MUM-03,1.36,54.17,2025-01-06 09:50:00
BOX-MUM-03,1.09,42.24,2025-01-06 10:00:00
BOX-MUM-03,1.24,57.77,2025-01-06 10:10:00
BOX-MUM-03,1.28,46.72,2025-01-06 10:20:00
BOX-MUM-03,1.15,59.85,2025-01-06 10:30:00
BOX-MUM-03,0.95,54.03,2025-01-06 10:40:00
BOX-MUM-03,0.65,59.1,2025-01-06 10:50:00
BOX-MUM-03,0.39,55.48,2025-01-06 11:00:00
BOX-MUM-03,0.11,48.96,2025-01-06 11:10:00
BOX-MUM-03,0.38,44.26,2025-01-06 11:20:00
BOX-MUM-03,0.58,48.06,2025-01-06 11:30:00
BOX-MUM-03,0.41,56.09,2025-01-06 11:40:00
BOX-MUM-03,0.16,57.14,2025-01-06 11:50:00
BOX-MUM-03,0.23,52.99,2025-01-06 12:00:00
BOX-MUM-03,0.37,47.06,2025-01-06 12:10:00
BOX-MUM-03,0.52,57.31,2025-01-06 12:20:00
BOX-MUM-03,0.42,59.1,2025-01-06 12:30:00
BOX-MUM-03,0.33,53.3,2025-01-06 12:40:00
BOX-MUM-03,0.25,47.51,2025-01-06 12:50:00
BOX-MUM-03,0.41,59.82,2025-01-06 13:00:00
BOX-MUM-03,0.5,43.38,2025-01-06 13:10:00
BOX-MUM-03,0.78,46.39,2025-01-06 13:20:00
BOX-MUM-03,0.6,40.63,2025-01-06 13:30:00
BOX-MUM-03,0.87,58.07,2025-01-06 13:40:00
BOX-MUM-03,1.13,47.25,2025-01-06 13:50:00
BOX-MUM-03,1.1,47.54,2025-01-06 14:00:00
BOX-MUM-03,1.09,45.98,2025-01-06 14:10:00
BOX-MUM-03,1.26,58.29,2025-01-06 14:20:00
BOX-MUM-03,1.16,58.98,2025-01-06 14:30:00
BOX-MUM-03,0.98,58.06,2025-01-06 14:40:00
BOX-MUM-03,0.81,58.06,2025-01-06 14:50:00
BOX-MUM-03,0.94,59.32,2025-01-06 15:00:00
BOX-MUM-03,0.92,56.76,2025-01-06 15:10:00
BOX-MUM-03,1.05,49.18,2025-01-06 15:20:00
BOX-MUM-03,1.17,51.71,2025-01-06 15:30:00
BOX-MUM-03,0.94,54.1,2025-01-06 15:40:00
BOX-MUM-03,1.0,49.39,2025-01-06 15:50:00
BOX-MUM-03,1.06,49.87,2025-01-06 16:00:00
BOX-MUM-03,1.24,42.69,2025-01-06 16:10:00
BOX-MUM-03,1.37,55.2,2025-01-06 16:20:00
BOX-MUM-03,1.37,57.68,2025-01-06 16:30:00
BOX-MUM-03,1.5,55.61,2025-01-06 16:40:00
BOX-MUM-03,1.37,57.31,2025-01-06 16:50:00
BOX-MUM-03,1.23,40.9,2025-01-06 17:00:00
BOX-MUM-03,1.31,51.97,2025-01-06 17:10:00
BOX-MUM-03,1.12,45.12,2025-01-06 17:20:00
BOX-MUM-03,1.1,45.89,2025-01-06 17:30:00
BOX-MUM-03,1.06,50.57,2025-01-06 17:40:00
BOX-MUM-03,0.93,44.61,2025-01-06 17:50:00
BOX-MUM-03,0.78,43.24,2025-01-06 18:00:00
BOX-MUM-03,0.55,58.71,2025-01-06 18:10:00
BOX-MUM-03,0.27,59.96,2025-01-06 18:20:00
BOX-MUM-03,0.45,51.9,2025-01-06 18:30:00
BOX-MUM-03,0.16,48.34,2025-01-06 18:40:00
BOX-MUM-03,0.15,55.1,2025-01-06 18:50:00
BOX-MUM-03,-0.14,51.81,2025-01-06 19:00:00
BOX-MUM-03,-0.2,47.78,2025-01-06 19:10:00
BOX-MUM-03,0.09,48.56,2025-01-06 19:20:00
BOX-MUM-03,0.17,46.39,2025-01-06 19:30:00
BOX-MUM-03,0.07,53.8,2025-01-06 19:40:00
BOX-MUM-03,-0.16,43.47,2025-01-06 19:50:00
BOX-MUM-03,-0.18,57.85,2025-01-06 20:00:00
BOX-MUM-03,0.05,59.62,2025-01-06 20:10:00
BOX-MUM-03,-0.03,59.87,2025-01-06 20:20:00
BOX-MUM-03,-0.08,41.0,2025-01-06 20:30:00
BOX-MUM-03,-0.16,54.13,2025-01-06 20:40:00
BOX-MUM-03,-0.08,57.49,2025-01-06 20:50:00
BOX-MUM-03,-0.3,47.39,2025-01-06 21:00:00
BOX-MUM-03,-0.04,52.21,2025-01-06 21:10:00
BOX-MUM-03,-0.08,48.45,2025-01-06 21:20:00
BOX-MUM-03,0.06,41.24,2025-01-06 21:30:00
BOX-MUM-03,0.12,48.39,2025-01-06 21:40:00
BOX-MUM-03,0.15,54.76,2025-01-06 21:50:00
BOX-MUM-03,0.36,54.02,2025-01-06 22:00:00
BOX-MUM-03,0.19,55.56,2025-01-06 22:10:00
BOX-MUM-03,0.15,44.05,2025-01-06 22:20:00
BOX-MUM-03,-0.04,48.13,2025-01-06 22:30:00
BOX-MUM-03,-0.07,49.78,2025-01-06 22:40:00
BOX-MUM-03,-0.22,52.78,2025-01-06 22:50:00
BOX-MUM-03,0.05,41.93,2025-01-06 23:00:00
BOX-MUM-03,-0.08,49.34,2025-01-06 23:10:00
BOX-MUM-03,0.08,45.2,2025-01-06 23:20:00
BOX-MUM-03,0.13,50.81,2025-01-06 23:30:00
BOX-MUM-03,0.0,46.78,2025-01-06 23:40:00
BOX-MUM-03,0.16,44.89,2025-01-06 23:50:00
BOX-MUM-03,0.07,52.41,2025-01-07 00:00:00
BOX-MUM-03,-0.11,56.86,2025-01-07 00:10:00
BOX-MUM-03,0.1,47.89,2025-01-07 00:20:00
BOX-MUM-03,0.33,48.13,2025-01-07 00:30:00
BOX-MUM-03,0.19,40.21,2025-01-07 00:40:00
BOX-MUM-03,-0.02,58.64,2025-01-07 00:50:00
BOX-MUM-03,-0.24,59.91,2025-01-07 01:00:00
BOX-MUM-03,-0.48,41.79,2025-01-07 01:10:00
BOX-MUM-03,-0.47,57.74,2025-01-07 01:20:00
BOX-MUM-03,-0.6,52.09,2025-01-07 01:30:00
BOX-MUM-03,-0.87,56.28,2025-01-07 01:40:00
BOX-MUM-03,-0.58,56.09,2025-01-07 01:50:00
BOX-MUM-03,-0.42,59.09,2025-01-07 02:00:00
BOX-MUM-03,-0.15,48.96,2025-01-07 02:10:00
BOX-MUM-03,-0.14,59.52,2025-01-07 02:20:00
BOX-MUM-03,0.02,40.04,2025-01-07 02:30:00
BOX-MUM-03,-0.27,49.85,2025-01-07 02:40:00
BOX-MUM-03,-0.35,42.21,2025-01-07 02:50:00
BOX-MUM-03,-0.62,47.87,2025-01-07 03:00:00
BOX-MUM-03,-0.41,53.52,2025-01-07 03:10:00
BOX-MUM-03,-0.64,47.95,2025-01-07 03:20:00
BOX-MUM-03,-0.78,42.03,2025-01-07 03:30:00
BOX-MUM-03,-0.91,57.8,2025-01-07 03:40:00
BOX-MUM-03,-1.14,49.13,2025-01-07 03:50:00
BOX-MUM-03,-1.37,56.06,2025-01-07 04:00:00
BOX-MUM-03,-1.56,49.95,2025-01-07 04:10:00
BOX-MUM-03,-1.3,47.21,2025-01-07 04:20:00
BOX-MUM-03,-1.33,58.02,2025-01-07 04:30:00
BOX-MUM-03,-1.15,55.02,2025-01-07 04:40:00
BOX-MUM-03,-1.19,58.03,2025-01-07 04:50:00
BOX-MUM-03,-1.41,43.02,2025-01-07 05:00:00
BOX-MUM-03,-1.12,48.07,2025-01-07 05:10:00
BOX-MUM-03,-1.03,58.59,2025-01-07 05:20:00
BOX-MUM-03,-1.2,57.86,2025-01-07 05:30:00
BOX-MUM-03,-1.24,40.38,2025-01-07 05:40:00
BOX-MUM-03,-1.53,43.09,2025-01-07 05:50:00
BOX-MUM-03,-1.82,45.51,2025-01-07 06:00:00
BOX-MUM-03,-2.05,43.71,2025-01-07 06:10:00
BOX-MUM-03,-2.2,52.88,2025-01-07 06:20:00
BOX-MUM-03,-2.48,46.35,2025-01-07 06:30:00
BOX-MUM-03,-2.69,57.31,2025-01-07 06:40:00
BOX-MUM-03,-2.86,57.33,2025-01-07 06:50:00
BOX-MUM-03,-2.93,51.49,2025-01-07 07:00:00
BOX-MUM-03,-2.92,42.72,2025-01-07 07:10:00
BOX-MUM-03,-2.9,40.44,2025-01-07 07:20:00
BOX-MUM-03,-3.13,49.05,2025-01-07 07:30:00
BOX-MUM-03,-3.2,52.86,2025-01-07 07:40:00
BOX-MUM-03,-2.98,51.42,2025-01-07 07:50:00
BOX-MUM-03,-2.87,57.92,2025-01-07 08:00:00
BOX-MUM-03,-2.88,58.59,2025-01-07 08:10:00
BOX-MUM-03,-2.86,40.56,2025-01-07 08:20:00
BOX-MUM-03,-3.15,57.66,2025-01-07 08:30:00
BOX-MUM-03,-3.19,43.53,2025-01-07 08:40:00
BOX-MUM-03,-3.4,51.89,2025-01-07 08:50:00
BOX-MUM-03,-3.24,43.28,2025-01-07 09:00:00
BOX-MUM-03,-3.07,54.92,2025-01-07 09:10:00
BOX-MUM-03,-3.29,40.26,2025-01-07 09:20:00
BOX-MUM-03,-3.35,53.46,2025-01-07 09:30:00
BOX-MUM-03,-3.29,41.44,2025-01-07 09:40:00
BOX-MUM-03,-3.1,59.13,2025-01-07 09:50:00
BOX-MUM-03,-3.32,48.08,2025-01-07 10:00:00
BOX-MUM-03,-3.46,54.38,2025-01-07 10:10:00
BOX-MUM-03,-3.44,55.3,2025-01-07 10:20:00
BOX-MUM-03,-3.35,51.68,2025-01-07 10:30:00
BOX-MUM-03,-3.06,49.5,2025-01-07 10:40:00
BOX-MUM-03,-2.97,48.5,2025-01-07 10:50:00
BOX-MUM-03,-2.71,59.15,2025-01-07 11:00:00
BOX-MUM-03,-2.81,59.01,2025-01-07 11:10:00
BOX-MUM-03,-2.54,41.81,2025-01-07 11:20:00
BOX-MUM-03,-2.83,54.6,2025-01-07 11:30:00
BOX-MUM-03,-2.65,42.68,2025-01-07 11:40:00
BOX-MUM-03,-2.88,54.78,2025-01-07 11:50:00
BOX-MUM-03,-3.01,43.65,2025-01-07 12:00:00
BOX-MUM-03,-3.25,59.86,2025-01-07 12:10:00
BOX-MUM-03,-3.36,40.77,2025-01-07 12:20:00
BOX-MUM-03,-3.15,43.45,2025-01-07 12:30:00
BOX-MUM-03,-3.34,55.51,2025-01-07 12:40:00
BOX-MUM-03,-3.54,55.54,2025-01-07 12:50:00
BOX-MUM-03,-3.52,56.96,2025-01-07 13:00:00
BOX-MUM-03,-3.48,55.08,2025-01-07 13:10:00
BOX-MUM-03,-3.52,53.83,2025-01-07 13:20:00
BOX-MUM-03,-3.76,54.72,2025-01-07 13:30:00
BOX-MUM-03,-3.74,58.84,2025-01-07 13:40:00
BOX-MUM-03,-3.87,49.8,2025-01-07 13:50:00
BOX-MUM-03,-3.74,48.46,2025-01-07 14:00:00
BOX-MUM-03,-3.88,54.62,2025-01-07 14:10:00
BOX-MUM-03,-3.99,54.85,2025-01-07 14:20:00
BOX-MUM-03,-3.96,47.85,2025-01-07 14:30:00
BOX-MUM-03,-4.16,54.34,2025-01-07 14:40:00
BOX-MUM-03,-3.87,51.01,2025-01-07 14:50:00
BOX-MUM-03,-4.04,52.07,2025-01-07 15:00:00
BOX-MUM-03,-4.31,56.01,2025-01-07 15:10:00
BOX-MUM-03,-4.39,53.9,2025-01-07 15:20:00
BOX-MUM-03,-4.58,51.04,2025-01-07 15:30:00
BOX-MUM-03,-4.79,55.56,2025-01-07 15:40:00
BOX-MUM-03,-4.77,47.37,2025-01-07 15:50:00
BOX-MUM-03,-4.61,40.79,2025-01-07 16:00:00
BOX-MUM-03,-4.56,50.13,2025-01-07 16:10:00
BOX-MUM-03,-4.7,42.85,2025-01-07 16:20:00
BOX-MUM-03,-4.72,49.17,2025-01-07 16:30:00
BOX-MUM-03,-4.6,47.96,2025-01-07 16:40:00
BOX-MUM-03,-4.55,56.7,2025-01-07 16:50:00
BOX-MUM-03,-4.78,58.73,2025-01-07 17:00:00
BOX-MUM-03,-4.81,49.45,2025-01-07 17:10:00
BOX-MUM-03,-5.07,42.84,2025-01-07 17:20:00
BOX-MUM-03,-5.27,55.04,2025-01-07 17:30:00
BOX-MUM-03,-5.47,41.29,2025-01-07 17:40:00
BOX-MUM-03,-5.67,50.07,2025-01-07 17:50:00
BOX-MUM-03,-5.88,49.86,2025-01-07 18:00:00
BOX-MUM-03,-5.78,46.98,2025-01-07 18:10:00
BOX-MUM-03,-5.83,57.74,2025-01-07 18:20:00
BOX-MUM-03,-5.76,56.34,2025-01-07 18:30:00
BOX-MUM-03,-5.81,52.77,2025-01-07 18:40:00
BOX-MUM-03,-5.77,48.93,2025-01-07 18:50:00
BOX-MUM-03,-5.87,46.2,2025-01-07 19:00:00
BOX-MUM-03,-5.67,57.66,2025-01-07 19:10:00
BOX-MUM-03,-5.52,49.91,2025-01-07 19:20:00
BOX-MUM-03,-5.79,53.8,2025-01-07 19:30:00
BOX-MUM-03,-5.86,58.06,2025-01-07 19:40:00
BOX-MUM-03,-5.77,47.09,2025-01-07 19:50:00
BOX-MUM-03,-5.58,55.45,2025-01-07 20:00:00
BOX-MUM-03,-5.3,49.89,2025-01-07 20:10:00
BOX-MUM-03,-5.13,44.18,2025-01-07 20:20:00
BOX-MUM-03,-5.02,54.73,2025-01-07 20:30:00
BOX-MUM-03,-4.75,44.67,2025-01-07 20:40:00
BOX-MUM-03,-4.87,56.19,2025-01-07 20:50:00
BOX-MUM-03,-4.71,45.45,2025-01-07 21:00:00
BOX-MUM-03,-4.76,43.29,2025-01-07 21:10:00
BOX-MUM-03,-4.67,50.41,2025-01-07 21:20:00
BOX-MUM-03,-4.77,40.15,2025-01-07 21:30:00
BOX-MUM-03,-4.54,59.14,2025-01-07 21:40:00
BOX-MUM-03,-4.26,44.79,2025-01-07 21:50:00
BOX-MUM-03,-4.19,49.79,2025-01-07 22:00:00
BOX-MUM-03,-4.14,42.05,2025-01-07 22:10:00
BOX-MUM-03,-4.27,50.69,2025-01-07 22:20:00
BOX-MUM-03,-4.24,52.17,2025-01-07 22:30:00
BOX-BLR-04,5.95,41.66,2025-01-01 00:00:00
BOX-BLR-04,5.83,45.71,2025-01-01 00:10:00
BOX-BLR-04,6.0,40.27,2025-01-01 00:20:00
BOX-BLR-04,6.16,56.77,2025-01-01 00:30:00
BOX-BLR-04,6.02,49.28,2025-01-01 00:40:00
BOX-BLR-04,6.12,47.55,2025-01-01 00:50:00
BOX-BLR-04,6.09,58.37,2025-01-01 01:00:00
BOX-BLR-04,6.1,55.52,2025-01-01 01:10:00
BOX-BLR-04,6.26,41.29,2025-01-01 01:20:00
BOX-BLR-04,6.5,43.85,2025-01-01 01:30:00
BOX-BLR-04,6.37,42.91,2025-01-01 01:40:00
BOX-BLR-04,6.44,46.71,2025-01-01 01:50:00
BOX-BLR-04,6.4,42.41,2025-01-01 02:00:00
BOX-BLR-04,6.37,55.24,2025-01-01 02:10:00
BOX-BLR-04,6.21,51.56,2025-01-01 02:20:00
BOX-BLR-04,6.04,51.93,2025-01-01 02:30:00
BOX-BLR-04,6.29,56.06,2025-01-01 02:40:00
BOX-BLR-04,6.06,41.5,2025-01-01 02:50:00
BOX-BLR-04,5.85,53.55,2025-01-01 03:00:00
BOX-BLR-04,5.85,42.02,2025-01-01 03:10:00
BOX-BLR-04,5.69,56.48,2025-01-01 03:20:00
BOX-BLR-04,5.69,51.9,2025-01-01 03:30:00
BOX-BLR-04,5.44,56.54,2025-01-01 03:40:00
BOX-BLR-04,5.17,57.62,2025-01-01 03:50:00
BOX-BLR-04,4.92,47.77,2025-01-01 04:00:00
BOX-BLR-04,4.82,52.99,2025-01-01 04:10:00
BOX-BLR-04,4.79,58.16,2025-01-01 04:20:00
BOX-BLR-04,4.51,59.62,2025-01-01 04:30:00
BOX-BLR-04,4.77,57.25,2025-01-01 04:40:00
BOX-BLR-04,4.68,41.45,2025-01-01 04:50:00
BOX-BLR-04,4.89,42.04,2025-01-01 05:00:00
BOX-BLR-04,4.69,55.09,2025-01-01 05:10:00
BOX-BLR-04,4.92,50.47,2025-01-01 05:20:00
BOX-BLR-04,4.66,59.67,2025-01-01 05:30:00
BOX-BLR-04,4.4,56.47,2025-01-01 05:40:00
BOX-BLR-04,4.66,41.87,2025-01-01 05:50:00
BOX-BLR-04,4.71,53.95,2025-01-01 06:00:00
BOX-BLR-04,4.55,40.11,2025-01-01 06:10:00
BOX-BLR-04,4.75,55.68,2025-01-01 06:20:00
BOX-BLR-04,4.7,42.24,2025-01-01 06:30:00
BOX-BLR-04,4.76,55.91,2025-01-01 06:40:00
BOX-BLR-04,4.84,41.59,2025-01-01 06:50:00
BOX-BLR-04,4.92,58.81,2025-01-01 07:00:00
BOX-BLR-04,4.9,44.81,2025-01-01 07:10:00
BOX-BLR-04,5.02,55.67,2025-01-01 07:20:00
BOX-BLR-04,4.88,53.64,2025-01-01 07:30:00
BOX-BLR-04,4.77,45.39,2025-01-01 07:40:00
BOX-BLR-04,5.0,40.5,2025-01-01 07:50:00
BOX-BLR-04,4.94,58.57,2025-01-01 08:00:00
BOX-BLR-04,5.2,45.69,2025-01-01 08:10:00
BOX-BLR-04,5.02,58.11,2025-01-01 08:20:00
BOX-BLR-04,5.14,53.24,2025-01-01 08:30:00
BOX-BLR-04,5.28,59.46,2025-01-01 08:40:00
BOX-BLR-04,5.43,50.75,2025-01-01 08:50:00
BOX-BLR-04,5.29,53.76,2025-01-01 09:00:00
BOX-BLR-04,5.14,45.37,2025-01-01 09:10:00
BOX-BLR-04,5.33,57.98,2025-01-01 09:20:00
BOX-BLR-04,5.3,47.01,2025-01-01 09:30:00
BOX-BLR-04,5.4,46.79,2025-01-01 09:40:00
BOX-BLR-04,5.55,46.07,2025-01-01 09:50:00
BOX-BLR-04,5.26,45.76,2025-01-01 10:00:00
BOX-BLR-04,5.16,51.78,2025-01-01 10:10:00
BOX-BLR-04,5.35,47.68,2025-01-01 10:20:00
BOX-BLR-04,5.54,40.83,2025-01-01 10:30:00
BOX-BLR-04,5.35,56.59,2025-01-01 10:40:00
BOX-BLR-04,5.6,57.41,2025-01-01 10:50:00
BOX-BLR-04,5.57,48.18,2025-01-01 11:00:00
BOX-BLR-04,5.46,40.14,2025-01-01 11:10:00
BOX-BLR-04,5.43,59.15,2025-01-01 11:20:00
BOX-BLR-04,5.24,48.87,2025-01-01 11:30:00
BOX-BLR-04,5.5,56.94,2025-01-01 11:40:00
BOX-BLR-04,5.29,54.74,2025-01-01 11:50:00
BOX-BLR-04,5.46,43.19,2025-01-01 12:00:00
BOX-BLR-04,5.25,46.3,2025-01-01 12:10:00
BOX-BLR-04,5.33,53.15,2025-01-01 12:20:00
BOX-BLR-04,5.15,56.72,2025-01-01 12:30:00
BOX-BLR-04,5.23,56.89,2025-01-01 12:40:00
BOX-BLR-04,5.01,54.92,2025-01-01 12:50:00
BOX-BLR-04,4.73,45.36,2025-01-01 13:00:00
BOX-BLR-04,5.01,59.78,2025-01-01 13:10:00
BOX-BLR-04,5.04,49.49,2025-01-01 13:20:00
BOX-BLR-04,4.89,42.07,2025-01-01 13:30:00
BOX-BLR-04,4.66,45.28,2025-01-01 13:40:00
BOX-BLR-04,4.46,42.01,2025-01-01 13:50:00
BOX-BLR-04,4.23,50.2,2025-01-01 14:00:00
BOX-BLR-04,4.28,54.95,2025-01-01 14:10:00
BOX-BLR-04,4.08,50.11,2025-01-01 14:20:00
BOX-BLR-04,4.2,58.25,2025-01-01 14:30:00
BOX-BLR-04,4.4,45.52,2025-01-01 14:40:00
BOX-BLR-04,4.43,56.91,2025-01-01 14:50:00
BOX-BLR-04,4.38,49.56,2025-01-01 15:00:00
BOX-BLR-04,4.47,49.6,2025-01-01 15:10:00
BOX-BLR-04,4.54,49.69,2025-01-01 15:20:00
BOX-BLR-04,4.66,43.91,2025-01-01 15:30:00
BOX-BLR-04,4.7,59.05,2025-01-01 15:40:00
BOX-BLR-04,4.8,51.63,2025-01-01 15:50:00
BOX-BLR-04,5.09,51.39,2025-01-01 16:00:00
BOX-BLR-04,4.9,49.02,2025-01-01 16:10:00
BOX-BLR-04,4.67,55.69,2025-01-01 16:20:00
BOX-BLR-04,4.53,44.57,2025-01-01 16:30:00
BOX-BLR-04,4.46,48.51,2025-01-01 16:40:00
BOX-BLR-04,4.24,43.0,2025-01-01 16:50:00
BOX-BLR-04,4.36,44.83,2025-01-01 17:00:00
BOX-BLR-04,4.35,49.09,2025-01-01 17:10:00
BOX-BLR-04,4.3,58.39,2025-01-01 17:20:00
BOX-BLR-04,4.24,58.25,2025-01-01 17:30:00
BOX-BLR-04,4.42,58.13,2025-01-01 17:40:00
BOX-BLR-04,4.19,50.27,2025-01-01 17:50:00
BOX-BLR-04,4.13,58.47,2025-01-01 18:00:00
BOX-BLR-04,4.15,45.31,2025-01-01 18:10:00
BOX-BLR-04,4.09,48.39,2025-01-01 18:20:00
BOX-BLR-04,4.32,46.59,2025-01-01 18:30:00
BOX-BLR-04,4.02,41.6,2025-01-01 18:40:00
BOX-BLR-04,4.15,49.84,2025-01-01 18:50:00
BOX-BLR-04,4.44,45.89,2025-01-01 19:00:00
BOX-BLR-04,4.62,42.58,2025-01-01 19:10:00
BOX-BLR-04,4.63,55.43,2025-01-01 19:20:00
BOX-BLR-04,4.72,46.29,2025-01-01 19:30:00
BOX-BLR-04,4.65,53.25,2025-01-01 19:40:00
BOX-BLR-04,4.43,40.76,2025-01-01 19:50:00
BOX-BLR-04,4.4,57.11,2025-01-01 20:00:00
BOX-BLR-04,4.64,40.64,2025-01-01 20:10:00
BOX-BLR-04,4.51,53.61,2025-01-01 20:20:00
BOX-BLR-04,4.35,57.87,2025-01-01 20:30:00
BOX-BLR-04,4.24,58.89,2025-01-01 20:40:00
BOX-BLR-04,4.19,52.74,2025-01-01 20:50:00
BOX-BLR-04,4.09,47.55,2025-01-01 21:00:00
BOX-BLR-04,4.25,51.57,2025-01-01 21:10:00
BOX-BLR-04,4.0,41.55,2025-01-01 21:20:00
BOX-BLR-04,3.81,52.86,2025-01-01 21:30:00
BOX-BLR-04,3.79,57.34,2025-01-01 21:40:00
BOX-BLR-04,3.56,49.49,2025-01-01 21:50:00
BOX-BLR-04,3.27,49.56,2025-01-01 22:00:00
BOX-BLR-04,3.19,59.21,2025-01-01 22:10:00
BOX-BLR-04,3.01,47.97,2025-01-01 22:20:00
BOX-BLR-04,3.19,44.18,2025-01-01 22:30:00
BOX-BLR-04,3.41,47.88,2025-01-01 22:40:00
BOX-BLR-04,3.22,58.45,2025-01-01 22:50:00
BOX-BLR-04,3.15,41.61,2025-01-01 23:00:00
BOX-BLR-04,2.94,53.81,2025-01-01 23:10:00
BOX-BLR-04,3.04,56.66,2025-01-01 23:20:00
BOX-BLR-04,3.03,48.4,2025-01-01 23:30:00
BOX-BLR-04,2.74,50.25,2025-01-01 23:40:00
BOX-BLR-04,2.6,49.27,2025-01-01 23:50:00
BOX-BLR-04,2.38,43.53,2025-01-02 00:00:00
BOX-BLR-04,2.46,51.35,2025-01-02 00:10:00
BOX-BLR-04,2.36,44.1,2025-01-02 00:20:00
BOX-BLR-04,2.29,44.18,2025-01-02 00:30:00
BOX-BLR-04,2.39,57.83,2025-01-02 00:40:00
BOX-BLR-04,2.38,54.19,2025-01-02 00:50:00
BOX-BLR-04,2.64,56.86,2025-01-02 01:00:00
BOX-BLR-04,2.44,58.61,2025-01-02 01:10:00
BOX-BLR-04,2.24,51.48,2025-01-02 01:20:00
BOX-BLR-04,2.53,56.01,2025-01-02 01:30:00
BOX-BLR-04,2.59,48.98,2025-01-02 01:40:00
BOX-BLR-04,2.65,57.25,2025-01-02 01:50:00
BOX-BLR-04,2.91,57.1,2025-01-02 02:00:00
BOX-BLR-04,2.97,43.03,2025-01-02 02:10:00
BOX-BLR-04,2.71,40.34,2025-01-02 02:20:00
BOX-BLR-04,2.6,41.41,2025-01-02 02:30:00
BOX-BLR-04,2.58,56.08,2025-01-02 02:40:00
BOX-BLR-04,2.45,49.27,2025-01-02 02:50:00
BOX-BLR-04,2.57,40.63,2025-01-02 03:00:00
BOX-BLR-04,2.61,42.87,2025-01-02 03:10:00
BOX-BLR-04,2.7,51.34,2025-01-02 03:20:00
BOX-BLR-04,2.42,40.68,2025-01-02 03:30:00
BOX-BLR-04,2.3,55.65,2025-01-02 03:40:00
BOX-BLR-04,2.3,54.58,2025-01-02 03:50:00
BOX-BLR-04,2.04,43.22,2025-01-02 04:00:00
BOX-BLR-04,1.96,44.98,2025-01-02 04:10:00
BOX-BLR-04,2.05,41.9,2025-01-02 04:20:00
BOX-BLR-04,2.32,46.67,2025-01-02 04:30:00
BOX-BLR-04,2.39,46.75,2025-01-02 04:40:00
BOX-BLR-04,2.25,51.77,2025-01-02 04:50:00
BOX-BLR-04,2.45,45.47,2025-01-02 05:00:00
BOX-BLR-04,2.75,44.09,2025-01-02 05:10:00
BOX-BLR-04,2.48,50.72,2025-01-02 05:20:00
BOX-BLR-04,2.34,49.94,2025-01-02 05:30:00
BOX-BLR-04,2.2,44.34,2025-01-02 05:40:00
BOX-BLR-04,2.31,40.79,2025-01-02 05:50:00
BOX-BLR-04,2.3,46.72,2025-01-02 06:00:00
BOX-BLR-04,2.22,51.72,2025-01-02 06:10:00
BOX-BLR-04,2.0,45.19,2025-01-02 06:20:00
BOX-BLR-04,1.96,42.96,2025-01-02 06:30:00
BOX-BLR-04,1.7,55.08,2025-01-02 06:40:00
BOX-BLR-04,1.94,46.95,2025-01-02 06:50:00
BOX-BLR-04,1.89,59.53,2025-01-02 07:00:00
BOX-BLR-04,2.08,42.86,2025-01-02 07:10:00
BOX-BLR-04,2.2,41.09,2025-01-02 07:20:00
BOX-BLR-04,2.36,58.76,2025-01-02 07:30:00
BOX-BLR-04,2.1,48.96,2025-01-02 07:40:00
BOX-BLR-04,1.96,53.05,2025-01-02 07:50:00
BOX-BLR-04,1.75,46.72,2025-01-02 08:00:00
BOX-BLR-04,1.82,50.52,2025-01-02 08:10:00
BOX-BLR-04,1.83,53.46,2025-01-02 08:20:00
BOX-BLR-04,2.08,47.03,2025-01-02 08:30:00
BOX-BLR-04,2.1,41.37,2025-01-02 08:40:00
BOX-BLR-04,2.38,49.62,2025-01-02 08:50:00
BOX-BLR-04,2.55,49.41,2025-01-02 09:00:00
BOX-BLR-04,2.62,43.47,2025-01-02 09:10:00
BOX-BLR-04,2.83,46.69,2025-01-02 09:20:00
BOX-BLR-04,2.85,58.14,2025-01-02 09:30:00
BOX-BLR-04,2.67,45.22,2025-01-02 09:40:00
BOX-BLR-04,2.9,40.17,2025-01-02 09:50:00
BOX-BLR-04,2.64,40.68,2025-01-02 10:00:00
BOX-BLR-04,2.84,52.66,2025-01-02 10:10:00
BOX-BLR-04,2.72,54.09,2025-01-02 10:20:00
BOX-BLR-04,2.89,49.28,2025-01-02 10:30:00
BOX-BLR-04,2.9,50.62,2025-01-02 10:40:00
BOX-BLR-04,2.66,45.02,2025-01-02 10:50:00
BOX-BLR-04,2.5,46.01,2025-01-02 11:00:00
BOX-BLR-04,2.34,54.57,2025-01-02 11:10:00
BOX-BLR-04,2.3,47.23,2025-01-02 11:20:00
BOX-BLR-04,2.55,53.64,2025-01-02 11:30:00
BOX-BLR-04,2.51,58.97,2025-01-02 11:40:00
BOX-BLR-04,2.63,51.91,2025-01-02 11:50:00
BOX-BLR-04,2.82,54.24,2025-01-02 12:00:00
BOX-BLR-04,2.76,42.39,2025-01-02 12:10:00
BOX-BLR-04,2.86,46.6,2025-01-02 12:20:00
BOX-BLR-04,2.9,48.13,2025-01-02 12:30:00
BOX-BLR-04,3.02,43.9,2025-01-02 12:40:00
BOX-BLR-04,2.93,58.45,2025-01-02 12:50:00
BOX-BLR-04,3.16,50.01,2025-01-02 13:00:00
BOX-BLR-04,3.4,53.99,2025-01-02 13:10:00
BOX-BLR-04,3.24,49.03,2025-01-02 13:20:00
BOX-BLR-04,3.24,51.19,2025-01-02 13:30:00
BOX-BLR-04,3.1,51.59,2025-01-02 13:40:00
BOX-BLR-04,3.25,55.96,2025-01-02 13:50:00
BOX-BLR-04,3.09,47.64,2025-01-02 14:00:00
BOX-BLR-04,2.97,43.54,2025-01-02 14:10:00
BOX-BLR-04,3.03,47.9,2025-01-02 14:20:00
BOX-BLR-04,2.75,44.21,2025-01-02 14:30:00
BOX-BLR-04,2.74,52.11,2025-01-02 14:40:00
BOX-BLR-04,2.98,52.56,2025-01-02 14:50:00
BOX-BLR-04,3.11,43.52,2025-01-02 15:00:00
BOX-BLR-04,3.03,57.55,2025-01-02 15:10:00
BOX-BLR-04,3.14,44.07,2025-01-02 15:20:00
BOX-BLR-04,3.22,48.51,2025-01-02 15:30:00
BOX-BLR-04,3.09,46.86,2025-01-02 15:40:00
BOX-BLR-04,2.98,58.29,2025-01-02 15:50:00
BOX-BLR-04,2.99,50.54,2025-01-02 16:00:00
BOX-BLR-04,3.22,44.62,2025-01-02 16:10:00
BOX-BLR-04,3.4,48.42,2025-01-02 16:20:00
BOX-BLR-04,3.13,57.32,2025-01-02 16:30:00
BOX-BLR-04,2.96,48.9,2025-01-02 16:40:00
BOX-BLR-04,3.07,42.01,2025-01-02 16:50:00
BOX-BLR-04,3.03,46.53,2025-01-02 17:00:00
BOX-BLR-04,3.09,43.12,2025-01-02 17:10:00
BOX-BLR-04,2.84,45.73,2025-01-02 17:20:00
BOX-BLR-04,2.72,41.55,2025-01-02 17:30:00
BOX-BLR-04,2.88,48.54,2025-01-02 17:40:00
BOX-BLR-04,3.15,54.82,2025-01-02 17:50:00
BOX-BLR-04,2.9,49.2,2025-01-02 18:00:00
BOX-BLR-04,2.96,44.47,2025-01-02 18:10:00
BOX-BLR-04,3.26,59.95,2025-01-02 18:20:00
BOX-BLR-04,3.0,48.22,2025-01-02 18:30:00
BOX-BLR-04,3.02,50.48,2025-01-02 18:40:00
BOX-BLR-04,2.96,41.38,2025-01-02 18:50:00
BOX-BLR-04,2.67,52.95,2025-01-02 19:00:00
BOX-BLR-04,2.91,45.21,2025-01-02 19:10:00
BOX-BLR-04,3.09,43.27,2025-01-02 19:20:00
BOX-BLR-04,2.87,56.75,2025-01-02 19:30:00
BOX-BLR-04,2.6,51.59,2025-01-02 19:40:00
BOX-BLR-04,2.68,59.82,2025-01-02 19:50:00
BOX-BLR-04,2.97,49.89,2025-01-02 20:00:00
BOX-BLR-04,2.99,54.97,2025-01-02 20:10:00
BOX-BLR-04,3.05,57.01,2025-01-02 20:20:00
BOX-BLR-04,2.86,55.41,2025-01-02 20:30:00
BOX-BLR-04,2.96,41.71,2025-01-02 20:40:00
BOX-BLR-04,3.01,56.4,2025-01-02 20:50:00
BOX-BLR-04,3.16,53.69,2025-01-02 21:00:00
BOX-BLR-04,3.24,45.89,2025-01-02 21:10:00
BOX-BLR-04,2.99,40.94,2025-01-02 21:20:00
BOX-BLR-04,3.17,55.82,2025-01-02 21:30:00
BOX-BLR-04,3.46,58.57,2025-01-02 21:40:00
BOX-BLR-04,3.34,48.0,2025-01-02 21:50:00
BOX-BLR-04,3.4,45.89,2025-01-02 22:00:00
BOX-BLR-04,3.4,51.17,2025-01-02 22:10:00
BOX-BLR-04,3.4,57.79,2025-01-02 22:20:00
BOX-BLR-04,3.52,44.62,2025-01-02 22:30:00
BOX-BLR-04,3.75,46.04,2025-01-02 22:40:00
BOX-BLR-04,3.99,44.52,2025-01-02 22:50:00
BOX-BLR-04,3.76,56.13,2025-01-02 23:00:00
BOX-BLR-04,3.78,47.01,2025-01-02 23:10:00
BOX-BLR-04,3.65,51.14,2025-01-02 23:20:00
BOX-BLR-04,3.72,59.08,2025-01-02 23:30:00
BOX-BLR-04,3.67,53.24,2025-01-02 23:40:00
BOX-BLR-04,3.39,56.64,2025-01-02 23:50:00
BOX-BLR-04,3.67,42.06,2025-01-03 00:00:00
BOX-BLR-04,3.46,58.42,2025-01-03 00:10:00
BOX-BLR-04,3.62,43.07,2025-01-03 00:20:00
BOX-BLR-04,3.36,52.42,2025-01-03 00:30:00
BOX-BLR-04,3.27,47.56,2025-01-03 00:40:00
BOX-BLR-04,3.05,41.37,2025-01-03 00:50:00
BOX-BLR-04,2.9,48.19,2025-01-03 01:00:00
BOX-BLR-04,2.98,50.27,2025-01-03 01:10:00
BOX-BLR-04,2.91,47.53,2025-01-03 01:20:00
BOX-BLR-04,2.73,51.44,2025-01-03 01:30:00
BOX-BLR-04,2.76,44.83,2025-01-03 01:40:00
BOX-BLR-04,2.88,44.47,2025-01-03 01:50:00
BOX-BLR-04,3.15,53.45,2025-01-03 02:00:00
BOX-BLR-04,3.21,58.84,2025-01-03 02:10:00
BOX-BLR-04,3.05,49.94,2025-01-03 02:20:00
BOX-BLR-04,3.1,57.22,2025-01-03 02:30:00
BOX-BLR-04,3.21,58.26,2025-01-03 02:40:00
BOX-BLR-04,3.35,44.15,2025-01-03 02:50:00
BOX-BLR-04,3.63,54.92,2025-01-03 03:00:00
BOX-BLR-04,3.67,59.11,2025-01-03 03:10:00
BOX-BLR-04,3.82,51.63,2025-01-03 03:20:00
BOX-BLR-04,3.72,51.94,2025-01-03 03:30:00
BOX-BLR-04,3.91,40.02,2025-01-03 03:40:00
BOX-BLR-04,4.17,44.15,2025-01-03 03:50:00
BOX-BLR-04,4.33,58.6,2025-01-03 04:00:00
BOX-BLR-04,4.19,45.22,2025-01-03 04:10:00
BOX-BLR-04,4.02,41.14,2025-01-03 04:20:00
BOX-BLR-04,4.28,53.43,2025-01-03 04:30:00
BOX-BLR-04,4.36,58.99,2025-01-03 04:40:00
BOX-BLR-04,4.15,46.35,2025-01-03 04:50:00
BOX-BLR-04,4.04,54.4,2025-01-03 05:00:00
BOX-BLR-04,3.88,59.51,2025-01-03 05:10:00
BOX-BLR-04,3.84,47.89,2025-01-03 05:20:00
BOX-BLR-04,3.94,54.09,2025-01-03 05:30:00
BOX-BLR-04,3.96,42.33,2025-01-03 05:40:00
BOX-BLR-04,4.18,48.79,2025-01-03 05:50:00
BOX-BLR-04,4.18,46.38,2025-01-03 06:00:00
BOX-BLR-04,4.29,49.03,2025-01-03 06:10:00
BOX-BLR-04,4.49,44.94,2025-01-03 06:20:00
BOX-BLR-04,4.22,42.48,2025-01-03 06:30:00
BOX-BLR-04,4.3,57.34,2025-01-03 06:40:00
BOX-BLR-04,4.58,55.93,2025-01-03 06:50:00
BOX-BLR-04,4.75,41.58,2025-01-03 07:00:00
BOX-BLR-04,4.57,43.38,2025-01-03 07:10:00
BOX-BLR-04,4.79,50.39,2025-01-03 07:20:00
BOX-BLR-04,4.84,54.05,2025-01-03 07:30:00
BOX-BLR-04,4.95,54.63,2025-01-03 07:40:00
BOX-BLR-04,4.97,57.63,2025-01-03 07:50:00
BOX-BLR-04,5.08,54.48,2025-01-03 08:00:00
BOX-BLR-04,5.31,49.52,2025-01-03 08:10:00
BOX-BLR-04,5.08,54.97,2025-01-03 08:20:00
BOX-BLR-04,4.96,42.71,2025-01-03 08:30:00
BOX-BLR-04,4.86,56.01,2025-01-03 08:40:00
BOX-BLR-04,4.59,59.09,2025-01-03 08:50:00
BOX-BLR-04,4.45,52.44,2025-01-03 09:00:00
BOX-BLR-04,4.62,48.2,2025-01-03 09:10:00
BOX-BLR-04,4.51,56.41,2025-01-03 09:20:00
BOX-BLR-04,4.74,45.97,2025-01-03 09:30:00
BOX-BLR-04,4.96,47.54,2025-01-03 09:40:00
BOX-BLR-04,4.97,41.21,2025-01-03 09:50:00
BOX-BLR-04,4.76,47.79,2025-01-03 10:00:00
BOX-BLR-04,4.87,43.7,2025-01-03 10:10:00
BOX-BLR-04,5.15,59.45,2025-01-03 10:20:00
BOX-BLR-04,5.01,46.79,2025-01-03 10:30:00
BOX-BLR-04,4.73,53.73,2025-01-03 10:40:00
BOX-BLR-04,4.92,47.84,2025-01-03 10:50:00
BOX-BLR-04,4.8,51.02,2025-01-03 11:00:00
BOX-BLR-04,4.61,42.09,2025-01-03 11:10:00
BOX-BLR-04,4.87,41.95,2025-01-03 11:20:00
BOX-BLR-04,5.13,46.44,2025-01-03 11:30:00
BOX-BLR-04,5.2,41.14,2025-01-03 11:40:00
BOX-BLR-04,4.92,59.24,2025-01-03 11:50:00
BOX-BLR-04,5.09,45.33,2025-01-03 12:00:00
BOX-BLR-04,5.0,53.43,2025-01-03 12:10:00
BOX-BLR-04,4.77,53.75,2025-01-03 12:20:00
BOX-BLR-04,4.87,40.84,2025-01-03 12:30:00
BOX-BLR-04,4.87,59.96,2025-01-03 12:40:00
BOX-BLR-04,4.7,44.6,2025-01-03 12:50:00
BOX-BLR-04,4.93,59.61,2025-01-03 13:00:00
BOX-BLR-04,5.01,53.44,2025-01-03 13:10:00
BOX-BLR-04,4.85,45.69,2025-01-03 13:20:00
BOX-BLR-04,4.75,59.17,2025-01-03 13:30:00
BOX-BLR-04,4.78,51.83,2025-01-03 13:40:00
BOX-BLR-04,4.79,42.74,2025-01-03 13:50:00
BOX-BLR-04,4.54,43.87,2025-01-03 14:00:00
BOX-BLR-04,4.56,58.17,2025-01-03 14:10:00
BOX-BLR-04,4.33,49.58,2025-01-03 14:20:00
BOX-BLR-04,4.44,42.91,2025-01-03 14:30:00
BOX-BLR-04,4.43,57.89,2025-01-03 14:40:00
BOX-BLR-04,4.47,53.15,2025-01-03 14:50:00
BOX-BLR-04,4.58,52.71,2025-01-03 15:00:00
BOX-BLR-04,4.65,54.97,2025-01-03 15:10:00
BOX-BLR-04,4.79,54.09,2025-01-03 15:20:00
BOX-BLR-04,5.0,49.22,2025-01-03 15:30:00
BOX-BLR-04,5.0,44.57,2025-01-03 15:40:00
BOX-BLR-04,4.88,43.2,2025-01-03 15:50:00
BOX-BLR-04,4.72,44.7,2025-01-03 16:00:00
BOX-BLR-04,4.61,49.2,2025-01-03 16:10:00
BOX-BLR-04,4.83,42.33,2025-01-03 16:20:00
BOX-BLR-04,4.72,47.57,2025-01-03 16:30:00
BOX-BLR-04,4.94,57.41,2025-01-03 16:40:00
BOX-BLR-04,5.0,51.05,2025-01-03 16:50:00
BOX-BLR-04,4.72,50.74,2025-01-03 17:00:00
BOX-BLR-04,4.43,50.26,2025-01-03 17:10:00
BOX-BLR-04,4.33,48.65,2025-01-03 17:20:00
BOX-BLR-04,4.63,49.75,2025-01-03 17:30:00
BOX-BLR-04,4.72,54.07,2025-01-03 17:40:00
BOX-BLR-04,5.02,50.54,2025-01-03 17:50:00
BOX-BLR-04,4.88,54.24,2025-01-03 18:00:00
BOX-BLR-04,5.13,53.71,2025-01-03 18:10:00
BOX-BLR-04,5.08,51.9,2025-01-03 18:20:00
BOX-BLR-04,5.08,47.0,2025-01-03 18:30:00
BOX-BLR-04,4.87,56.65,2025-01-03 18:40:00
BOX-BLR-04,4.83,51.01,2025-01-03 18:50:00
BOX-BLR-04,5.03,50.82,2025-01-03 19:00:00
BOX-BLR-04,4.84,48.86,2025-01-03 19:10:00
BOX-BLR-04,4.63,54.79,2025-01-03 19:20:00
BOX-BLR-04,4.67,45.58,2025-01-03 19:30:00
BOX-BLR-04,4.62,44.53,2025-01-03 19:40:00
BOX-BLR-04,4.57,48.51,2025-01-03 19:50:00
BOX-BLR-04,4.66,46.53,2025-01-03 20:00:00
BOX-BLR-04,4.55,50.58,2025-01-03 20:10:00
BOX-BLR-04,4.54,40.77,2025-01-03 20:20:00
BOX-BLR-04,4.6,47.7,2025-01-03 20:30:00
BOX-BLR-04,4.76,45.34,2025-01-03 20:40:00
BOX-BLR-04,4.57,57.77,2025-01-03 20:50:00
BOX-BLR-04,4.62,47.49,2025-01-03 21:00:00
BOX-BLR-04,4.5,51.42,2025-01-03 21:10:00
BOX-BLR-04,4.22,43.42,2025-01-03 21:20:00
BOX-BLR-04,4.12,41.4,2025-01-03 21:30:00
BOX-BLR-04,3.98,45.29,2025-01-03 21:40:00
BOX-BLR-04,4.19,49.05,2025-01-03 21:50:00
BOX-BLR-04,4.32,45.6,2025-01-03 22:00:00
BOX-BLR-04,4.42,57.1,2025-01-03 22:10:00
BOX-BLR-04,4.3,43.11,2025-01-03 22:20:00
BOX-BLR-04,4.45,44.41,2025-01-03 22:30:00
BOX-BLR-04,4.3,56.12,2025-01-03 22:40:00
BOX-BLR-04,4.54,54.9,2025-01-03 22:50:00
BOX-BLR-04,4.46,50.54,2025-01-03 23:00:00
BOX-BLR-04,4.46,44.12,2025-01-03 23:10:00
BOX-BLR-04,4.5,51.53,2025-01-03 23:20:00
BOX-BLR-04,4.54,48.79,2025-01-03 23:30:00
BOX-BLR-04,4.47,44.66,2025-01-03 23:40:00
BOX-BLR-04,4.18,59.3,2025-01-03 23:50:00
BOX-BLR-04,3.98,46.07,2025-01-04 00:00:00
BOX-BLR-04,4.18,57.25,2025-01-04 00:10:00
BOX-BLR-04,4.01,40.21,2025-01-04 00:20:00
BOX-BLR-04,3.83,47.07,2025-01-04 00:30:00
BOX-BLR-04,3.68,51.18,2025-01-04 00:40:00
BOX-BLR-04,3.48,52.5,2025-01-04 00:50:00
BOX-BLR-04,3.29,43.44,2025-01-04 01:00:00
BOX-BLR-04,3.18,56.61,2025-01-04 01:10:00
BOX-BLR-04,3.24,41.59,2025-01-04 01:20:00
BOX-BLR-04,3.14,50.16,2025-01-04 01:30:00
BOX-BLR-04,3.27,47.16,2025-01-04 01:40:00
BOX-BLR-04,3.14,55.74,2025-01-04 01:50:00
BOX-BLR-04,3.29,53.54,2025-01-04 02:00:00
BOX-BLR-04,3.31,51.03,2025-01-04 02:10:00
BOX-BLR-04,3.16,50.89,2025-01-04 02:20:00
BOX-BLR-04,3.29,54.98,2025-01-04 02:30:00
BOX-BLR-04,3.41,49.04,2025-01-04 02:40:00
BOX-BLR-04,3.35,51.68,2025-01-04 02:50:00
BOX-BLR-04,3.43,49.17,2025-01-04 03:00:00
BOX-BLR-04,3.15,41.39,2025-01-04 03:10:00
BOX-BLR-04,2.91,59.87,2025-01-04 03:20:00
BOX-BLR-04,2.91,49.14,2025-01-04 03:30:00
BOX-BLR-04,2.8,52.04,2025-01-04 03:40:00
BOX-BLR-04,2.55,47.44,2025-01-04 03:50:00
BOX-BLR-04,2.64,59.86,2025-01-04 04:00:00
BOX-BLR-04,2.84,49.81,2025-01-04 04:10:00
BOX-BLR-04,2.6,56.32,2025-01-04 04:20:00
BOX-BLR-04,2.88,51.03,2025-01-04 04:30:00
BOX-BLR-04,3.02,47.2,2025-01-04 04:40:00
BOX-BLR-04,2.81,52.49,2025-01-04 04:50:00
BOX-BLR-04,3.09,40.33,2025-01-04 05:00:00
BOX-BLR-04,2.92,58.67,2025-01-04 05:10:00
BOX-BLR-04,2.74,49.84,2025-01-04 05:20:00
BOX-BLR-04,2.99,53.49,2025-01-04 05:30:00
BOX-BLR-04,3.06,57.07,2025-01-04 05:40:00
BOX-BLR-04,2.88,54.55,2025-01-04 05:50:00
BOX-BLR-04,2.98,55.21,2025-01-04 06:00:00
BOX-BLR-04,2.77,41.44,2025-01-04 06:10:00
BOX-BLR-04,2.65,53.74,2025-01-04 06:20:00
BOX-BLR-04,2.92,57.88,2025-01-04 06:30:00
BOX-BLR-04,3.1,55.13,2025-01-04 06:40:00
BOX-BLR-04,3.14,48.65,2025-01-04 06:50:00
BOX-BLR-04,2.95,52.94,2025-01-04 07:00:00
BOX-BLR-04,2.83,41.88,2025-01-04 07:10:00
BOX-BLR-04,3.08,44.9,2025-01-04 07:20:00
BOX-BLR-04,3.06,55.94,2025-01-04 07:30:00
BOX-BLR-04,2.77,59.95,2025-01-04 07:40:00
BOX-BLR-04,2.96,47.59,2025-01-04 07:50:00
BOX-BLR-04,2.85,52.38,2025-01-04 08:00:00
BOX-BLR-04,2.66,49.06,2025-01-04 08:10:00
BOX-BLR-04,2.68,47.51,2025-01-04 08:20:00
BOX-BLR-04,2.41,48.71,2025-01-04 08:30:00
BOX-BLR-04,2.48,46.46,2025-01-04 08:40:00
BOX-BLR-04,2.4,42.97,2025-01-04 08:50:00
BOX-BLR-04,2.22,45.98,2025-01-04 09:00:00
BOX-BLR-04,1.94,48.37,2025-01-04 09:10:00
BOX-BLR-04,1.97,45.65,2025-01-04 09:20:00
BOX-BLR-04,1.81,44.71,2025-01-04 09:30:00
BOX-BLR-04,1.86,48.56,2025-01-04 09:40:00
BOX-BLR-04,1.99,49.97,2025-01-04 09:50:00
BOX-BLR-04,2.13,52.65,2025-01-04 10:00:00
BOX-BLR-04,2.15,55.96,2025-01-04 10:10:00
BOX-BLR-04,2.22,59.72,2025-01-04 10:20:00
BOX-BLR-04,2.15,50.56,2025-01-04 10:30:00
BOX-BLR-04,2.3,54.99,2025-01-04 10:40:00
BOX-BLR-04,2.21,48.92,2025-01-04 10:50:00
BOX-BLR-04,2.49,56.48,2025-01-04 11:00:00
BOX-BLR-04,2.48,53.04,2025-01-04 11:10:00
BOX-BLR-04,2.61,42.56,2025-01-04 11:20:00
BOX-BLR-04,2.34,46.47,2025-01-04 11:30:00
BOX-BLR-04,2.35,46.26,2025-01-04 11:40:00
BOX-BLR-04,2.08,51.88,2025-01-04 11:50:00
BOX-BLR-04,2.09,43.38,2025-01-04 12:00:00
BOX-BLR-04,2.01,54.44,2025-01-04 12:10:00
BOX-BLR-04,2.12,57.27,2025-01-04 12:20:00
BOX-BLR-04,2.35,42.97,2025-01-04 12:30:00
BOX-BLR-04,2.26,45.21,2025-01-04 12:40:00
BOX-BLR-04,2.28,42.62,2025-01-04 12:50:00
BOX-BLR-04,2.3,45.85,2025-01-04 13:00:00
BOX-BLR-04,2.55,49.83,2025-01-04 13:10:00
BOX-BLR-04,2.43,46.57,2025-01-04 13:20:00
BOX-BLR-04,2.58,54.32,2025-01-04 13:30:00
BOX-BLR-04,2.57,59.45,2025-01-04 13:40:00
BOX-BLR-04,2.54,44.19,2025-01-04 13:50:00
BOX-BLR-04,2.75,46.21,2025-01-04 14:00:00
BOX-BLR-04,2.66,40.6,2025-01-04 14:10:00
BOX-BLR-04,2.37,57.13,2025-01-04 14:20:00
BOX-BLR-04,2.19,52.2,2025-01-04 14:30:00
BOX-BLR-04,2.16,48.21,2025-01-04 14:40:00
BOX-BLR-04,2.19,52.19,2025-01-04 14:50:00
BOX-BLR-04,2.27,56.32,2025-01-04 15:00:00
BOX-BLR-04,2.46,40.18,2025-01-04 15:10:00
BOX-BLR-04,2.67,44.81,2025-01-04 15:20:00
BOX-BLR-04,2.95,44.64,2025-01-04 15:30:00
BOX-BLR-04,3.12,40.73,2025-01-04 15:40:00
BOX-BLR-04,3.14,46.19,2025-01-04 15:50:00
BOX-BLR-04,3.07,45.54,2025-01-04 16:00:00
BOX-BLR-04,2.98,56.9,2025-01-04 16:10:00
BOX-BLR-04,3.2,49.64,2025-01-04 16:20:00
BOX-BLR-04,3.06,40.73,2025-01-04 16:30:00
BOX-BLR-04,3.18,42.12,2025-01-04 16:40:00
BOX-BLR-04,3.35,46.23,2025-01-04 16:50:00
BOX-BLR-04,3.31,41.75,2025-01-04 17:00:00
BOX-BLR-04,3.35,41.26,2025-01-04 17:10:00
BOX-BLR-04,3.44,41.9,2025-01-04 17:20:00
BOX-BLR-04,3.2,55.42,2025-01-04 17:30:00
BOX-BLR-04,3.38,50.2,2025-01-04 17:40:00
BOX-BLR-04,3.1,54.86,2025-01-04 17:50:00
BOX-BLR-04,3.32,51.28,2025-01-04 18:00:00
BOX-BLR-04,3.56,59.75,2025-01-04 18:10:00
BOX-BLR-04,3.57,53.77,2025-01-04 18:20:00
BOX-BLR-04,3.31,41.89,2025-01-04 18:30:00
BOX-BLR-04,3.43,55.07,2025-01-04 18:40:00
BOX-BLR-04,3.47,48.95,2025-01-04 18:50:00
BOX-BLR-04,3.55,47.73,2025-01-04 19:00:00
BOX-BLR-04,3.26,57.78,2025-01-04 19:10:00
BOX-BLR-04,3.53,49.26,2025-01-04 19:20:00
BOX-BLR-04,3.66,41.84,2025-01-04 19:30:00
BOX-BLR-04,3.89,59.93,2025-01-04 19:40:00
BOX-BLR-04,3.64,49.06,2025-01-04 19:50:00
BOX-BLR-04,3.93,54.4,2025-01-04 20:00:00
BOX-BLR-04,3.71,57.77,2025-01-04 20:10:00
BOX-BLR-04,3.76,44.6,2025-01-04 20:20:00
BOX-BLR-04,3.82,50.66,2025-01-04 20:30:00
BOX-BLR-04,3.65,58.4,2025-01-04 20:40:00
BOX-BLR-04,3.8,57.26,2025-01-04 20:50:00
BOX-BLR-04,3.99,50.6,2025-01-04 21:00:00
BOX-BLR-04,3.91,55.99,2025-01-04 21:10:00
BOX-BLR-04,3.89,52.39,2025-01-04 21:20:00
BOX-BLR-04,4.16,43.73,2025-01-04 21:30:00
BOX-BLR-04,4.15,56.44,2025-01-04 21:40:00
BOX-BLR-04,4.32,44.86,2025-01-04 21:50:00
BOX-BLR-04,4.45,57.63,2025-01-04 22:00:00
BOX-BLR-04,4.2,49.25,2025-01-04 22:10:00
BOX-BLR-04,3.9,49.87,2025-01-04 22:20:00
BOX-BLR-04,3.69,57.43,2025-01-04 22:30:00
BOX-BLR-04,3.94,50.43,2025-01-04 22:40:00
BOX-BLR-04,3.85,45.39,2025-01-04 22:50:00
BOX-BLR-04,3.81,56.51,2025-01-04 23:00:00
BOX-BLR-04,4.07,43.05,2025-01-04 23:10:00
BOX-BLR-04,3.97,55.41,2025-01-04 23:20:00
BOX-BLR-04,4.23,47.35,2025-01-04 23:30:00
BOX-BLR-04,4.15,59.47,2025-01-04 23:40:00
BOX-BLR-04,3.88,41.44,2025-01-04 23:50:00
BOX-BLR-04,4.08,58.77,2025-01-05 00:00:00
BOX-BLR-04,3.98,56.6,2025-01-05 00:10:00
BOX-BLR-04,3.82,50.68,2025-01-05 00:20:00
BOX-BLR-04,3.8,47.96,2025-01-05 00:30:00
BOX-BLR-04,3.64,52.15,2025-01-05 00:40:00
BOX-BLR-04,3.41,42.98,2025-01-05 00:50:00
BOX-BLR-04,3.11,41.23,2025-01-05 01:00:00
BOX-BLR-04,3.2,50.58,2025-01-05 01:10:00
BOX-BLR-04,3.22,54.2,2025-01-05 01:20:00
BOX-BLR-04,3.39,53.44,2025-01-05 01:30:00
BOX-BLR-04,3.43,48.46,2025-01-05 01:40:00
BOX-BLR-04,3.26,50.68,2025-01-05 01:50:00
BOX-BLR-04,3.4,47.5,2025-01-05 02:00:00
BOX-BLR-04,3.37,46.57,2025-01-05 02:10:00
BOX-BLR-04,3.63,42.69,2025-01-05 02:20:00
BOX-BLR-04,3.67,52.87,2025-01-05 02:30:00
BOX-BLR-04,3.56,58.7,2025-01-05 02:40:00
BOX-BLR-04,3.43,50.78,2025-01-05 02:50:00
BOX-BLR-04,3.52,40.74,2025-01-05 03:00:00
BOX-BLR-04,3.73,49.29,2025-01-05 03:10:00
BOX-BLR-04,3.48,50.15,2025-01-05 03:20:00
BOX-BLR-04,3.35,51.73,2025-01-05 03:30:00
BOX-BLR-04,3.42,40.81,2025-01-05 03:40:00
BOX-BLR-04,3.66,47.55,2025-01-05 03:50:00
BOX-BLR-04,3.38,58.4,2025-01-05 04:00:00
BOX-BLR-04,3.57,56.63,2025-01-05 04:10:00
BOX-BLR-04,3.49,45.77,2025-01-05 04:20:00
BOX-BLR-04,3.25,40.57,2025-01-05 04:30:00
BOX-BLR-04,3.01,40.16,2025-01-05 04:40:00
BOX-BLR-04,2.85,46.34,2025-01-05 04:50:00
BOX-BLR-04,2.98,53.31,2025-01-05 05:00:00
BOX-BLR-04,3.22,54.41,2025-01-05 05:10:00
BOX-BLR-04,2.92,48.61,2025-01-05 05:20:00
BOX-BLR-04,2.72,57.07,2025-01-05 05:30:00
BOX-BLR-04,2.87,43.44,2025-01-05 05:40:00
BOX-BLR-04,2.95,42.48,2025-01-05 05:50:00
BOX-BLR-04,2.96,44.18,2025-01-05 06:00:00
BOX-BLR-04,3.04,59.79,2025-01-05 06:10:00
BOX-BLR-04,3.28,59.66,2025-01-05 06:20:00
BOX-BLR-04,2.99,57.21,2025-01-05 06:30:00
BOX-BLR-04,2.81,59.75,2025-01-05 06:40:00
BOX-BLR-04,2.83,40.05,2025-01-05 06:50:00
BOX-BLR-04,2.73,40.31,2025-01-05 07:00:00
BOX-BLR-04,2.72,52.83,2025-01-05 07:10:00
BOX-BLR-04,2.62,42.09,2025-01-05 07:20:00
BOX-BLR-04,2.38,53.56,2025-01-05 07:30:00
BOX-BLR-04,2.09,53.7,2025-01-05 07:40:00
BOX-BLR-04,2.05,49.06,2025-01-05 07:50:00
BOX-BLR-04,1.93,59.27,2025-01-05 08:00:00
BOX-BLR-04,2.04,53.06,2025-01-05 08:10:00
BOX-BLR-04,2.23,48.18,2025-01-05 08:20:00
BOX-BLR-04,2.18,41.45,2025-01-05 08:30:00
BOX-BLR-04,2.35,52.76,2025-01-05 08:40:00
BOX-BLR-04,2.08,52.93,2025-01-05 08:50:00
BOX-BLR-04,1.94,53.23,2025-01-05 09:00:00
BOX-BLR-04,1.82,53.11,2025-01-05 09:10:00
BOX-BLR-04,1.52,56.7,2025-01-05 09:20:00
BOX-BLR-04,1.35,49.77,2025-01-05 09:30:00
BOX-BLR-04,1.29,42.25,2025-01-05 09:40:00
BOX-BLR-04,1.53,53.43,2025-01-05 09:50:00
BOX-BLR-04,1.77,50.04,2025-01-05 10:00:00
BOX-BLR-04,1.98,41.66,2025-01-05 10:10:00
BOX-BLR-04,1.87,51.89,2025-01-05 10:20:00
BOX-BLR-04,1.77,45.24,2025-01-05 10:30:00
BOX-BLR-04,1.76,48.31,2025-01-05 10:40:00
BOX-BLR-04,1.84,56.36,2025-01-05 10:50:00
BOX-BLR-04,1.59,58.82,2025-01-05 11:00:00
BOX-BLR-04,1.55,48.18,2025-01-05 11:10:00
BOX-BLR-04,1.31,47.7,2025-01-05 11:20:00
BOX-BLR-04,1.13,57.39,2025-01-05 11:30:00
BOX-BLR-04,1.23,44.35,2025-01-05 11:40:00
BOX-BLR-04,0.97,53.31,2025-01-05 11:50:00
BOX-BLR-04,1.22,44.99,2025-01-05 12:00:00
BOX-BLR-04,1.2,50.7,2025-01-05 12:10:00
BOX-BLR-04,1.41,59.09,2025-01-05 12:20:00
BOX-BLR-04,1.26,42.45,2025-01-05 12:30:00
BOX-BLR-04,1.02,45.1,2025-01-05 12:40:00
BOX-BLR-04,0.94,40.64,2025-01-05 12:50:00
BOX-BLR-04,1.13,55.93,2025-01-05 13:00:00
BOX-BLR-04,0.91,40.99,2025-01-05 13:10:00
BOX-BLR-04,0.82,43.04,2025-01-05 13:20:00
BOX-BLR-04,0.98,53.57,2025-01-05 13:30:00
BOX-BLR-04,1.05,57.12,2025-01-05 13:40:00
BOX-BLR-04,1.16,46.61,2025-01-05 13:50:00
BOX-BLR-04,1.13,56.57,2025-01-05 14:00:00
BOX-BLR-04,1.02,46.98,2025-01-05 14:10:00
BOX-BLR-04,0.77,43.32,2025-01-05 14:20:00
BOX-BLR-04,0.96,59.8,2025-01-05 14:30:00
BOX-BLR-04,1.13,45.06,2025-01-05 14:40:00
BOX-BLR-04,0.88,41.75,2025-01-05 14:50:00
BOX-BLR-04,0.76,48.31,2025-01-05 15:00:00
BOX-BLR-04,0.77,42.37,2025-01-05 15:10:00
BOX-BLR-04,0.99,47.79,2025-01-05 15:20:00
BOX-BLR-04,1.01,58.28,2025-01-05 15:30:00
BOX-BLR-04,1.07,51.74,2025-01-05 15:40:00
BOX-BLR-04,1.32,54.42,2025-01-05 15:50:00
BOX-BLR-04,1.49,41.09,2025-01-05 16:00:00
BOX-BLR-04,1.32,53.35,2025-01-05 16:10:00
BOX-BLR-04,1.29,59.71,2025-01-05 16:20:00
BOX-BLR-04,1.08,51.54,2025-01-05 16:30:00
BOX-BLR-04,1.21,50.95,2025-01-05 16:40:00
BOX-BLR-04,1.32,58.25,2025-01-05 16:50:00
BOX-BLR-04,1.57,57.56,2025-01-05 17:00:00
BOX-BLR-04,1.33,57.17,2025-01-05 17:10:00
BOX-BLR-04,1.48,45.1,2025-01-05 17:20:00
BOX-BLR-04,1.66,59.79,2025-01-05 17:30:00
BOX-BLR-04,1.54,44.34,2025-01-05 17:40:00
BOX-BLR-04,1.35,46.17,2025-01-05 17:50:00
BOX-BLR-04,1.23,44.12,2025-01-05 18:00:00
BOX-BLR-04,1.0,40.33,2025-01-05 18:10:00
BOX-BLR-04,1.26,49.26,2025-01-05 18:20:00
BOX-BLR-04,1.13,53.91,2025-01-05 18:30:00
BOX-BLR-04,1.34,45.43,2025-01-05 18:40:00
BOX-BLR-04,1.19,51.96,2025-01-05 18:50:00
BOX-BLR-04,1.11,56.72,2025-01-05 19:00:00
BOX-BLR-04,1.02,57.99,2025-01-05 19:10:00
BOX-BLR-04,0.75,51.16,2025-01-05 19:20:00
BOX-BLR-04,0.6,42.17,2025-01-05 19:30:00
BOX-BLR-04,0.33,50.78,2025-01-05 19:40:00
BOX-BLR-04,0.48,47.2,2025-01-05 19:50:00
BOX-BLR-04,0.49,54.69,2025-01-05 20:00:00
BOX-BLR-04,0.44,54.13,2025-01-05 20:10:00
BOX-BLR-04,0.22,59.79,2025-01-05 20:20:00
BOX-BLR-04,0.32,54.23,2025-01-05 20:30:00
BOX-BLR-04,0.5,42.64,2025-01-05 20:40:00
BOX-BLR-04,0.45,56.28,2025-01-05 20:50:00
BOX-BLR-04,0.61,46.98,2025-01-05 21:00:00
BOX-BLR-04,0.66,50.28,2025-01-05 21:10:00
BOX-BLR-04,0.86,53.44,2025-01-05 21:20:00
BOX-BLR-04,0.72,55.52,2025-01-05 21:30:00
BOX-BLR-04,0.43,47.5,2025-01-05 21:40:00
BOX-BLR-04,0.47,52.14,2025-01-05 21:50:00
BOX-BLR-04,0.23,41.99,2025-01-05 22:00:00
BOX-BLR-04,0.41,41.56,2025-01-05 22:10:00
BOX-BLR-04,0.54,56.14,2025-01-05 22:20:00
BOX-BLR-04,0.29,46.43,2025-01-05 22:30:00
BOX-BLR-04,0.3,45.74,2025-01-05 22:40:00
BOX-BLR-04,0.26,52.95,2025-01-05 22:50:00
BOX-BLR-04,0.36,52.51,2025-01-05 23:00:00
BOX-BLR-04,0.64,43.03,2025-01-05 23:10:00
BOX-BLR-04,0.78,43.82,2025-01-05 23:20:00
BOX-BLR-04,0.54,48.59,2025-01-05 23:30:00
BOX-BLR-04,0.44,48.32,2025-01-05 23:40:00
BOX-BLR-04,0.15,46.79,2025-01-05 23:50:00
BOX-BLR-04,0.21,40.31,2025-01-06 00:00:00
BOX-BLR-04,-0.05,56.58,2025-01-06 00:10:00
BOX-BLR-04,-0.31,56.14,2025-01-06 00:20:00
BOX-BLR-04,-0.35,57.92,2025-01-06 00:30:00
BOX-BLR-04,-0.17,55.82,2025-01-06 00:40:00
BOX-BLR-04,0.05,56.84,2025-01-06 00:50:00
BOX-BLR-04,-0.23,51.03,2025-01-06 01:00:00
BOX-BLR-04,-0.35,44.99,2025-01-06 01:10:00
BOX-BLR-04,-0.08,53.66,2025-01-06 01:20:00
BOX-BLR-04,-0.32,47.74,2025-01-06 01:30:00
BOX-BLR-04,-0.43,53.96,2025-01-06 01:40:00
BOX-BLR-04,-0.63,46.84,2025-01-06 01:50:00
BOX-BLR-04,-0.41,50.18,2025-01-06 02:00:00
BOX-BLR-04,-0.5,47.83,2025-01-06 02:10:00
BOX-BLR-04,-0.51,51.7,2025-01-06 02:20:00
BOX-BLR-04,-0.27,42.06,2025-01-06 02:30:00
BOX-BLR-04,-0.48,41.96,2025-01-06 02:40:00
BOX-BLR-04,-0.47,49.88,2025-01-06 02:50:00
BOX-BLR-04,-0.53,44.61,2025-01-06 03:00:00
BOX-BLR-04,-0.71,55.98,2025-01-06 03:10:00
BOX-BLR-04,-0.84,44.28,2025-01-06 03:20:00
BOX-BLR-04,-0.67,43.77,2025-01-06 03:30:00
BOX-BLR-04,-0.6,53.13,2025-01-06 03:40:00
BOX-BLR-04,-0.31,49.15,2025-01-06 03:50:00
BOX-BLR-04,-0.53,56.96,2025-01-06 04:00:00
BOX-BLR-04,-0.58,41.03,2025-01-06 04:10:00
BOX-BLR-04,-0.66,43.41,2025-01-06 04:20:00
BOX-BLR-04,-0.44,46.81,2025-01-06 04:30:00
BOX-BLR-04,-0.2,50.86,2025-01-06 04:40:00
BOX-BLR-04,-0.38,57.92,2025-01-06 04:50:00
BOX-BLR-04,-0.14,54.57,2025-01-06 05:00:00
BOX-BLR-04,-0.13,50.14,2025-01-06 05:10:00
BOX-BLR-04,-0.1,40.05,2025-01-06 05:20:00
BOX-BLR-04,-0.17,45.13,2025-01-06 05:30:00
BOX-BLR-04,0.09,46.28,2025-01-06 05:40:00
BOX-BLR-04,-0.05,57.41,2025-01-06 05:50:00
BOX-BLR-04,-0.06,49.8,2025-01-06 06:00:00
BOX-BLR-04,0.09,58.26,2025-01-06 06:10:00
BOX-BLR-04,-0.1,51.48,2025-01-06 06:20:00
BOX-BLR-04,0.15,45.85,2025-01-06 06:30:00
BOX-BLR-04,0.17,46.11,2025-01-06 06:40:00
BOX-BLR-04,0.46,42.54,2025-01-06 06:50:00
BOX-BLR-04,0.53,47.4,2025-01-06 07:00:00
BOX-BLR-04,0.53,58.19,2025-01-06 07:10:00
BOX-BLR-04,0.41,46.54,2025-01-06 07:20:00
BOX-BLR-04,0.53,42.36,2025-01-06 07:30:00
BOX-BLR-04,0.34,47.51,2025-01-06 07:40:00
BOX-BLR-04,0.32,42.5,2025-01-06 07:50:00
BOX-BLR-04,0.24,53.49,2025-01-06 08:00:00
BOX-BLR-04,0.34,41.24,2025-01-06 08:10:00
BOX-BLR-04,0.49,45.02,2025-01-06 08:20:00
BOX-BLR-04,0.36,54.51,2025-01-06 08:30:00
BOX-BLR-04,0.42,57.43,2025-01-06 08:40:00
BOX-BLR-04,0.42,51.15,2025-01-06 08:50:00
BOX-BLR-04,0.7,55.31,2025-01-06 09:00:00
BOX-BLR-04,0.79,43.02,2025-01-06 09:10:00
BOX-BLR-04,0.83,42.82,2025-01-06 09:20:00
BOX-BLR-04,1.06,44.24,2025-01-06 09:30:00
BOX-BLR-04,1.1,43.77,2025-01-06 09:40:00
BOX-BLR-04,0.94,40.37,2025-01-06 09:50:00
BOX-BLR-04,0.65,41.18,2025-01-06 10:00:00
BOX-BLR-04,0.61,51.3,2025-01-06 10:10:00
BOX-BLR-04,0.69,41.75,2025-01-06 10:20:00
BOX-BLR-04,0.55,54.02,2025-01-06 10:30:00
BOX-BLR-04,0.33,47.35,2025-01-06 10:40:00
BOX-BLR-04,0.25,50.04,2025-01-06 10:50:00
BOX-BLR-04,0.33,54.25,2025-01-06 11:00:00
BOX-BLR-04,0.31,42.47,2025-01-06 11:10:00
BOX-BLR-04,0.54,46.95,2025-01-06 11:20:00
BOX-BLR-04,0.84,46.05,2025-01-06 11:30:00
BOX-BLR-04,0.56,51.86,2025-01-06 11:40:00
BOX-BLR-04,0.68,44.62,2025-01-06 11:50:00
BOX-BLR-04,0.81,59.47,2025-01-06 12:00:00
BOX-BLR-04,0.96,56.78,2025-01-06 12:10:00
BOX-BLR-04,0.79,45.55,2025-01-06 12:20:00
BOX-BLR-04,0.94,57.47,2025-01-06 12:30:00
BOX-BLR-04,1.12,42.84,2025-01-06 12:40:00
BOX-BLR-04,0.91,42.75,2025-01-06 12:50:00
BOX-BLR-04,1.12,45.83,2025-01-06 13:00:00
BOX-BLR-04,1.07,44.76,2025-01-06 13:10:00
BOX-BLR-04,1.05,47.79,2025-01-06 13:20:00
BOX-BLR-04,1.09,57.06,2025-01-06 13:30:00
BOX-BLR-04,1.01,42.52,2025-01-06 13:40:00
BOX-BLR-04,1.1,48.28,2025-01-06 13:50:00
BOX-BLR-04,1.21,55.4,2025-01-06 14:00:00
BOX-BLR-04,1.36,45.43,2025-01-06 14:10:00
BOX-BLR-04,1.15,44.26,2025-01-06 14:20:00
BOX-BLR-04,1.02,41.21,2025-01-06 14:30:00
BOX-BLR-04,1.11,51.72,2025-01-06 14:40:00
BOX-BLR-04,1.15,40.57,2025-01-06 14:50:00
BOX-BLR-04,1.35,50.95,2025-01-06 15:00:00
BOX-BLR-04,1.25,59.99,2025-01-06 15:10:00
BOX-BLR-04,0.98,52.02,2025-01-06 15:20:00
BOX-BLR-04,1.27,48.5,2025-01-06 15:30:00
BOX-BLR-04,0.98,47.37,2025-01-06 15:40:00
BOX-BLR-04,0.96,52.28,2025-01-06 15:50:00
BOX-BLR-04,0.86,46.4,2025-01-06 16:00:00
BOX-BLR-04,0.74,45.82,2025-01-06 16:10:00
BOX-BLR-04,0.46,42.55,2025-01-06 16:20:00
BOX-BLR-04,0.59,55.44,2025-01-06 16:30:00
BOX-BLR-04,0.52,50.4,2025-01-06 16:40:00
BOX-BLR-04,0.34,54.86,2025-01-06 16:50:00
BOX-BLR-04,0.25,44.16,2025-01-06 17:00:00
BOX-BLR-04,0.04,41.24,2025-01-06 17:10:00
BOX-BLR-04,-0.15,56.83,2025-01-06 17:20:00
BOX-BLR-04,-0.11,44.35,2025-01-06 17:30:00
BOX-BLR-04,-0.12,51.73,2025-01-06 17:40:00
BOX-BLR-04,-0.09,56.86,2025-01-06 17:50:00
BOX-BLR-04,-0.03,45.92,2025-01-06 18:00:00
BOX-BLR-04,0.16,51.26,2025-01-06 18:10:00
BOX-BLR-04,-0.09,43.2,2025-01-06 18:20:00
BOX-BLR-04,-0.18,43.93,2025-01-06 18:30:00
BOX-BLR-04,-0.22,45.3,2025-01-06 18:40:00
BOX-BLR-04,-0.23,58.74,2025-01-06 18:50:00
BOX-BLR-04,0.05,46.75,2025-01-06 19:00:00
BOX-BLR-04,-0.09,54.14,2025-01-06 19:10:00
BOX-BLR-04,-0.25,53.55,2025-01-06 19:20:00
BOX-BLR-04,-0.15,59.41,2025-01-06 19:30:00
BOX-BLR-04,-0.0,40.16,2025-01-06 19:40:00
BOX-BLR-04,-0.27,43.1,2025-01-06 19:50:00
BOX-BLR-04,-0.29,42.57,2025-01-06 20:00:00
BOX-BLR-04,-0.05,55.37,2025-01-06 20:10:00
BOX-BLR-04,-0.2,44.83,2025-01-06 20:20:00
BOX-BLR-04,-0.22,48.16,2025-01-06 20:30:00
BOX-BLR-04,-0.07,59.18,2025-01-06 20:40:00
BOX-BLR-04,-0.25,41.13,2025-01-06 20:50:00
BOX-BLR-04,-0.51,50.54,2025-01-06 21:00:00
BOX-BLR-04,-0.27,44.28,2025-01-06 21:10:00
BOX-BLR-04,-0.21,51.74,2025-01-06 21:20:00
BOX-BLR-04,-0.33,44.49,2025-01-06 21:30:00
BOX-BLR-04,-0.37,51.85,2025-01-06 21:40:00
BOX-BLR-04,-0.24,42.88,2025-01-06 21:50:00
BOX-BLR-04,0.04,41.26,2025-01-06 22:00:00
BOX-BLR-04,-0.21,48.46,2025-01-06 22:10:00
BOX-BLR-04,-0.45,48.15,2025-01-06 22:20:00
BOX-BLR-04,-0.62,44.99,2025-01-06 22:30:00
BOX-BLR-04,-0.81,54.63,2025-01-06 22:40:00
BOX-BLR-04,-0.76,50.78,2025-01-06 22:50:00
BOX-BLR-04,-0.7,58.59,2025-01-06 23:00:00
BOX-BLR-04,-0.7,54.26,2025-01-06 23:10:00
BOX-BLR-04,-0.97,56.19,2025-01-06 23:20:00
BOX-BLR-04,-0.9,41.02,2025-01-06 23:30:00
BOX-BLR-04,-1.17,51.67,2025-01-06 23:40:00
BOX-BLR-04,-1.0,57.0,2025-01-06 23:50:00
BOX-BLR-04,-1.2,44.05,2025-01-07 00:00:00
BOX-BLR-04,-0.95,57.13,2025-01-07 00:10:00
BOX-BLR-04,-0.96,41.07,2025-01-07 00:20:00
BOX-BLR-04,-1.02,56.62,2025-01-07 00:30:00
BOX-BLR-04,-1.28,43.98,2025-01-07 00:40:00
BOX-BLR-04,-1.23,49.27,2025-01-07 00:50:00
BOX-BLR-04,-1.36,48.93,2025-01-07 01:00:00
BOX-BLR-04,-1.19,41.96,2025-01-07 01:10:00
BOX-BLR-04,-1.09,53.57,2025-01-07 01:20:00
BOX-BLR-04,-0.8,40.41,2025-01-07 01:30:00
BOX-BLR-04,-0.92,40.16,2025-01-07 01:40:00
BOX-BLR-04,-1.12,44.94,2025-01-07 01:50:00
BOX-BLR-04,-1.02,54.91,2025-01-07 02:00:00
BOX-BLR-04,-1.03,42.3,2025-01-07 02:10:00
BOX-BLR-04,-1.19,40.24,2025-01-07 02:20:00
BOX-BLR-04,-0.93,41.37,2025-01-07 02:30:00
BOX-BLR-04,-0.93,40.99,2025-01-07 02:40:00
BOX-BLR-04,-0.96,49.68,2025-01-07 02:50:00
BOX-BLR-04,-1.01,48.61,2025-01-07 03:00:00
BOX-BLR-04,-1.09,53.99,2025-01-07 03:10:00
BOX-BLR-04,-0.88,44.46,2025-01-07 03:20:00
BOX-BLR-04,-1.0,42.67,2025-01-07 03:30:00
BOX-BLR-04,-0.82,47.43,2025-01-07 03:40:00
BOX-BLR-04,-1.1,52.19,2025-01-07 03:50:00
BOX-BLR-04,-1.35,46.69,2025-01-07 04:00:00
BOX-BLR-04,-1.15,56.34,2025-01-07 04:10:00
BOX-BLR-04,-1.44,43.35,2025-01-07 04:20:00
BOX-BLR-04,-1.62,57.69,2025-01-07 04:30:00
BOX-BLR-04,-1.82,44.02,2025-01-07 04:40:00
BOX-BLR-04,-1.86,56.61,2025-01-07 04:50:00
BOX-BLR-04,-2.02,49.7,2025-01-07 05:00:00
BOX-BLR-04,-1.9,50.91,2025-01-07 05:10:00
BOX-BLR-04,-1.94,57.36,2025-01-07 05:20:00
BOX-BLR-04,-1.91,47.4,2025-01-07 05:30:00
BOX-BLR-04,-2.04,46.34,2025-01-07 05:40:00
BOX-BLR-04,-2.31,50.36,2025-01-07 05:50:00
BOX-BLR-04,-2.1,46.21,2025-01-07 06:00:00
BOX-BLR-04,-2.13,41.75,2025-01-07 06:10:00
BOX-BLR-04,-2.33,52.48,2025-01-07 06:20:00
BOX-BLR-04,-2.06,50.64,2025-01-07 06:30:00
BOX-BLR-04,-2.14,55.18,2025-01-07 06:40:00
BOX-BLR-04,-1.87,50.59,2025-01-07 06:50:00
BOX-BLR-04,-1.89,54.07,2025-01-07 07:00:00
BOX-BLR-04,-1.6,51.92,2025-01-07 07:10:00
BOX-BLR-04,-1.35,56.28,2025-01-07 07:20:00
BOX-BLR-04,-1.1,51.48,2025-01-07 07:30:00
BOX-BLR-04,-1.34,46.89,2025-01-07 07:40:00
BOX-BLR-04,-1.19,46.11,2025-01-07 07:50:00
BOX-BLR-04,-1.06,42.79,2025-01-07 08:00:00
BOX-BLR-04,-0.78,53.67,2025-01-07 08:10:00
BOX-BLR-04,-1.02,47.22,2025-01-07 08:20:00
BOX-BLR-04,-1.04,45.29,2025-01-07 08:30:00
BOX-BLR-04,-0.95,42.26,2025-01-07 08:40:00
BOX-BLR-04,-1.22,57.64,2025-01-07 08:50:00
BOX-BLR-04,-1.23,51.48,2025-01-07 09:00:00
BOX-BLR-04,-1.35,51.44,2025-01-07 09:10:00
BOX-BLR-04,-1.23,50.48,2025-01-07 09:20:00
BOX-BLR-04,-1.19,56.98,2025-01-07 09:30:00
BOX-BLR-04,-1.47,57.66,2025-01-07 09:40:00
BOX-BLR-04,-1.34,46.58,2025-01-07 09:50:00
BOX-BLR-04,-1.13,45.55,2025-01-07 10:00:00
BOX-BLR-04,-1.12,59.06,2025-01-07 10:10:00
BOX-BLR-04,-1.02,40.08,2025-01-07 10:20:00
BOX-BLR-04,-1.26,52.97,2025-01-07 10:30:00
BOX-BLR-04,-1.0,42.08,2025-01-07 10:40:00
BOX-BLR-04,-1.21,49.2,2025-01-07 10:50:00
BOX-BLR-04,-1.49,50.84,2025-01-07 11:00:00
BOX-BLR-04,-1.24,52.84,2025-01-07 11:10:00
BOX-BLR-04,-1.11,58.17,2025-01-07 11:20:00
BOX-BLR-04,-0.92,55.25,2025-01-07 11:30:00
BOX-BLR-04,-1.17,56.07,2025-01-07 11:40:00
BOX-BLR-04,-1.05,54.64,2025-01-07 11:50:00
BOX-BLR-04,-1.01,55.59,2025-01-07 12:00:00
BOX-BLR-04,-1.04,49.5,2025-01-07 12:10:00
BOX-BLR-04,-1.21,57.86,2025-01-07 12:20:00
BOX-BLR-04,-1.13,56.28,2025-01-07 12:30:00
BOX-BLR-04,-0.85,49.72,2025-01-07 12:40:00
BOX-BLR-04,-0.63,59.21,2025-01-07 12:50:00
BOX-BLR-04,-0.78,50.81,2025-01-07 13:00:00
BOX-BLR-04,-0.94,49.03,2025-01-07 13:10:00
BOX-BLR-04,-0.77,44.52,2025-01-07 13:20:00
BOX-BLR-04,-0.76,41.27,2025-01-07 13:30:00
BOX-BLR-04,-0.77,53.87,2025-01-07 13:40:00
BOX-BLR-04,-0.6,47.45,2025-01-07 13:50:00
BOX-BLR-04,-0.57,52.55,2025-01-07 14:00:00
BOX-BLR-04,-0.64,56.36,2025-01-07 14:10:00
BOX-BLR-04,-0.53,55.96,2025-01-07 14:20:00
BOX-BLR-04,-0.28,41.05,2025-01-07 14:30:00
BOX-BLR-04,-0.52,42.36,2025-01-07 14:40:00
BOX-BLR-04,-0.81,50.61,2025-01-07 14:50:00
BOX-BLR-04,-1.05,53.8,2025-01-07 15:00:00
BOX-BLR-04,-0.81,41.68,2025-01-07 15:10:00
BOX-BLR-04,-0.56,51.12,2025-01-07 15:20:00
BOX-BLR-04,-0.42,43.09,2025-01-07 15:30:00
BOX-BLR-04,-0.44,55.11,2025-01-07 15:40:00
BOX-BLR-04,-0.35,54.6,2025-01-07 15:50:00
BOX-BLR-04,-0.52,49.82,2025-01-07 16:00:00
BOX-BLR-04,-0.37,45.97,2025-01-07 16:10:00
BOX-BLR-04,-0.08,56.6,2025-01-07 16:20:00
BOX-BLR-04,-0.19,44.06,2025-01-07 16:30:00
BOX-BLR-04,-0.1,56.27,2025-01-07 16:40:00
BOX-BLR-04,0.08,57.96,2025-01-07 16:50:00
BOX-BLR-04,-0.18,47.71,2025-01-07 17:00:00
BOX-BLR-04,0.09,51.86,2025-01-07 17:10:00
BOX-BLR-04,-0.08,52.57,2025-01-07 17:20:00
BOX-BLR-04,-0.28,45.3,2025-01-07 17:30:00
BOX-BLR-04,-0.21,54.08,2025-01-07 17:40:00
BOX-BLR-04,0.07,46.76,2025-01-07 17:50:00
BOX-BLR-04,0.12,40.74,2025-01-07 18:00:00
BOX-BLR-04,0.41,44.25,2025-01-07 18:10:00
BOX-BLR-04,0.18,40.68,2025-01-07 18:20:00
BOX-BLR-04,0.35,44.59,2025-01-07 18:30:00
BOX-BLR-04,0.3,57.65,2025-01-07 18:40:00
BOX-BLR-04,0.08,50.06,2025-01-07 18:50:00
BOX-BLR-04,0.26,48.89,2025-01-07 19:00:00
BOX-BLR-04,0.1,48.68,2025-01-07 19:10:00
BOX-BLR-04,0.16,53.16,2025-01-07 19:20:00
BOX-BLR-04,0.09,46.0,2025-01-07 19:30:00
BOX-BLR-04,0.15,54.42,2025-01-07 19:40:00
BOX-BLR-04,0.07,40.58,2025-01-07 19:50:00
BOX-BLR-04,0.36,49.33,2025-01-07 20:00:00
BOX-BLR-04,0.6,46.6,2025-01-07 20:10:00
BOX-BLR-04,0.6,47.81,2025-01-07 20:20:00
BOX-BLR-04,0.47,40.62,2025-01-07 20:30:00
BOX-BLR-04,0.45,55.48,2025-01-07 20:40:00
BOX-BLR-04,0.59,56.95,2025-01-07 20:50:00
BOX-BLR-04,0.49,40.32,2025-01-07 21:00:00
BOX-BLR-04,0.32,45.4,2025-01-07 21:10:00
BOX-BLR-04,0.36,52.17,2025-01-07 21:20:00
BOX-BLR-04,0.22,43.35,2025-01-07 21:30:00
BOX-BLR-04,0.31,47.33,2025-01-07 21:40:00
BOX-BLR-04,0.5,55.08,2025-01-07 21:50:00
BOX-BLR-04,0.47,59.31,2025-01-07 22:00:00
BOX-BLR-04,0.28,53.1,2025-01-07 22:10:00
BOX-BLR-04,0.2,50.28,2025-01-07 22:20:00
BOX-BLR-04,0.17,47.46,2025-01-07 22:30:00
BOX-HYD-05,3.8,50.92,2025-01-01 00:00:00
BOX-HYD-05,4.06,53.7,2025-01-01 00:10:00
BOX-HYD-05,4.07,48.13,2025-01-01 00:20:00
BOX-HYD-05,4.21,56.3,2025-01-01 00:30:00
BOX-HYD-05,4.37,57.48,2025-01-01 00:40:00
BOX-HYD-05,4.12,45.38,2025-01-01 00:50:00
BOX-HYD-05,4.26,51.48,2025-01-01 01:00:00
BOX-HYD-05,4.03,43.18,2025-01-01 01:10:00
BOX-HYD-05,3.75,59.28,2025-01-01 01:20:00
BOX-HYD-05,3.96,51.46,2025-01-01 01:30:00
BOX-HYD-05,4.21,56.61,2025-01-01 01:40:00
BOX-HYD-05,4.0,51.86,2025-01-01 01:50:00
BOX-HYD-05,3.81,54.98,2025-01-01 02:00:00
BOX-HYD-05,3.94,45.16,2025-01-01 02:10:00
BOX-HYD-05,3.84,58.21,2025-01-01 02:20:00
BOX-HYD-05,4.03,41.93,2025-01-01 02:30:00
BOX-HYD-05,4.21,47.9,2025-01-01 02:40:00
BOX-HYD-05,3.97,43.98,2025-01-01 02:50:00
BOX-HYD-05,3.89,46.93,2025-01-01 03:00:00
BOX-HYD-05,3.61,49.9,2025-01-01 03:10:00
BOX-HYD-05,3.38,44.83,2025-01-01 03:20:00
BOX-HYD-05,3.48,49.01,2025-01-01 03:30:00
BOX-HYD-05,3.24,53.96,2025-01-01 03:40:00
BOX-HYD-05,2.98,56.94,2025-01-01 03:50:00
BOX-HYD-05,3.28,42.63,2025-01-01 04:00:00
BOX-HYD-05,3.2,51.59,2025-01-01 04:10:00
BOX-HYD-05,3.05,47.58,2025-01-01 04:20:00
BOX-HYD-05,3.01,48.06,2025-01-01 04:30:00
BOX-HYD-05,3.05,44.03,2025-01-01 04:40:00
BOX-HYD-05,3.01,56.01,2025-01-01 04:50:00
BOX-HYD-05,2.8,50.42,2025-01-01 05:00:00
BOX-HYD-05,2.57,52.81,2025-01-01 05:10:00
BOX-HYD-05,2.52,42.67,2025-01-01 05:20:00
BOX-HYD-05,2.52,44.38,2025-01-01 05:30:00
BOX-HYD-05,2.71,44.28,2025-01-01 05:40:00
BOX-HYD-05,2.77,53.14,2025-01-01 05:50:00
BOX-HYD-05,2.84,41.57,2025-01-01 06:00:00
BOX-HYD-05,2.64,59.31,2025-01-01 06:10:00
BOX-HYD-05,2.4,57.45,2025-01-01 06:20:00
BOX-HYD-05,2.32,54.8,2025-01-01 06:30:00
BOX-HYD-05,2.59,41.25,2025-01-01 06:40:00
BOX-HYD-05,2.88,54.06,2025-01-01 06:50:00
BOX-HYD-05,2.99,49.32,2025-01-01 07:00:00
BOX-HYD-05,2.87,43.48,2025-01-01 07:10:00
BOX-HYD-05,2.83,58.65,2025-01-01 07:20:00
BOX-HYD-05,2.68,53.71,2025-01-01 07:30:00
BOX-HYD-05,2.63,52.67,2025-01-01 07:40:00
BOX-HYD-05,2.63,44.75,2025-01-01 07:50:00
BOX-HYD-05,2.69,40.48,2025-01-01 08:00:00
BOX-HYD-05,2.4,47.57,2025-01-01 08:10:00
BOX-HYD-05,2.32,57.9,2025-01-01 08:20:00
BOX-HYD-05,2.35,56.66,2025-01-01 08:30:00
BOX-HYD-05,2.11,53.14,2025-01-01 08:40:00
BOX-HYD-05,2.39,44.01,2025-01-01 08:50:00
BOX-HYD-05,2.51,52.0,2025-01-01 09:00:00
BOX-HYD-05,2.61,51.24,2025-01-01 09:10:00
BOX-HYD-05,2.42,44.35,2025-01-01 09:20:00
BOX-HYD-05,2.71,54.36,2025-01-01 09:30:00
BOX-HYD-05,2.83,44.3,2025-01-01 09:40:00
BOX-HYD-05,2.71,52.01,2025-01-01 09:50:00
BOX-HYD-05,2.86,56.49,2025-01-01 10:00:00
BOX-HYD-05,2.72,43.93,2025-01-01 10:10:00
BOX-HYD-05,2.93,58.84,2025-01-01 10:20:00
BOX-HYD-05,3.17,48.38,2025-01-01 10:30:00
BOX-HYD-05,3.32,59.35,2025-01-01 10:40:00
BOX-HYD-05,3.23,45.28,2025-01-01 10:50:00
BOX-HYD-05,3.4,55.17,2025-01-01 11:00:00
BOX-HYD-05,3.27,55.14,2025-01-01 11:10:00
BOX-HYD-05,2.97,46.81,2025-01-01 11:20:00
BOX-HYD-05,2.95,41.15,2025-01-01 11:30:00
BOX-HYD-05,2.7,42.8,2025-01-01 11:40:00
BOX-HYD-05,2.43,40.74,2025-01-01 11:50:00
BOX-HYD-05,2.39,54.7,2025-01-01 12:00:00
BOX-HYD-05,2.24,52.5,2025-01-01 12:10:00
BOX-HYD-05,2.34,49.44,2025-01-01 12:20:00
BOX-HYD-05,2.12,45.58,2025-01-01 12:30:00
BOX-HYD-05,2.14,51.85,2025-01-01 12:40:00
BOX-HYD-05,2.22,59.25,2025-01-01 12:50:00
BOX-HYD-05,2.18,54.0,2025-01-01 13:00:00
BOX-HYD-05,2.06,50.91,2025-01-01 13:10:00
BOX-HYD-05,1.81,41.7,2025-01-01 13:20:00
BOX-HYD-05,1.8,48.74,2025-01-01 13:30:00
BOX-HYD-05,1.9,41.66,2025-01-01 13:40:00
BOX-HYD-05,1.88,55.19,2025-01-01 13:50:00
BOX-HYD-05,2.12,54.81,2025-01-01 14:00:00
BOX-HYD-05,2.38,58.51,2025-01-01 14:10:00
BOX-HYD-05,2.48,40.9,2025-01-01 14:20:00
BOX-HYD-05,2.6,58.5,2025-01-01 14:30:00
BOX-HYD-05,2.32,49.44,2025-01-01 14:40:00
BOX-HYD-05,2.24,54.8,2025-01-01 14:50:00
BOX-HYD-05,2.29,52.39,2025-01-01 15:00:00
BOX-HYD-05,2.3,42.7,2025-01-01 15:10:00
BOX-HYD-05,2.53,44.28,2025-01-01 15:20:00
BOX-HYD-05,2.33,57.44,2025-01-01 15:30:00
BOX-HYD-05,2.56,42.83,2025-01-01 15:40:00
BOX-HYD-05,2.36,40.56,2025-01-01 15:50:00
BOX-HYD-05,2.64,40.24,2025-01-01 16:00:00
BOX-HYD-05,2.62,40.88,2025-01-01 16:10:00
BOX-HYD-05,2.67,41.54,2025-01-01 16:20:00
BOX-HYD-05,2.85,56.11,2025-01-01 16:30:00
BOX-HYD-05,2.59,54.78,2025-01-01 16:40:00
BOX-HYD-05,2.83,59.6,2025-01-01 16:50:00
BOX-HYD-05,2.94,46.57,2025-01-01 17:00:00
BOX-HYD-05,2.82,45.27,2025-01-01 17:10:00
BOX-HYD-05,2.63,47.34,2025-01-01 17:20:00
BOX-HYD-05,2.8,49.48,2025-01-01 17:30:00
BOX-HYD-05,2.88,59.47,2025-01-01 17:40:00
BOX-HYD-05,3.14,57.54,2025-01-01 17:50:00
BOX-HYD-05,3.0,58.23,2025-01-01 18:00:00
BOX-HYD-05,3.01,58.81,2025-01-01 18:10:00
BOX-HYD-05,2.93,59.27,2025-01-01 18:20:00
BOX-HYD-05,2.93,53.64,2025-01-01 18:30:00
BOX-HYD-05,2.85,52.0,2025-01-01 18:40:00
BOX-HYD-05,2.72,59.79,2025-01-01 18:50:00
BOX-HYD-05,2.77,45.29,2025-01-01 19:00:00
BOX-HYD-05,2.9,45.4,2025-01-01 19:10:00
BOX-HYD-05,2.9,46.94,2025-01-01 19:20:00
BOX-HYD-05,2.93,42.93,2025-01-01 19:30:00
BOX-HYD-05,2.94,48.19,2025-01-01 19:40:00
BOX-HYD-05,3.12,48.67,2025-01-01 19:50:00
BOX-HYD-05,3.15,53.42,2025-01-01 20:00:00
BOX-HYD-05,3.07,40.86,2025-01-01 20:10:00
BOX-HYD-05,3.3,57.39,2025-01-01 20:20:00
BOX-HYD-05,3.37,57.03,2025-01-01 20:30:00
BOX-HYD-05,3.14,40.74,2025-01-01 20:40:00
BOX-HYD-05,3.34,52.35,2025-01-01 20:50:00
BOX-HYD-05,3.33,45.87,2025-01-01 21:00:00
BOX-HYD-05,3.47,51.98,2025-01-01 21:10:00
BOX-HYD-05,3.7,48.08,2025-01-01 21:20:00
BOX-HYD-05,3.93,59.68,2025-01-01 21:30:00
BOX-HYD-05,3.79,43.17,2025-01-01 21:40:00
BOX-HYD-05,3.5,40.56,2025-01-01 21:50:00
BOX-HYD-05,3.54,51.92,2025-01-01 22:00:00
BOX-HYD-05,3.55,57.7,2025-01-01 22:10:00
BOX-HYD-05,3.44,51.6,2025-01-01 22:20:00
BOX-HYD-05,3.26,48.5,2025-01-01 22:30:00
BOX-HYD-05,3.36,58.83,2025-01-01 22:40:00
BOX-HYD-05,3.46,56.79,2025-01-01 22:50:00
BOX-HYD-05,3.29,46.54,2025-01-01 23:00:00
BOX-HYD-05,3.15,48.5,2025-01-01 23:10:00
BOX-HYD-05,3.41,48.03,2025-01-01 23:20:00
BOX-HYD-05,3.68,46.27,2025-01-01 23:30:00
BOX-HYD-05,3.92,57.65,2025-01-01 23:40:00
BOX-HYD-05,4.13,48.32,2025-01-01 23:50:00
BOX-HYD-05,4.32,40.12,2025-01-02 00:00:00
BOX-HYD-05,4.38,40.58,2025-01-02 00:10:00
BOX-HYD-05,4.56,55.26,2025-01-02 00:20:00
BOX-HYD-05,4.58,52.87,2025-01-02 00:30:00
BOX-HYD-05,4.85,49.93,2025-01-02 00:40:00
BOX-HYD-05,4.57,41.2,2025-01-02 00:50:00
BOX-HYD-05,4.7,47.3,2025-01-02 01:00:00
BOX-HYD-05,4.72,44.98,2025-01-02 01:10:00
BOX-HYD-05,4.74,48.53,2025-01-02 01:20:00
BOX-HYD-05,4.86,43.09,2025-01-02 01:30:00
BOX-HYD-05,5.08,49.72,2025-01-02 01:40:00
BOX-HYD-05,5.21,52.79,2025-01-02 01:50:00
BOX-HYD-05,5.17,52.47,2025-01-02 02:00:00
BOX-HYD-05,5.29,59.94,2025-01-02 02:10:00
BOX-HYD-05,5.56,48.77,2025-01-02 02:20:00
BOX-HYD-05,5.49,57.52,2025-01-02 02:30:00
BOX-HYD-05,5.37,57.31,2025-01-02 02:40:00
BOX-HYD-05,5.54,56.48,2025-01-02 02:50:00
BOX-HYD-05,5.31,41.29,2025-01-02 03:00:00
BOX-HYD-05,5.31,50.15,2025-01-02 03:10:00
BOX-HYD-05,5.43,55.76,2025-01-02 03:20:00
BOX-HYD-05,5.38,55.53,2025-01-02 03:30:00
BOX-HYD-05,5.49,59.85,2025-01-02 03:40:00
BOX-HYD-05,5.45,51.45,2025-01-02 03:50:00
BOX-HYD-05,5.26,46.78,2025-01-02 04:00:00
BOX-HYD-05,5.23,42.24,2025-01-02 04:10:00
BOX-HYD-05,5.38,52.07,2025-01-02 04:20:00
BOX-HYD-05,5.6,50.3,2025-01-02 04:30:00
BOX-HYD-05,5.34,57.65,2025-01-02 04:40:00
BOX-HYD-05,5.09,50.6,2025-01-02 04:50:00
BOX-HYD-05,5.06,48.54,2025-01-02 05:00:00
BOX-HYD-05,5.02,41.63,2025-01-02 05:10:00
BOX-HYD-05,5.31,44.53,2025-01-02 05:20:00
BOX-HYD-05,5.35,42.98,2025-01-02 05:30:00
BOX-HYD-05,5.57,44.47,2025-01-02 05:40:00
BOX-HYD-05,5.74,47.7,2025-01-02 05:50:00
BOX-HYD-05,5.63,51.07,2025-01-02 06:00:00
BOX-HYD-05,5.61,48.69,2025-01-02 06:10:00
BOX-HYD-05,5.7,44.54,2025-01-02 06:20:00
BOX-HYD-05,5.41,41.92,2025-01-02 06:30:00
BOX-HYD-05,5.16,43.29,2025-01-02 06:40:00
BOX-HYD-05,5.14,49.09,2025-01-02 06:50:00
BOX-HYD-05,5.12,46.19,2025-01-02 07:00:00
BOX-HYD-05,5.39,57.44,2025-01-02 07:10:00
BOX-HYD-05,5.26,49.5,2025-01-02 07:20:00
BOX-HYD-05,5.43,56.66,2025-01-02 07:30:00
BOX-HYD-05,5.45,44.95,2025-01-02 07:40:00
BOX-HYD-05,5.71,47.69,2025-01-02 07:50:00
BOX-HYD-05,5.53,56.1,2025-01-02 08:00:00
BOX-HYD-05,5.77,43.22,2025-01-02 08:10:00
BOX-HYD-05,5.85,52.72,2025-01-02 08:20:00
BOX-HYD-05,5.7,51.88,2025-01-02 08:30:00
BOX-HYD-05,5.55,55.04,2025-01-02 08:40:00
BOX-HYD-05,5.67,57.36,2025-01-02 08:50:00
BOX-HYD-05,5.53,49.87,2025-01-02 09:00:00
BOX-HYD-05,5.26,53.75,2025-01-02 09:10:00
BOX-HYD-05,5.44,54.65,2025-01-02 09:20:00
BOX-HYD-05,5.29,52.63,2025-01-02 09:30:00
BOX-HYD-05,5.35,44.18,2025-01-02 09:40:00
BOX-HYD-05,5.21,57.43,2025-01-02 09:50:00
BOX-HYD-05,5.08,56.38,2025-01-02 10:00:00
BOX-HYD-05,5.07,49.89,2025-01-02 10:10:00
BOX-HYD-05,4.8,55.89,2025-01-02 10:20:00
BOX-HYD-05,4.69,47.35,2025-01-02 10:30:00
BOX-HYD-05,4.52,42.86,2025-01-02 10:40:00
BOX-HYD-05,4.36,50.03,2025-01-02 10:50:00
BOX-HYD-05,4.64,54.87,2025-01-02 11:00:00
BOX-HYD-05,4.55,40.84,2025-01-02 11:10:00
BOX-HYD-05,4.5,41.37,2025-01-02 11:20:00
BOX-HYD-05,4.42,53.44,2025-01-02 11:30:00
BOX-HYD-05,4.28,45.69,2025-01-02 11:40:00
BOX-HYD-05,4.28,42.05,2025-01-02 11:50:00
BOX-HYD-05,4.16,53.74,2025-01-02 12:00:00
BOX-HYD-05,4.21,45.03,2025-01-02 12:10:00
BOX-HYD-05,4.39,48.37,2025-01-02 12:20:00
BOX-HYD-05,4.65,41.11,2025-01-02 12:30:00
BOX-HYD-05,4.77,42.39,2025-01-02 12:40:00
BOX-HYD-05,5.06,48.06,2025-01-02 12:50:00
BOX-HYD-05,4.79,58.32,2025-01-02 13:00:00
BOX-HYD-05,4.81,50.14,2025-01-02 13:10:00
BOX-HYD-05,4.89,53.76,2025-01-02 13:20:00
BOX-HYD-05,4.66,55.22,2025-01-02 13:30:00
BOX-HYD-05,4.85,56.3,2025-01-02 13:40:00
BOX-HYD-05,4.62,43.42,2025-01-02 13:50:00
BOX-HYD-05,4.89,58.28,2025-01-02 14:00:00
BOX-HYD-05,4.68,56.02,2025-01-02 14:10:00
BOX-HYD-05,4.84,51.86,2025-01-02 14:20:00
BOX-HYD-05,4.96,59.66,2025-01-02 14:30:00
BOX-HYD-05,5.09,40.69,2025-01-02 14:40:00
BOX-HYD-05,4.83,54.04,2025-01-02 14:50:00
BOX-HYD-05,4.54,55.38,2025-01-02 15:00:00
BOX-HYD-05,4.59,41.0,2025-01-02 15:10:00
BOX-HYD-05,4.67,54.43,2025-01-02 15:20:00
BOX-HYD-05,4.59,53.43,2025-01-02 15:30:00
BOX-HYD-05,4.47,43.29,2025-01-02 15:40:00
BOX-HYD-05,4.32,49.63,2025-01-02 15:50:00
BOX-HYD-05,4.59,53.22,2025-01-02 16:00:00
BOX-HYD-05,4.82,56.92,2025-01-02 16:10:00
BOX-HYD-05,4.53,57.48,2025-01-02 16:20:00
BOX-HYD-05,4.75,56.76,2025-01-02 16:30:00
BOX-HYD-05,4.73,52.05,2025-01-02 16:40:00
BOX-HYD-05,4.63,45.98,2025-01-02 16:50:00
BOX-HYD-05,4.42,52.68,2025-01-02 17:00:00
BOX-HYD-05,4.49,42.54,2025-01-02 17:10:00
BOX-HYD-05,4.61,55.98,2025-01-02 17:20:00
BOX-HYD-05,4.41,43.07,2025-01-02 17:30:00
BOX-HYD-05,4.15,44.52,2025-01-02 17:40:00
BOX-HYD-05,4.04,59.16,2025-01-02 17:50:00
BOX-HYD-05,3.85,42.92,2025-01-02 18:00:00
BOX-HYD-05,3.98,45.84,2025-01-02 18:10:00
BOX-HYD-05,4.09,51.81,2025-01-02 18:20:00
BOX-HYD-05,3.91,58.29,2025-01-02 18:30:00
BOX-HYD-05,4.03,56.81,2025-01-02 18:40:00
BOX-HYD-05,4.22,49.61,2025-01-02 18:50:00
BOX-HYD-05,4.35,58.41,2025-01-02 19:00:00
BOX-HYD-05,4.48,41.51,2025-01-02 19:10:00
BOX-HYD-05,4.21,58.8,2025-01-02 19:20:00
BOX-HYD-05,4.14,44.2,2025-01-02 19:30:00
BOX-HYD-05,4.39,40.23,2025-01-02 19:40:00
BOX-HYD-05,4.66,56.24,2025-01-02 19:50:00
BOX-HYD-05,4.81,49.58,2025-01-02 20:00:00
BOX-HYD-05,4.94,59.85,2025-01-02 20:10:00
BOX-HYD-05,4.95,58.52,2025-01-02 20:20:00
BOX-HYD-05,4.8,56.41,2025-01-02 20:30:00
BOX-HYD-05,4.81,42.65,2025-01-02 20:40:00
BOX-HYD-05,5.03,56.87,2025-01-02 20:50:00
BOX-HYD-05,4.91,47.36,2025-01-02 21:00:00
BOX-HYD-05,4.83,45.24,2025-01-02 21:10:00
BOX-HYD-05,4.89,44.13,2025-01-02 21:20:00
BOX-HYD-05,4.68,55.54,2025-01-02 21:30:00
BOX-HYD-05,4.6,47.03,2025-01-02 21:40:00
BOX-HYD-05,4.44,47.7,2025-01-02 21:50:00
BOX-HYD-05,4.64,53.74,2025-01-02 22:00:00
BOX-HYD-05,4.89,40.08,2025-01-02 22:10:00
BOX-HYD-05,5.17,56.85,2025-01-02 22:20:00
BOX-HYD-05,5.09,55.06,2025-01-02 22:30:00
BOX-HYD-05,5.24,51.94,2025-01-02 22:40:00
BOX-HYD-05,5.06,53.75,2025-01-02 22:50:00
BOX-HYD-05,4.84,50.83,2025-01-02 23:00:00
BOX-HYD-05,5.13,52.54,2025-01-02 23:10:00
BOX-HYD-05,5.23,47.19,2025-01-02 23:20:00
BOX-HYD-05,5.06,49.26,2025-01-02 23:30:00
BOX-HYD-05,4.79,48.66,2025-01-02 23:40:00
BOX-HYD-05,4.88,59.76,2025-01-02 23:50:00
BOX-HYD-05,4.58,44.02,2025-01-03 00:00:00
BOX-HYD-05,4.53,48.43,2025-01-03 00:10:00
BOX-HYD-05,4.39,43.44,2025-01-03 00:20:00
BOX-HYD-05,4.12,58.34,2025-01-03 00:30:00
BOX-HYD-05,3.83,49.99,2025-01-03 00:40:00
BOX-HYD-05,3.81,44.49,2025-01-03 00:50:00
BOX-HYD-05,3.97,51.43,2025-01-03 01:00:00
BOX-HYD-05,3.86,41.75,2025-01-03 01:10:00
BOX-HYD-05,3.67,49.84,2025-01-03 01:20:00
BOX-HYD-05,3.78,53.89,2025-01-03 01:30:00
BOX-HYD-05,3.81,44.26,2025-01-03 01:40:00
BOX-HYD-05,3.9,42.39,2025-01-03 01:50:00
BOX-HYD-05,3.79,44.22,2025-01-03 02:00:00
BOX-HYD-05,3.93,46.47,2025-01-03 02:10:00
BOX-HYD-05,4.02,56.97,2025-01-03 02:20:00
BOX-HYD-05,4.18,52.48,2025-01-03 02:30:00
BOX-HYD-05,4.47,40.88,2025-01-03 02:40:00
BOX-HYD-05,4.47,40.65,2025-01-03 02:50:00
BOX-HYD-05,4.42,49.23,2025-01-03 03:00:00
BOX-HYD-05,4.19,52.36,2025-01-03 03:10:00
BOX-HYD-05,4.0,47.56,2025-01-03 03:20:00
BOX-HYD-05,4.11,42.91,2025-01-03 03:30:00
BOX-HYD-05,4.07,59.76,2025-01-03 03:40:00
BOX-HYD-05,4.35,52.5,2025-01-03 03:50:00
BOX-HYD-05,4.42,42.34,2025-01-03 04:00:00
BOX-HYD-05,4.36,43.55,2025-01-03 04:10:00
BOX-HYD-05,4.14,52.95,2025-01-03 04:20:00
BOX-HYD-05,4.04,52.0,2025-01-03 04:30:00
BOX-HYD-05,4.29,47.0,2025-01-03 04:40:00
BOX-HYD-05,4.0,58.97,2025-01-03 04:50:00
BOX-HYD-05,3.85,51.77,2025-01-03 05:00:00
BOX-HYD-05,3.73,42.44,2025-01-03 05:10:00
BOX-HYD-05,3.95,45.32,2025-01-03 05:20:00
BOX-HYD-05,4.15,52.2,2025-01-03 05:30:00
BOX-HYD-05,4.11,53.64,2025-01-03 05:40:00
BOX-HYD-05,4.32,40.23,2025-01-03 05:50:00
BOX-HYD-05,4.48,49.73,2025-01-03 06:00:00
BOX-HYD-05,4.54,58.11,2025-01-03 06:10:00
BOX-HYD-05,4.25,57.92,2025-01-03 06:20:00
BOX-HYD-05,4.44,40.4,2025-01-03 06:30:00
BOX-HYD-05,4.45,47.61,2025-01-03 06:40:00
BOX-HYD-05,4.74,51.74,2025-01-03 06:50:00
BOX-HYD-05,4.72,42.18,2025-01-03 07:00:00
BOX-HYD-05,4.75,50.42,2025-01-03 07:10:00
BOX-HYD-05,5.01,48.2,2025-01-03 07:20:00
BOX-HYD-05,5.02,50.5,2025-01-03 07:30:00
BOX-HYD-05,4.8,49.5,2025-01-03 07:40:00
BOX-HYD-05,4.92,43.92,2025-01-03 07:50:00
BOX-HYD-05,5.11,50.27,2025-01-03 08:00:00
BOX-HYD-05,5.3,46.72,2025-01-03 08:10:00
BOX-HYD-05,5.33,51.32,2025-01-03 08:20:00
BOX-HYD-05,5.4,52.81,2025-01-03 08:30:00
BOX-HYD-05,5.57,59.84,2025-01-03 08:40:00
BOX-HYD-05,5.7,48.65,2025-01-03 08:50:00
BOX-HYD-05,5.74,54.6,2025-01-03 09:00:00
BOX-HYD-05,5.73,55.6,2025-01-03 09:10:00
BOX-HYD-05,5.86,59.93,2025-01-03 09:20:00
BOX-HYD-05,5.9,49.38,2025-01-03 09:30:00
BOX-HYD-05,6.16,42.76,2025-01-03 09:40:00
BOX-HYD-05,6.34,44.5,2025-01-03 09:50:00
BOX-HYD-05,6.15,41.73,2025-01-03 10:00:00
BOX-HYD-05,5.94,48.11,2025-01-03 10:10:00
BOX-HYD-05,5.93,42.57,2025-01-03 10:20:00
BOX-HYD-05,5.9,50.88,2025-01-03 10:30:00
BOX-HYD-05,5.64,58.58,2025-01-03 10:40:00
BOX-HYD-05,5.38,56.07,2025-01-03 10:50:00
BOX-HYD-05,5.39,51.34,2025-01-03 11:00:00
BOX-HYD-05,5.57,41.27,2025-01-03 11:10:00
BOX-HYD-05,5.61,42.0,2025-01-03 11:20:00
BOX-HYD-05,5.75,55.17,2025-01-03 11:30:00
BOX-HYD-05,5.79,55.52,2025-01-03 11:40:00
BOX-HYD-05,5.98,50.86,2025-01-03 11:50:00
BOX-HYD-05,5.86,45.99,2025-01-03 12:00:00
BOX-HYD-05,5.87,46.56,2025-01-03 12:10:00
BOX-HYD-05,6.06,46.2,2025-01-03 12:20:00
BOX-HYD-05,5.96,45.13,2025-01-03 12:30:00
BOX-HYD-05,6.25,44.98,2025-01-03 12:40:00
BOX-HYD-05,6.11,41.76,2025-01-03 12:50:00
BOX-HYD-05,6.15,53.97,2025-01-03 13:00:00
BOX-HYD-05,6.1,51.88,2025-01-03 13:10:00
BOX-HYD-05,6.18,50.3,2025-01-03 13:20:00
BOX-HYD-05,6.46,58.17,2025-01-03 13:30:00
BOX-HYD-05,6.27,40.0,2025-01-03 13:40:00
BOX-HYD-05,6.06,45.33,2025-01-03 13:50:00
BOX-HYD-05,5.95,55.47,2025-01-03 14:00:00
BOX-HYD-05,6.0,48.87,2025-01-03 14:10:00
BOX-HYD-05,6.24,43.27,2025-01-03 14:20:00
BOX-HYD-05,6.29,53.9,2025-01-03 14:30:00
BOX-HYD-05,6.06,45.13,2025-01-03 14:40:00
BOX-HYD-05,6.19,48.11,2025-01-03 14:50:00
BOX-HYD-05,6.2,41.67,2025-01-03 15:00:00
BOX-HYD-05,6.02,46.07,2025-01-03 15:10:00
BOX-HYD-05,5.77,44.27,2025-01-03 15:20:00
BOX-HYD-05,5.78,43.27,2025-01-03 15:30:00
BOX-HYD-05,5.74,48.55,2025-01-03 15:40:00
BOX-HYD-05,5.86,56.48,2025-01-03 15:50:00
BOX-HYD-05,5.7,46.87,2025-01-03 16:00:00
BOX-HYD-05,5.43,49.82,2025-01-03 16:10:00
BOX-HYD-05,5.38,45.37,2025-01-03 16:20:00
BOX-HYD-05,5.27,40.51,2025-01-03 16:30:00
BOX-HYD-05,5.22,47.03,2025-01-03 16:40:00
BOX-HYD-05,5.39,53.06,2025-01-03 16:50:00
BOX-HYD-05,5.57,59.25,2025-01-03 17:00:00
BOX-HYD-05,5.38,53.67,2025-01-03 17:10:00
BOX-HYD-05,5.25,48.53,2025-01-03 17:20:00
BOX-HYD-05,5.54,42.57,2025-01-03 17:30:00
BOX-HYD-05,5.53,52.28,2025-01-03 17:40:00
BOX-HYD-05,5.54,57.23,2025-01-03 17:50:00
BOX-HYD-05,5.46,43.42,2025-01-03 18:00:00
BOX-HYD-05,5.36,41.38,2025-01-03 18:10:00
BOX-HYD-05,5.34,59.7,2025-01-03 18:20:00
BOX-HYD-05,5.64,58.14,2025-01-03 18:30:00
BOX-HYD-05,5.74,52.97,2025-01-03 18:40:00
BOX-HYD-05,5.6,51.14,2025-01-03 18:50:00
BOX-HYD-05,5.37,49.13,2025-01-03 19:00:00
BOX-HYD-05,5.46,41.37,2025-01-03 19:10:00
BOX-HYD-05,5.64,41.64,2025-01-03 19:20:00
BOX-HYD-05,5.49,56.22,2025-01-03 19:30:00
BOX-HYD-05,5.73,43.05,2025-01-03 19:40:00
BOX-HYD-05,5.74,46.23,2025-01-03 19:50:00
BOX-HYD-05,5.77,46.98,2025-01-03 20:00:00
BOX-HYD-05,5.49,52.93,2025-01-03 20:10:00
BOX-HYD-05,5.67,51.79,2025-01-03 20:20:00
BOX-HYD-05,5.45,42.71,2025-01-03 20:30:00
BOX-HYD-05,5.49,56.4,2025-01-03 20:40:00
BOX-HYD-05,5.32,42.02,2025-01-03 20:50:00
BOX-HYD-05,5.37,45.39,2025-01-03 21:00:00
BOX-HYD-05,5.13,56.07,2025-01-03 21:10:00
BOX-HYD-05,5.0,53.79,2025-01-03 21:20:00
BOX-HYD-05,4.92,50.85,2025-01-03 21:30:00
BOX-HYD-05,4.82,59.97,2025-01-03 21:40:00
BOX-HYD-05,5.07,40.36,2025-01-03 21:50:00
BOX-HYD-05,5.22,53.25,2025-01-03 22:00:00
BOX-HYD-05,5.18,49.23,2025-01-03 22:10:00
BOX-HYD-05,5.06,42.96,2025-01-03 22:20:00
BOX-HYD-05,4.96,56.87,2025-01-03 22:30:00
BOX-HYD-05,4.74,41.34,2025-01-03 22:40:00
BOX-HYD-05,4.99,50.14,2025-01-03 22:50:00
BOX-HYD-05,5.21,50.3,2025-01-03 23:00:00
BOX-HYD-05,5.5,55.48,2025-01-03 23:10:00
BOX-HYD-05,5.74,41.69,2025-01-03 23:20:00
BOX-HYD-05,5.95,58.09,2025-01-03 23:30:00
BOX-HYD-05,5.66,53.67,2025-01-03 23:40:00
BOX-HYD-05,5.57,58.46,2025-01-03 23:50:00
BOX-HYD-05,5.36,58.71,2025-01-04 00:00:00
BOX-HYD-05,5.62,53.21,2025-01-04 00:10:00
BOX-HYD-05,5.87,59.25,2025-01-04 00:20:00
BOX-HYD-05,5.71,57.03,2025-01-04 00:30:00
BOX-HYD-05,5.77,49.93,2025-01-04 00:40:00
BOX-HYD-05,5.8,54.73,2025-01-04 00:50:00
BOX-HYD-05,5.64,48.95,2025-01-04 01:00:00
BOX-HYD-05,5.87,55.81,2025-01-04 01:10:00
BOX-HYD-05,5.85,58.63,2025-01-04 01:20:00
BOX-HYD-05,5.58,40.48,2025-01-04 01:30:00
BOX-HYD-05,5.4,43.17,2025-01-04 01:40:00
BOX-HYD-05,5.69,54.28,2025-01-04 01:50:00
BOX-HYD-05,5.53,57.3,2025-01-04 02:00:00
BOX-HYD-05,5.79,53.9,2025-01-04 02:10:00
BOX-HYD-05,5.75,46.84,2025-01-04 02:20:00
BOX-HYD-05,5.56,50.92,2025-01-04 02:30:00
BOX-HYD-05,5.58,44.78,2025-01-04 02:40:00
BOX-HYD-05,5.78,48.51,2025-01-04 02:50:00
BOX-HYD-05,5.49,59.27,2025-01-04 03:00:00
BOX-HYD-05,5.28,50.56,2025-01-04 03:10:00
BOX-HYD-05,5.56,56.95,2025-01-04 03:20:00
BOX-HYD-05,5.41,41.51,2025-01-04 03:30:00
BOX-HYD-05,5.43,50.91,2025-01-04 03:40:00
BOX-HYD-05,5.26,44.28,2025-01-04 03:50:00
BOX-HYD-05,5.1,43.17,2025-01-04 04:00:00
BOX-HYD-05,5.3,49.21,2025-01-04 04:10:00
BOX-HYD-05,5.55,49.2,2025-01-04 04:20:00
BOX-HYD-05,5.47,55.0,2025-01-04 04:30:00
BOX-HYD-05,5.69,52.43,2025-01-04 04:40:00
BOX-HYD-05,5.95,52.98,2025-01-04 04:50:00
BOX-HYD-05,6.07,48.5,2025-01-04 05:00:00
BOX-HYD-05,5.82,47.74,2025-01-04 05:10:00
BOX-HYD-05,6.04,45.56,2025-01-04 05:20:00
BOX-HYD-05,5.74,52.0,2025-01-04 05:30:00
BOX-HYD-05,5.64,43.49,2025-01-04 05:40:00
BOX-HYD-05,5.5,41.55,2025-01-04 05:50:00
BOX-HYD-05,5.54,42.12,2025-01-04 06:00:00
BOX-HYD-05,5.51,54.67,2025-01-04 06:10:00
BOX-HYD-05,5.77,46.1,2025-01-04 06:20:00
BOX-HYD-05,5.79,58.39,2025-01-04 06:30:00
BOX-HYD-05,5.64,41.98,2025-01-04 06:40:00
BOX-HYD-05,5.92,45.75,2025-01-04 06:50:00
BOX-HYD-05,5.74,56.16,2025-01-04 07:00:00
BOX-HYD-05,5.77,49.59,2025-01-04 07:10:00
BOX-HYD-05,6.01,46.61,2025-01-04 07:20:00
BOX-HYD-05,6.07,51.48,2025-01-04 07:30:00
BOX-HYD-05,6.37,50.69,2025-01-04 07:40:00
BOX-HYD-05,6.21,51.58,2025-01-04 07:50:00
BOX-HYD-05,6.36,57.46,2025-01-04 08:00:00
BOX-HYD-05,6.64,52.04,2025-01-04 08:10:00
BOX-HYD-05,6.61,58.82,2025-01-04 08:20:00
BOX-HYD-05,6.55,46.6,2025-01-04 08:30:00
BOX-HYD-05,6.46,49.87,2025-01-04 08:40:00
BOX-HYD-05,6.28,40.98,2025-01-04 08:50:00
BOX-HYD-05,6.3,41.59,2025-01-04 09:00:00
BOX-HYD-05,6.35,51.86,2025-01-04 09:10:00
BOX-HYD-05,6.29,42.78,2025-01-04 09:20:00
BOX-HYD-05,6.51,59.02,2025-01-04 09:30:00
BOX-HYD-05,6.5,54.44,2025-01-04 09:40:00
BOX-HYD-05,6.6,59.06,2025-01-04 09:50:00
BOX-HYD-05,6.38,47.06,2025-01-04 10:00:00
BOX-HYD-05,6.64,41.53,2025-01-04 10:10:00
BOX-HYD-05,6.47,50.16,2025-01-04 10:20:00
BOX-HYD-05,6.31,56.05,2025-01-04 10:30:00
BOX-HYD-05,6.25,59.26,2025-01-04 10:40:00
BOX-HYD-05,6.27,56.6,2025-01-04 10:50:00
BOX-HYD-05,6.21,46.3,2025-01-04 11:00:00
BOX-HYD-05,6.4,53.14,2025-01-04 11:10:00
BOX-HYD-05,6.67,47.67,2025-01-04 11:20:00
BOX-HYD-05,6.65,52.74,2025-01-04 11:30:00
BOX-HYD-05,6.59,45.5,2025-01-04 11:40:00
BOX-HYD-05,6.53,56.3,2025-01-04 11:50:00
BOX-HYD-05,6.5,48.04,2025-01-04 12:00:00
BOX-HYD-05,6.54,42.08,2025-01-04 12:10:00
BOX-HYD-05,6.35,51.06,2025-01-04 12:20:00
BOX-HYD-05,6.36,42.66,2025-01-04 12:30:00
BOX-HYD-05,6.09,43.23,2025-01-04 12:40:00
BOX-HYD-05,5.87,51.64,2025-01-04 12:50:00
BOX-HYD-05,5.91,55.32,2025-01-04 13:00:00
BOX-HYD-05,5.96,50.48,2025-01-04 13:10:00
BOX-HYD-05,5.74,47.02,2025-01-04 13:20:00
BOX-HYD-05,5.47,48.91,2025-01-04 13:30:00
BOX-HYD-05,5.61,46.37,2025-01-04 13:40:00
BOX-HYD-05,5.62,43.49,2025-01-04 13:50:00
BOX-HYD-05,5.66,47.65,2025-01-04 14:00:00
BOX-HYD-05,5.72,44.05,2025-01-04 14:10:00
BOX-HYD-05,5.59,49.28,2025-01-04 14:20:00
BOX-HYD-05,5.37,45.53,2025-01-04 14:30:00
BOX-HYD-05,5.44,48.86,2025-01-04 14:40:00
BOX-HYD-05,5.63,47.46,2025-01-04 14:50:00
BOX-HYD-05,5.69,42.35,2025-01-04 15:00:00
BOX-HYD-05,5.64,51.04,2025-01-04 15:10:00
BOX-HYD-05,5.8,56.65,2025-01-04 15:20:00
BOX-HYD-05,5.99,57.6,2025-01-04 15:30:00
BOX-HYD-05,6.08,51.45,2025-01-04 15:40:00
BOX-HYD-05,5.95,46.24,2025-01-04 15:50:00
BOX-HYD-05,5.8,53.56,2025-01-04 16:00:00
BOX-HYD-05,5.77,48.08,2025-01-04 16:10:00
BOX-HYD-05,5.84,42.16,2025-01-04 16:20:00
BOX-HYD-05,5.88,49.38,2025-01-04 16:30:00
BOX-HYD-05,6.11,49.28,2025-01-04 16:40:00
BOX-HYD-05,6.32,40.61,2025-01-04 16:50:00
BOX-HYD-05,6.21,49.06,2025-01-04 17:00:00
BOX-HYD-05,6.29,43.16,2025-01-04 17:10:00
BOX-HYD-05,6.24,45.25,2025-01-04 17:20:00
BOX-HYD-05,6.04,59.37,2025-01-04 17:30:00
BOX-HYD-05,5.8,50.26,2025-01-04 17:40:00
BOX-HYD-05,5.6,40.95,2025-01-04 17:50:00
BOX-HYD-05,5.67,43.73,2025-01-04 18:00:00
BOX-HYD-05,5.94,51.7,2025-01-04 18:10:00
BOX-HYD-05,6.03,47.6,2025-01-04 18:20:00
BOX-HYD-05,6.14,50.89,2025-01-04 18:30:00
BOX-HYD-05,6.31,45.69,2025-01-04 18:40:00
BOX-HYD-05,6.11,51.74,2025-01-04 18:50:00
BOX-HYD-05,5.86,52.32,2025-01-04 19:00:00
BOX-HYD-05,6.11,55.26,2025-01-04 19:10:00
BOX-HYD-05,6.25,48.78,2025-01-04 19:20:00
BOX-HYD-05,6.41,43.16,2025-01-04 19:30:00
BOX-HYD-05,6.68,45.98,2025-01-04 19:40:00
BOX-HYD-05,6.57,41.74,2025-01-04 19:50:00
BOX-HYD-05,6.77,41.3,2025-01-04 20:00:00
BOX-HYD-05,7.05,59.11,2025-01-04 20:10:00
BOX-HYD-05,7.21,59.59,2025-01-04 20:20:00
BOX-HYD-05,6.98,54.3,2025-01-04 20:30:00
BOX-HYD-05,6.71,44.19,2025-01-04 20:40:00
BOX-HYD-05,6.75,40.54,2025-01-04 20:50:00
BOX-HYD-05,6.84,53.84,2025-01-04 21:00:00
BOX-HYD-05,7.07,44.45,2025-01-04 21:10:00
BOX-HYD-05,7.04,47.98,2025-01-04 21:20:00
BOX-HYD-05,7.11,45.67,2025-01-04 21:30:00
BOX-HYD-05,7.15,57.58,2025-01-04 21:40:00
BOX-HYD-05,7.26,54.63,2025-01-04 21:50:00
BOX-HYD-05,7.16,45.03,2025-01-04 22:00:00
BOX-HYD-05,7.34,44.82,2025-01-04 22:10:00
BOX-HYD-05,7.23,46.91,2025-01-04 22:20:00
BOX-HYD-05,7.4,46.32,2025-01-04 22:30:00
BOX-HYD-05,7.27,57.95,2025-01-04 22:40:00
BOX-HYD-05,7.12,45.22,2025-01-04 22:50:00
BOX-HYD-05,7.14,44.22,2025-01-04 23:00:00
BOX-HYD-05,7.39,43.02,2025-01-04 23:10:00
BOX-HYD-05,7.64,53.83,2025-01-04 23:20:00
BOX-HYD-05,7.88,53.2,2025-01-04 23:30:00
BOX-HYD-05,7.74,40.1,2025-01-04 23:40:00
BOX-HYD-05,7.72,43.84,2025-01-04 23:50:00
BOX-HYD-05,7.68,45.0,2025-01-05 00:00:00
BOX-HYD-05,7.89,47.46,2025-01-05 00:10:00
BOX-HYD-05,7.84,40.62,2025-01-05 00:20:00
BOX-HYD-05,7.84,58.72,2025-01-05 00:30:00
BOX-HYD-05,8.08,52.69,2025-01-05 00:40:00
BOX-HYD-05,8.16,46.08,2025-01-05 00:50:00
BOX-HYD-05,8.41,58.99,2025-01-05 01:00:00
BOX-HYD-05,8.51,56.56,2025-01-05 01:10:00
BOX-HYD-05,8.47,55.34,2025-01-05 01:20:00
BOX-HYD-05,8.63,50.96,2025-01-05 01:30:00
BOX-HYD-05,8.59,49.26,2025-01-05 01:40:00
BOX-HYD-05,8.37,46.0,2025-01-05 01:50:00
BOX-HYD-05,8.19,45.18,2025-01-05 02:00:00
BOX-HYD-05,8.07,40.29,2025-01-05 02:10:00
BOX-HYD-05,8.22,46.82,2025-01-05 02:20:00
BOX-HYD-05,8.04,55.82,2025-01-05 02:30:00
BOX-HYD-05,7.98,52.97,2025-01-05 02:40:00
BOX-HYD-05,7.88,49.22,2025-01-05 02:50:00
BOX-HYD-05,7.8,42.54,2025-01-05 03:00:00
BOX-HYD-05,7.75,57.85,2025-01-05 03:10:00
BOX-HYD-05,7.87,49.45,2025-01-05 03:20:00
BOX-HYD-05,7.68,44.15,2025-01-05 03:30:00
BOX-HYD-05,7.72,49.07,2025-01-05 03:40:00
BOX-HYD-05,7.81,46.62,2025-01-05 03:50:00
BOX-HYD-05,7.53,40.31,2025-01-05 04:00:00
BOX-HYD-05,7.78,47.09,2025-01-05 04:10:00
BOX-HYD-05,8.02,54.36,2025-01-05 04:20:00
BOX-HYD-05,8.29,57.14,2025-01-05 04:30:00
BOX-HYD-05,8.11,48.55,2025-01-05 04:40:00
BOX-HYD-05,7.99,59.95,2025-01-05 04:50:00
BOX-HYD-05,8.08,44.74,2025-01-05 05:00:00
BOX-HYD-05,8.37,57.32,2025-01-05 05:10:00
BOX-HYD-05,8.31,44.31,2025-01-05 05:20:00
BOX-HYD-05,8.02,45.76,2025-01-05 05:30:00
BOX-HYD-05,8.24,55.8,2025-01-05 05:40:00
BOX-HYD-05,8.02,46.86,2025-01-05 05:50:00
BOX-HYD-05,7.85,51.17,2025-01-05 06:00:00
BOX-HYD-05,7.55,46.35,2025-01-05 06:10:00
BOX-HYD-05,7.66,44.68,2025-01-05 06:20:00
BOX-HYD-05,7.76,42.27,2025-01-05 06:30:00
BOX-HYD-05,7.88,49.63,2025-01-05 06:40:00
BOX-HYD-05,7.83,42.64,2025-01-05 06:50:00
BOX-HYD-05,7.94,50.25,2025-01-05 07:00:00
BOX-HYD-05,7.93,59.63,2025-01-05 07:10:00
BOX-HYD-05,7.99,47.67,2025-01-05 07:20:00
BOX-HYD-05,7.75,56.77,2025-01-05 07:30:00
BOX-HYD-05,7.86,42.93,2025-01-05 07:40:00
BOX-HYD-05,8.12,59.96,2025-01-05 07:50:00
BOX-HYD-05,7.92,45.45,2025-01-05 08:00:00
BOX-HYD-05,8.04,53.32,2025-01-05 08:10:00
BOX-HYD-05,7.77,41.96,2025-01-05 08:20:00
BOX-HYD-05,7.7,40.41,2025-01-05 08:30:00
BOX-HYD-05,7.8,56.56,2025-01-05 08:40:00
BOX-HYD-05,8.04,52.33,2025-01-05 08:50:00
BOX-HYD-05,7.91,50.53,2025-01-05 09:00:00
BOX-HYD-05,7.69,46.58,2025-01-05 09:10:00
BOX-HYD-05,7.41,41.34,2025-01-05 09:20:00
BOX-HYD-05,7.19,49.72,2025-01-05 09:30:00
BOX-HYD-05,7.03,41.48,2025-01-05 09:40:00
BOX-HYD-05,7.28,53.6,2025-01-05 09:50:00
BOX-HYD-05,7.06,59.81,2025-01-05 10:00:00
BOX-HYD-05,6.96,40.6,2025-01-05 10:10:00
BOX-HYD-05,6.74,42.48,2025-01-05 10:20:00
BOX-HYD-05,6.84,44.91,2025-01-05 10:30:00
BOX-HYD-05,6.89,59.23,2025-01-05 10:40:00
BOX-HYD-05,7.16,48.75,2025-01-05 10:50:00
BOX-HYD-05,7.1,55.35,2025-01-05 11:00:00
BOX-HYD-05,6.88,42.7,2025-01-05 11:10:00
BOX-HYD-05,6.69,53.07,2025-01-05 11:20:00
BOX-HYD-05,6.56,44.15,2025-01-05 11:30:00
BOX-HYD-05,6.31,52.49,2025-01-05 11:40:00
BOX-HYD-05,6.56,54.63,2025-01-05 11:50:00
BOX-HYD-05,6.57,57.75,2025-01-05 12:00:00
BOX-HYD-05,6.8,47.04,2025-01-05 12:10:00
BOX-HYD-05,6.85,50.96,2025-01-05 12:20:00
BOX-HYD-05,6.92,41.68,2025-01-05 12:30:00
BOX-HYD-05,7.02,45.09,2025-01-05 12:40:00
BOX-HYD-05,7.15,54.22,2025-01-05 12:50:00
BOX-HYD-05,6.87,49.39,2025-01-05 13:00:00
BOX-HYD-05,6.84,55.24,2025-01-05 13:10:00
BOX-HYD-05,7.07,50.62,2025-01-05 13:20:00
BOX-HYD-05,6.97,54.57,2025-01-05 13:30:00
BOX-HYD-05,6.86,41.18,2025-01-05 13:40:00
BOX-HYD-05,6.74,54.54,2025-01-05 13:50:00
BOX-HYD-05,6.58,43.43,2025-01-05 14:00:00
BOX-HYD-05,6.45,52.86,2025-01-05 14:10:00
BOX-HYD-05,6.17,56.09,2025-01-05 14:20:00
BOX-HYD-05,6.12,54.33,2025-01-05 14:30:00
BOX-HYD-05,6.28,53.53,2025-01-05 14:40:00
BOX-HYD-05,6.15,49.08,2025-01-05 14:50:00
BOX-HYD-05,6.29,45.13,2025-01-05 15:00:00
BOX-HYD-05,6.41,49.8,2025-01-05 15:10:00
BOX-HYD-05,6.48,56.28,2025-01-05 15:20:00
BOX-HYD-05,6.29,54.09,2025-01-05 15:30:00
BOX-HYD-05,6.32,46.48,2025-01-05 15:40:00
BOX-HYD-05,6.54,48.65,2025-01-05 15:50:00
BOX-HYD-05,6.73,52.65,2025-01-05 16:00:00
BOX-HYD-05,6.66,51.63,2025-01-05 16:10:00
BOX-HYD-05,6.41,47.81,2025-01-05 16:20:00
BOX-HYD-05,6.67,57.07,2025-01-05 16:30:00
BOX-HYD-05,6.58,49.09,2025-01-05 16:40:00
BOX-HYD-05,6.61,42.11,2025-01-05 16:50:00
BOX-HYD-05,6.82,53.96,2025-01-05 17:00:00
BOX-HYD-05,6.58,56.1,2025-01-05 17:10:00
BOX-HYD-05,6.86,52.71,2025-01-05 17:20:00
BOX-HYD-05,7.08,42.22,2025-01-05 17:30:00
BOX-HYD-05,6.83,42.39,2025-01-05 17:40:00
BOX-HYD-05,6.9,49.27,2025-01-05 17:50:00
BOX-HYD-05,7.14,57.04,2025-01-05 18:00:00
BOX-HYD-05,7.26,45.55,2025-01-05 18:10:00
BOX-HYD-05,7.2,47.26,2025-01-05 18:20:00
BOX-HYD-05,7.22,53.75,2025-01-05 18:30:00
BOX-HYD-05,7.44,43.38,2025-01-05 18:40:00
BOX-HYD-05,7.16,45.34,2025-01-05 18:50:00
BOX-HYD-05,6.93,40.99,2025-01-05 19:00:00
BOX-HYD-05,6.7,48.12,2025-01-05 19:10:00
BOX-HYD-05,6.88,48.25,2025-01-05 19:20:00
BOX-HYD-05,6.88,49.8,2025-01-05 19:30:00
BOX-HYD-05,6.95,54.52,2025-01-05 19:40:00
BOX-HYD-05,6.67,42.72,2025-01-05 19:50:00
BOX-HYD-05,6.75,57.57,2025-01-05 20:00:00
BOX-HYD-05,7.04,47.98,2025-01-05 20:10:00
BOX-HYD-05,7.22,42.88,2025-01-05 20:20:00
BOX-HYD-05,7.41,49.62,2025-01-05 20:30:00
BOX-HYD-05,7.18,48.55,2025-01-05 20:40:00
BOX-HYD-05,7.4,48.19,2025-01-05 20:50:00
BOX-HYD-05,7.53,44.27,2025-01-05 21:00:00
BOX-HYD-05,7.26,54.89,2025-01-05 21:10:00
BOX-HYD-05,7.33,58.72,2025-01-05 21:20:00
BOX-HYD-05,7.61,45.3,2025-01-05 21:30:00
BOX-HYD-05,7.73,44.39,2025-01-05 21:40:00
BOX-HYD-05,7.7,46.18,2025-01-05 21:50:00
BOX-HYD-05,7.62,41.69,2025-01-05 22:00:00
BOX-HYD-05,7.77,43.58,2025-01-05 22:10:00
BOX-HYD-05,7.77,52.69,2025-01-05 22:20:00
BOX-HYD-05,7.75,50.29,2025-01-05 22:30:00
BOX-HYD-05,7.72,54.98,2025-01-05 22:40:00
BOX-HYD-05,7.77,53.96,2025-01-05 22:50:00
BOX-HYD-05,7.59,53.97,2025-01-05 23:00:00
BOX-HYD-05,7.75,47.89,2025-01-05 23:10:00
BOX-HYD-05,7.87,57.76,2025-01-05 23:20:00
BOX-HYD-05,7.72,42.74,2025-01-05 23:30:00
BOX-HYD-05,7.46,55.81,2025-01-05 23:40:00
BOX-HYD-05,7.75,50.34,2025-01-05 23:50:00
BOX-HYD-05,7.73,48.57,2025-01-06 00:00:00
BOX-HYD-05,7.67,55.59,2025-01-06 00:10:00
BOX-HYD-05,7.75,42.51,2025-01-06 00:20:00
BOX-HYD-05,7.78,55.85,2025-01-06 00:30:00
BOX-HYD-05,7.65,43.76,2025-01-06 00:40:00
BOX-HYD-05,7.59,56.98,2025-01-06 00:50:00
BOX-HYD-05,7.39,58.31,2025-01-06 01:00:00
BOX-HYD-05,7.51,57.65,2025-01-06 01:10:00
BOX-HYD-05,7.54,43.38,2025-01-06 01:20:00
BOX-HYD-05,7.82,50.45,2025-01-06 01:30:00
BOX-HYD-05,8.0,54.1,2025-01-06 01:40:00
BOX-HYD-05,7.71,50.34,2025-01-06 01:50:00
BOX-HYD-05,7.8,52.64,2025-01-06 02:00:00
BOX-HYD-05,8.01,47.91,2025-01-06 02:10:00
BOX-HYD-05,8.08,45.08,2025-01-06 02:20:00
BOX-HYD-05,8.32,56.95,2025-01-06 02:30:00
BOX-HYD-05,8.61,56.46,2025-01-06 02:40:00
BOX-HYD-05,8.71,44.77,2025-01-06 02:50:00
BOX-HYD-05,8.99,54.17,2025-01-06 03:00:00
BOX-HYD-05,8.77,55.87,2025-01-06 03:10:00
BOX-HYD-05,8.78,56.01,2025-01-06 03:20:00
BOX-HYD-05,8.65,55.15,2025-01-06 03:30:00
BOX-HYD-05,8.5,54.13,2025-01-06 03:40:00
BOX-HYD-05,8.46,56.67,2025-01-06 03:50:00
BOX-HYD-05,8.75,49.03,2025-01-06 04:00:00
BOX-HYD-05,8.74,40.87,2025-01-06 04:10:00
BOX-HYD-05,8.97,42.46,2025-01-06 04:20:00
BOX-HYD-05,8.88,47.24,2025-01-06 04:30:00
BOX-HYD-05,8.97,56.27,2025-01-06 04:40:00
BOX-HYD-05,8.68,45.8,2025-01-06 04:50:00
BOX-HYD-05,8.58,45.38,2025-01-06 05:00:00
BOX-HYD-05,8.71,59.64,2025-01-06 05:10:00
BOX-HYD-05,8.96,51.98,2025-01-06 05:20:00
BOX-HYD-05,8.98,44.21,2025-01-06 05:30:00
BOX-HYD-05,8.96,54.0,2025-01-06 05:40:00
BOX-HYD-05,8.8,56.03,2025-01-06 05:50:00
BOX-HYD-05,8.96,54.21,2025-01-06 06:00:00
BOX-HYD-05,9.23,46.18,2025-01-06 06:10:00
BOX-HYD-05,9.13,59.73,2025-01-06 06:20:00
BOX-HYD-05,8.89,45.27,2025-01-06 06:30:00
BOX-HYD-05,9.06,54.15,2025-01-06 06:40:00
BOX-HYD-05,8.84,56.76,2025-01-06 06:50:00
BOX-HYD-05,8.91,55.03,2025-01-06 07:00:00
BOX-HYD-05,8.64,53.78,2025-01-06 07:10:00
BOX-HYD-05,8.53,58.83,2025-01-06 07:20:00
BOX-HYD-05,8.36,54.05,2025-01-06 07:30:00
BOX-HYD-05,8.56,58.5,2025-01-06 07:40:00
BOX-HYD-05,8.55,58.88,2025-01-06 07:50:00
BOX-HYD-05,8.31,49.92,2025-01-06 08:00:00
BOX-HYD-05,8.27,47.0,2025-01-06 08:10:00
BOX-HYD-05,8.55,54.43,2025-01-06 08:20:00
BOX-HYD-05,8.38,56.13,2025-01-06 08:30:00
BOX-HYD-05,8.3,44.81,2025-01-06 08:40:00
BOX-HYD-05,8.54,53.21,2025-01-06 08:50:00
BOX-HYD-05,8.53,54.85,2025-01-06 09:00:00
BOX-HYD-05,8.53,52.08,2025-01-06 09:10:00
BOX-HYD-05,8.72,43.15,2025-01-06 09:20:00
BOX-HYD-05,8.81,53.03,2025-01-06 09:30:00
BOX-HYD-05,8.9,42.97,2025-01-06 09:40:00
BOX-HYD-05,8.86,41.57,2025-01-06 09:50:00
BOX-HYD-05,8.67,49.99,2025-01-06 10:00:00
BOX-HYD-05,8.86,55.28,2025-01-06 10:10:00
BOX-HYD-05,8.63,58.65,2025-01-06 10:20:00
BOX-HYD-05,8.61,49.56,2025-01-06 10:30:00
BOX-HYD-05,8.78,57.57,2025-01-06 10:40:00
BOX-HYD-05,8.5,56.19,2025-01-06 10:50:00
BOX-HYD-05,8.27,59.67,2025-01-06 11:00:00
BOX-HYD-05,8.14,47.5,2025-01-06 11:10:00
BOX-HYD-05,8.29,43.37,2025-01-06 11:20:00
BOX-HYD-05,8.43,52.91,2025-01-06 11:30:00
BOX-HYD-05,8.24,48.66,2025-01-06 11:40:00
BOX-HYD-05,8.47,51.4,2025-01-06 11:50:00
BOX-HYD-05,8.66,58.55,2025-01-06 12:00:00
BOX-HYD-05,8.49,48.58,2025-01-06 12:10:00
BOX-HYD-05,8.48,51.86,2025-01-06 12:20:00
BOX-HYD-05,8.57,56.21,2025-01-06 12:30:00
BOX-HYD-05,8.77,53.62,2025-01-06 12:40:00
BOX-HYD-05,8.58,43.95,2025-01-06 12:50:00
BOX-HYD-05,8.79,56.51,2025-01-06 13:00:00
BOX-HYD-05,8.91,45.3,2025-01-06 13:10:00
BOX-HYD-05,8.85,40.45,2025-01-06 13:20:00
BOX-HYD-05,8.57,49.73,2025-01-06 13:30:00
BOX-HYD-05,8.6,50.34,2025-01-06 13:40:00
BOX-HYD-05,8.81,57.96,2025-01-06 13:50:00
BOX-HYD-05,8.88,43.17,2025-01-06 14:00:00
BOX-HYD-05,8.77,52.06,2025-01-06 14:10:00
BOX-HYD-05,8.93,57.17,2025-01-06 14:20:00
BOX-HYD-05,9.01,53.16,2025-01-06 14:30:00
BOX-HYD-05,9.2,51.98,2025-01-06 14:40:00
BOX-HYD-05,9.44,46.12,2025-01-06 14:50:00
BOX-HYD-05,9.51,54.71,2025-01-06 15:00:00
BOX-HYD-05,9.73,40.81,2025-01-06 15:10:00
BOX-HYD-05,9.99,56.72,2025-01-06 15:20:00
BOX-HYD-05,9.8,45.99,2025-01-06 15:30:00
BOX-HYD-05,9.53,49.85,2025-01-06 15:40:00
BOX-HYD-05,9.38,46.76,2025-01-06 15:50:00
BOX-HYD-05,9.37,54.42,2025-01-06 16:00:00
BOX-HYD-05,9.19,45.83,2025-01-06 16:10:00
BOX-HYD-05,9.4,45.45,2025-01-06 16:20:00
BOX-HYD-05,9.22,55.21,2025-01-06 16:30:00
BOX-HYD-05,9.23,48.25,2025-01-06 16:40:00
BOX-HYD-05,9.01,44.75,2025-01-06 16:50:00
BOX-HYD-05,8.89,45.09,2025-01-06 17:00:00
BOX-HYD-05,9.03,40.4,2025-01-06 17:10:00
BOX-HYD-05,9.32,51.87,2025-01-06 17:20:00
BOX-HYD-05,9.53,54.68,2025-01-06 17:30:00
BOX-HYD-05,9.26,48.15,2025-01-06 17:40:00
BOX-HYD-05,9.21,56.7,2025-01-06 17:50:00
BOX-HYD-05,9.26,44.88,2025-01-06 18:00:00
BOX-HYD-05,9.46,41.45,2025-01-06 18:10:00
BOX-HYD-05,9.47,54.15,2025-01-06 18:20:00
BOX-HYD-05,9.48,58.78,2025-01-06 18:30:00
BOX-HYD-05,9.65,58.21,2025-01-06 18:40:00
BOX-HYD-05,9.61,58.77,2025-01-06 18:50:00
BOX-HYD-05,9.53,46.05,2025-01-06 19:00:00
BOX-HYD-05,9.66,52.68,2025-01-06 19:10:00
BOX-HYD-05,9.88,49.66,2025-01-06 19:20:00
BOX-HYD-05,9.65,46.39,2025-01-06 19:30:00
BOX-HYD-05,9.62,49.96,2025-01-06 19:40:00
BOX-HYD-05,9.88,40.8,2025-01-06 19:50:00
BOX-HYD-05,9.98,47.45,2025-01-06 20:00:00
BOX-HYD-05,9.75,56.64,2025-01-06 20:10:00
BOX-HYD-05,9.51,40.91,2025-01-06 20:20:00
BOX-HYD-05,9.58,40.35,2025-01-06 20:30:00
BOX-HYD-05,9.31,53.49,2025-01-06 20:40:00
BOX-HYD-05,9.54,46.43,2025-01-06 20:50:00
BOX-HYD-05,9.46,52.68,2025-01-06 21:00:00
BOX-HYD-05,9.25,45.45,2025-01-06 21:10:00
BOX-HYD-05,9.04,52.58,2025-01-06 21:20:00
BOX-HYD-05,8.95,56.96,2025-01-06 21:30:00
BOX-HYD-05,8.88,55.46,2025-01-06 21:40:00
BOX-HYD-05,8.86,49.37,2025-01-06 21:50:00
BOX-HYD-05,8.66,52.49,2025-01-06 22:00:00
BOX-HYD-05,8.41,55.7,2025-01-06 22:10:00
BOX-HYD-05,8.57,42.15,2025-01-06 22:20:00
BOX-HYD-05,8.43,56.2,2025-01-06 22:30:00
BOX-HYD-05,8.43,51.77,2025-01-06 22:40:00
BOX-HYD-05,8.32,49.76,2025-01-06 22:50:00
BOX-HYD-05,8.31,54.02,2025-01-06 23:00:00
BOX-HYD-05,8.06,55.64,2025-01-06 23:10:00
BOX-HYD-05,8.3,42.26,2025-01-06 23:20:00
BOX-HYD-05,8.29,43.79,2025-01-06 23:30:00
BOX-HYD-05,8.31,45.23,2025-01-06 23:40:00
BOX-HYD-05,8.06,46.41,2025-01-06 23:50:00
BOX-HYD-05,7.95,48.52,2025-01-07 00:00:00
BOX-HYD-05,7.75,44.76,2025-01-07 00:10:00
BOX-HYD-05,7.51,57.82,2025-01-07 00:20:00
BOX-HYD-05,7.34,51.42,2025-01-07 00:30:00
BOX-HYD-05,7.62,40.86,2025-01-07 00:40:00
BOX-HYD-05,7.63,48.23,2025-01-07 00:50:00
BOX-HYD-05,7.81,51.37,2025-01-07 01:00:00
BOX-HYD-05,8.03,47.97,2025-01-07 01:10:00
BOX-HYD-05,8.07,52.9,2025-01-07 01:20:00
BOX-HYD-05,7.81,46.41,2025-01-07 01:30:00
BOX-HYD-05,7.57,49.47,2025-01-07 01:40:00
BOX-HYD-05,7.42,45.42,2025-01-07 01:50:00
BOX-HYD-05,7.56,58.19,2025-01-07 02:00:00
BOX-HYD-05,7.85,41.6,2025-01-07 02:10:00
BOX-HYD-05,7.67,52.71,2025-01-07 02:20:00
BOX-HYD-05,7.65,51.58,2025-01-07 02:30:00
BOX-HYD-05,7.59,40.8,2025-01-07 02:40:00
BOX-HYD-05,7.56,44.38,2025-01-07 02:50:00
BOX-HYD-05,7.78,46.75,2025-01-07 03:00:00
BOX-HYD-05,8.05,59.17,2025-01-07 03:10:00
BOX-HYD-05,7.77,47.35,2025-01-07 03:20:00
BOX-HYD-05,7.83,50.92,2025-01-07 03:30:00
BOX-HYD-05,7.92,46.61,2025-01-07 03:40:00
BOX-HYD-05,7.94,41.09,2025-01-07 03:50:00
BOX-HYD-05,7.84,54.35,2025-01-07 04:00:00
BOX-HYD-05,7.84,40.06,2025-01-07 04:10:00
BOX-HYD-05,7.96,42.31,2025-01-07 04:20:00
BOX-HYD-05,8.2,45.77,2025-01-07 04:30:00
BOX-HYD-05,7.99,56.83,2025-01-07 04:40:00
BOX-HYD-05,8.17,55.4,2025-01-07 04:50:00
BOX-HYD-05,8.04,42.49,2025-01-07 05:00:00
BOX-HYD-05,8.32,46.12,2025-01-07 05:10:00
BOX-HYD-05,8.21,53.05,2025-01-07 05:20:00
BOX-HYD-05,8.42,41.33,2025-01-07 05:30:00
BOX-HYD-05,8.3,46.78,2025-01-07 05:40:00
BOX-HYD-05,8.52,40.25,2025-01-07 05:50:00
BOX-HYD-05,8.41,40.02,2025-01-07 06:00:00
BOX-HYD-05,8.13,52.11,2025-01-07 06:10:00
BOX-HYD-05,8.15,54.34,2025-01-07 06:20:00
BOX-HYD-05,8.15,43.03,2025-01-07 06:30:00
BOX-HYD-05,8.26,56.02,2025-01-07 06:40:00
BOX-HYD-05,8.3,43.68,2025-01-07 06:50:00
BOX-HYD-05,8.4,53.06,2025-01-07 07:00:00
BOX-HYD-05,8.32,45.14,2025-01-07 07:10:00
BOX-HYD-05,8.59,60.0,2025-01-07 07:20:00
BOX-HYD-05,8.54,59.52,2025-01-07 07:30:00
BOX-HYD-05,8.31,44.28,2025-01-07 07:40:00
BOX-HYD-05,8.32,42.32,2025-01-07 07:50:00
BOX-HYD-05,8.54,45.92,2025-01-07 08:00:00
BOX-HYD-05,8.56,50.48,2025-01-07 08:10:00
BOX-HYD-05,8.56,41.25,2025-01-07 08:20:00
BOX-HYD-05,8.74,52.01,2025-01-07 08:30:00
BOX-HYD-05,8.87,50.2,2025-01-07 08:40:00
BOX-HYD-05,9.12,41.09,2025-01-07 08:50:00
BOX-HYD-05,8.88,41.92,2025-01-07 09:00:00
BOX-HYD-05,9.02,46.08,2025-01-07 09:10:00
BOX-HYD-05,8.82,45.0,2025-01-07 09:20:00
BOX-HYD-05,8.68,59.18,2025-01-07 09:30:00
BOX-HYD-05,8.78,58.18,2025-01-07 09:40:00
BOX-HYD-05,8.58,53.17,2025-01-07 09:50:00
BOX-HYD-05,8.5,46.4,2025-01-07 10:00:00
BOX-HYD-05,8.36,58.77,2025-01-07 10:10:00
BOX-HYD-05,8.65,59.18,2025-01-07 10:20:00
BOX-HYD-05,8.46,40.72,2025-01-07 10:30:00
BOX-HYD-05,8.61,44.35,2025-01-07 10:40:00
BOX-HYD-05,8.76,40.82,2025-01-07 10:50:00
BOX-HYD-05,8.67,46.3,2025-01-07 11:00:00
BOX-HYD-05,8.52,44.87,2025-01-07 11:10:00
BOX-HYD-05,8.63,56.96,2025-01-07 11:20:00
BOX-HYD-05,8.53,58.01,2025-01-07 11:30:00
BOX-HYD-05,8.39,53.92,2025-01-07 11:40:00
BOX-HYD-05,8.55,41.36,2025-01-07 11:50:00
BOX-HYD-05,8.66,56.41,2025-01-07 12:00:00
BOX-HYD-05,8.66,54.38,2025-01-07 12:10:00
BOX-HYD-05,8.79,40.55,2025-01-07 12:20:00
BOX-HYD-05,8.81,44.61,2025-01-07 12:30:00
BOX-HYD-05,8.8,45.82,2025-01-07 12:40:00
BOX-HYD-05,9.07,45.92,2025-01-07 12:50:00
BOX-HYD-05,8.94,42.75,2025-01-07 13:00:00
BOX-HYD-05,8.87,40.95,2025-01-07 13:10:00
BOX-HYD-05,8.73,55.97,2025-01-07 13:20:00
BOX-HYD-05,8.92,43.53,2025-01-07 13:30:00
BOX-HYD-05,8.86,44.52,2025-01-07 13:40:00
BOX-HYD-05,8.68,59.58,2025-01-07 13:50:00
BOX-HYD-05,8.84,40.18,2025-01-07 14:00:00
BOX-HYD-05,8.56,57.75,2025-01-07 14:10:00
BOX-HYD-05,8.58,53.42,2025-01-07 14:20:00
BOX-HYD-05,8.71,52.14,2025-01-07 14:30:00
BOX-HYD-05,8.89,58.06,2025-01-07 14:40:00
BOX-HYD-05,8.86,59.85,2025-01-07 14:50:00
BOX-HYD-05,8.8,59.51,2025-01-07 15:00:00
BOX-HYD-05,8.6,55.44,2025-01-07 15:10:00
BOX-HYD-05,8.64,41.19,2025-01-07 15:20:00
BOX-HYD-05,8.86,50.51,2025-01-07 15:30:00
BOX-HYD-05,9.01,55.61,2025-01-07 15:40:00
BOX-HYD-05,8.91,56.15,2025-01-07 15:50:00
BOX-HYD-05,9.07,48.75,2025-01-07 16:00:00
BOX-HYD-05,8.93,47.56,2025-01-07 16:10:00
BOX-HYD-05,8.95,42.55,2025-01-07 16:20:00
BOX-HYD-05,8.69,43.77,2025-01-07 16:30:00
BOX-HYD-05,8.97,52.76,2025-01-07 16:40:00
BOX-HYD-05,9.17,53.48,2025-01-07 16:50:00
BOX-HYD-05,8.9,46.95,2025-01-07 17:00:00
BOX-HYD-05,8.88,44.04,2025-01-07 17:10:00
BOX-HYD-05,8.72,48.98,2025-01-07 17:20:00
BOX-HYD-05,8.51,47.63,2025-01-07 17:30:00
BOX-HYD-05,8.46,52.7,2025-01-07 17:40:00
BOX-HYD-05,8.64,40.06,2025-01-07 17:50:00
BOX-HYD-05,8.47,44.08,2025-01-07 18:00:00
BOX-HYD-05,8.38,44.52,2025-01-07 18:10:00
BOX-HYD-05,8.63,59.58,2025-01-07 18:20:00
BOX-HYD-05,8.74,52.44,2025-01-07 18:30:00
BOX-HYD-05,8.51,54.75,2025-01-07 18:40:00
BOX-HYD-05,8.43,59.81,2025-01-07 18:50:00
BOX-HYD-05,8.7,41.59,2025-01-07 19:00:00
BOX-HYD-05,8.9,50.39,2025-01-07 19:10:00
BOX-HYD-05,9.07,59.79,2025-01-07 19:20:00
BOX-HYD-05,9.34,54.92,2025-01-07 19:30:00
BOX-HYD-05,9.55,42.68,2025-01-07 19:40:00
BOX-HYD-05,9.74,42.41,2025-01-07 19:50:00
BOX-HYD-05,9.76,50.59,2025-01-07 20:00:00
BOX-HYD-05,9.77,59.47,2025-01-07 20:10:00
BOX-HYD-05,9.9,42.76,2025-01-07 20:20:00
BOX-HYD-05,9.91,42.79,2025-01-07 20:30:00
BOX-HYD-05,9.79,49.58,2025-01-07 20:40:00
BOX-HYD-05,9.64,44.29,2025-01-07 20:50:00
BOX-HYD-05,9.34,45.73,2025-01-07 21:00:00
BOX-HYD-05,9.04,43.14,2025-01-07 21:10:00
BOX-HYD-05,8.87,58.93,2025-01-07 21:20:00
BOX-HYD-05,8.96,44.77,2025-01-07 21:30:00
BOX-HYD-05,9.23,51.74,2025-01-07 21:40:00
BOX-HYD-05,9.49,51.78,2025-01-07 21:50:00
BOX-HYD-05,9.63,41.38,2025-01-07 22:00:00
BOX-HYD-05,9.91,47.81,2025-01-07 22:10:00
BOX-HYD-05,9.66,58.92,2025-01-07 22:20:00
BOX-HYD-05,9.76,43.09,2025-01-07 22:30:00
BOX-PUNE-06,4.9,44.96,2025-01-01 00:00:00
BOX-PUNE-06,4.83,47.59,2025-01-01 00:10:00
BOX-PUNE-06,4.54,55.95,2025-01-01 00:20:00
BOX-PUNE-06,4.58,56.63,2025-01-01 00:30:00
BOX-PUNE-06,4.34,59.3,2025-01-01 00:40:00
BOX-PUNE-06,4.3,44.08,2025-01-01 00:50:00
BOX-PUNE-06,4.27,52.41,2025-01-01 01:00:00
BOX-PUNE-06,3.97,49.44,2025-01-01 01:10:00
BOX-PUNE-06,4.26,45.44,2025-01-01 01:20:00
BOX-PUNE-06,4.53,58.17,2025-01-01 01:30:00
BOX-PUNE-06,4.31,43.23,2025-01-01 01:40:00
BOX-PUNE-06,4.29,42.31,2025-01-01 01:50:00
BOX-PUNE-06,4.42,48.12,2025-01-01 02:00:00
BOX-PUNE-06,4.29,44.0,2025-01-01 02:10:00
BOX-PUNE-06,4.43,57.04,2025-01-01 02:20:00
BOX-PUNE-06,4.21,55.28,2025-01-01 02:30:00
BOX-PUNE-06,3.94,59.03,2025-01-01 02:40:00
BOX-PUNE-06,4.03,51.62,2025-01-01 02:50:00
BOX-PUNE-06,4.05,50.92,2025-01-01 03:00:00
BOX-PUNE-06,4.02,55.21,2025-01-01 03:10:00
BOX-PUNE-06,3.85,57.91,2025-01-01 03:20:00
BOX-PUNE-06,3.87,55.13,2025-01-01 03:30:00
BOX-PUNE-06,3.63,52.32,2025-01-01 03:40:00
BOX-PUNE-06,3.53,45.37,2025-01-01 03:50:00
BOX-PUNE-06,3.8,56.86,2025-01-01 04:00:00
BOX-PUNE-06,3.88,55.81,2025-01-01 04:10:00
BOX-PUNE-06,3.99,57.03,2025-01-01 04:20:00
BOX-PUNE-06,4.25,56.84,2025-01-01 04:30:00
BOX-PUNE-06,4.0,53.03,2025-01-01 04:40:00
BOX-PUNE-06,4.2,42.21,2025-01-01 04:50:00
BOX-PUNE-06,3.92,45.77,2025-01-01 05:00:00
BOX-PUNE-06,3.75,49.01,2025-01-01 05:10:00
BOX-PUNE-06,3.73,59.98,2025-01-01 05:20:00
BOX-PUNE-06,3.45,50.08,2025-01-01 05:30:00
BOX-PUNE-06,3.29,49.39,2025-01-01 05:40:00
BOX-PUNE-06,3.11,43.62,2025-01-01 05:50:00
BOX-PUNE-06,2.99,50.44,2025-01-01 06:00:00
BOX-PUNE-06,2.87,41.75,2025-01-01 06:10:00
BOX-PUNE-06,2.83,48.6,2025-01-01 06:20:00
BOX-PUNE-06,3.09,48.8,2025-01-01 06:30:00
BOX-PUNE-06,2.95,43.83,2025-01-01 06:40:00
BOX-PUNE-06,3.08,51.58,2025-01-01 06:50:00
BOX-PUNE-06,2.89,57.57,2025-01-01 07:00:00
BOX-PUNE-06,2.81,44.45,2025-01-01 07:10:00
BOX-PUNE-06,2.77,49.9,2025-01-01 07:20:00
BOX-PUNE-06,2.5,51.54,2025-01-01 07:30:00
BOX-PUNE-06,2.5,42.59,2025-01-01 07:40:00
BOX-PUNE-06,2.36,44.26,2025-01-01 07:50:00
BOX-PUNE-06,2.08,54.48,2025-01-01 08:00:00
BOX-PUNE-06,2.19,53.96,2025-01-01 08:10:00
BOX-PUNE-06,2.13,45.43,2025-01-01 08:20:00
BOX-PUNE-06,1.9,50.15,2025-01-01 08:30:00
BOX-PUNE-06,1.74,41.57,2025-01-01 08:40:00
BOX-PUNE-06,1.54,52.44,2025-01-01 08:50:00
BOX-PUNE-06,1.56,57.04,2025-01-01 09:00:00
BOX-PUNE-06,1.32,58.83,2025-01-01 09:10:00
BOX-PUNE-06,1.16,57.08,2025-01-01 09:20:00
BOX-PUNE-06,1.24,49.82,2025-01-01 09:30:00
BOX-PUNE-06,1.34,45.87,2025-01-01 09:40:00
BOX-PUNE-06,1.57,43.83,2025-01-01 09:50:00
BOX-PUNE-06,1.73,40.73,2025-01-01 10:00:00
BOX-PUNE-06,1.45,58.12,2025-01-01 10:10:00
BOX-PUNE-06,1.36,45.62,2025-01-01 10:20:00
BOX-PUNE-06,1.23,47.8,2025-01-01 10:30:00
BOX-PUNE-06,1.26,55.85,2025-01-01 10:40:00
BOX-PUNE-06,1.05,43.85,2025-01-01 10:50:00
BOX-PUNE-06,1.2,58.98,2025-01-01 11:00:00
BOX-PUNE-06,1.38,57.82,2025-01-01 11:10:00
BOX-PUNE-06,1.65,58.61,2025-01-01 11:20:00
BOX-PUNE-06,1.79,42.32,2025-01-01 11:30:00
BOX-PUNE-06,1.7,40.82,2025-01-01 11:40:00
BOX-PUNE-06,1.7,44.58,2025-01-01 11:50:00
BOX-PUNE-06,1.97,42.46,2025-01-01 12:00:00
BOX-PUNE-06,1.94,54.97,2025-01-01 12:10:00
BOX-PUNE-06,2.02,53.57,2025-01-01 12:20:00
BOX-PUNE-06,2.03,49.45,2025-01-01 12:30:00
BOX-PUNE-06,1.95,58.16,2025-01-01 12:40:00
BOX-PUNE-06,1.76,58.49,2025-01-01 12:50:00
BOX-PUNE-06,1.52,57.76,2025-01-01 13:00:00
BOX-PUNE-06,1.64,43.34,2025-01-01 13:10:00
BOX-PUNE-06,1.68,59.15,2025-01-01 13:20:00
BOX-PUNE-06,1.51,43.76,2025-01-01 13:30:00
BOX-PUNE-06,1.73,59.49,2025-01-01 13:40:00
BOX-PUNE-06,1.83,45.65,2025-01-01 13:50:00
BOX-PUNE-06,1.85,58.32,2025-01-01 14:00:00
BOX-PUNE-06,1.62,46.54,2025-01-01 14:10:00
BOX-PUNE-06,1.49,49.91,2025-01-01 14:20:00
BOX-PUNE-06,1.61,57.19,2025-01-01 14:30:00
BOX-PUNE-06,1.88,41.27,2025-01-01 14:40:00
BOX-PUNE-06,2.12,44.56,2025-01-01 14:50:00
BOX-PUNE-06,1.86,48.81,2025-01-01 15:00:00
BOX-PUNE-06,1.59,41.77,2025-01-01 15:10:00
BOX-PUNE-06,1.57,55.02,2025-01-01 15:20:00
BOX-PUNE-06,1.82,52.46,2025-01-01 15:30:00
BOX-PUNE-06,2.06,58.59,2025-01-01 15:40:00
BOX-PUNE-06,2.21,53.06,2025-01-01 15:50:00
BOX-PUNE-06,1.96,51.71,2025-01-01 16:00:00
BOX-PUNE-06,2.21,47.54,2025-01-01 16:10:00
BOX-PUNE-06,2.49,55.95,2025-01-01 16:20:00
BOX-PUNE-06,2.69,53.53,2025-01-01 16:30:00
BOX-PUNE-06,2.49,42.71,2025-01-01 16:40:00
BOX-PUNE-06,2.49,56.95,2025-01-01 16:50:00
BOX-PUNE-06,2.28,42.61,2025-01-01 17:00:00
BOX-PUNE-06,2.52,40.86,2025-01-01 17:10:00
BOX-PUNE-06,2.66,57.37,2025-01-01 17:20:00
BOX-PUNE-06,2.68,47.74,2025-01-01 17:30:00
BOX-PUNE-06,2.56,55.75,2025-01-01 17:40:00
BOX-PUNE-06,2.58,52.95,2025-01-01 17:50:00
BOX-PUNE-06,2.44,48.58,2025-01-01 18:00:00
BOX-PUNE-06,2.18,53.4,2025-01-01 18:10:00
BOX-PUNE-06,2.21,46.29,2025-01-01 18:20:00
BOX-PUNE-06,2.45,50.33,2025-01-01 18:30:00
BOX-PUNE-06,2.66,51.34,2025-01-01 18:40:00
BOX-PUNE-06,2.57,45.31,2025-01-01 18:50:00
BOX-PUNE-06,2.61,53.13,2025-01-01 19:00:00
BOX-PUNE-06,2.48,46.55,2025-01-01 19:10:00
BOX-PUNE-06,2.5,56.92,2025-01-01 19:20:00
BOX-PUNE-06,2.78,50.92,2025-01-01 19:30:00
BOX-PUNE-06,2.56,56.27,2025-01-01 19:40:00
BOX-PUNE-06,2.69,55.0,2025-01-01 19:50:00
BOX-PUNE-06,2.71,44.94,2025-01-01 20:00:00
BOX-PUNE-06,2.45,47.11,2025-01-01 20:10:00
BOX-PUNE-06,2.48,45.31,2025-01-01 20:20:00
BOX-PUNE-06,2.51,51.4,2025-01-01 20:30:00
BOX-PUNE-06,2.26,49.18,2025-01-01 20:40:00
BOX-PUNE-06,2.36,59.15,2025-01-01 20:50:00
BOX-PUNE-06,2.27,42.09,2025-01-01 21:00:00
BOX-PUNE-06,2.29,41.86,2025-01-01 21:10:00
BOX-PUNE-06,2.16,53.47,2025-01-01 21:20:00
BOX-PUNE-06,1.93,42.03,2025-01-01 21:30:00
BOX-PUNE-06,1.79,49.8,2025-01-01 21:40:00
BOX-PUNE-06,1.84,49.31,2025-01-01 21:50:00
BOX-PUNE-06,1.74,43.4,2025-01-01 22:00:00
BOX-PUNE-06,1.55,49.76,2025-01-01 22:10:00
BOX-PUNE-06,1.26,48.47,2025-01-01 22:20:00
BOX-PUNE-06,1.26,45.85,2025-01-01 22:30:00
BOX-PUNE-06,1.13,50.19,2025-01-01 22:40:00
BOX-PUNE-06,1.12,54.45,2025-01-01 22:50:00
BOX-PUNE-06,1.08,43.19,2025-01-01 23:00:00
BOX-PUNE-06,1.35,42.18,2025-01-01 23:10:00
BOX-PUNE-06,1.23,53.9,2025-01-01 23:20:00
BOX-PUNE-06,1.33,57.28,2025-01-01 23:30:00
BOX-PUNE-06,1.07,51.9,2025-01-01 23:40:00
BOX-PUNE-06,1.04,45.47,2025-01-01 23:50:00
BOX-PUNE-06,0.96,56.59,2025-01-02 00:00:00
BOX-PUNE-06,0.77,45.33,2025-01-02 00:10:00
BOX-PUNE-06,0.62,50.93,2025-01-02 00:20:00
BOX-PUNE-06,0.73,58.18,2025-01-02 00:30:00
BOX-PUNE-06,0.69,54.69,2025-01-02 00:40:00
BOX-PUNE-06,0.64,48.27,2025-01-02 00:50:00
BOX-PUNE-06,0.57,53.65,2025-01-02 01:00:00
BOX-PUNE-06,0.68,43.74,2025-01-02 01:10:00
BOX-PUNE-06,0.8,53.51,2025-01-02 01:20:00
BOX-PUNE-06,0.99,53.76,2025-01-02 01:30:00
BOX-PUNE-06,1.26,51.38,2025-01-02 01:40:00
BOX-PUNE-06,1.06,48.23,2025-01-02 01:50:00
BOX-PUNE-06,0.95,52.92,2025-01-02 02:00:00
BOX-PUNE-06,1.17,48.88,2025-01-02 02:10:00
BOX-PUNE-06,0.92,43.22,2025-01-02 02:20:00
BOX-PUNE-06,1.2,57.65,2025-01-02 02:30:00
BOX-PUNE-06,1.16,52.69,2025-01-02 02:40:00
BOX-PUNE-06,1.09,45.5,2025-01-02 02:50:00
BOX-PUNE-06,0.98,55.52,2025-01-02 03:00:00
BOX-PUNE-06,1.26,46.56,2025-01-02 03:10:00
BOX-PUNE-06,1.37,50.34,2025-01-02 03:20:00
BOX-PUNE-06,1.21,56.98,2025-01-02 03:30:00
BOX-PUNE-06,1.02,50.81,2025-01-02 03:40:00
BOX-PUNE-06,1.04,45.85,2025-01-02 03:50:00
BOX-PUNE-06,1.07,56.04,2025-01-02 04:00:00
BOX-PUNE-06,0.83,47.86,2025-01-02 04:10:00
BOX-PUNE-06,1.03,42.76,2025-01-02 04:20:00
BOX-PUNE-06,1.24,55.19,2025-01-02 04:30:00
BOX-PUNE-06,1.16,54.25,2025-01-02 04:40:00
BOX-PUNE-06,1.23,45.26,2025-01-02 04:50:00
BOX-PUNE-06,1.02,59.31,2025-01-02 05:00:00
BOX-PUNE-06,0.87,49.57,2025-01-02 05:10:00
BOX-PUNE-06,0.69,46.47,2025-01-02 05:20:00
BOX-PUNE-06,0.42,50.27,2025-01-02 05:30:00
BOX-PUNE-06,0.51,48.37,2025-01-02 05:40:00
BOX-PUNE-06,0.45,54.99,2025-01-02 05:50:00
BOX-PUNE-06,0.53,55.47,2025-01-02 06:00:00
BOX-PUNE-06,0.34,51.15,2025-01-02 06:10:00
BOX-PUNE-06,0.53,52.87,2025-01-02 06:20:00
BOX-PUNE-06,0.47,43.5,2025-01-02 06:30:00
BOX-PUNE-06,0.7,50.19,2025-01-02 06:40:00
BOX-PUNE-06,0.79,53.18,2025-01-02 06:50:00
BOX-PUNE-06,0.71,54.93,2025-01-02 07:00:00
BOX-PUNE-06,0.78,41.81,2025-01-02 07:10:00
BOX-PUNE-06,0.71,41.74,2025-01-02 07:20:00
BOX-PUNE-06,0.6,58.32,2025-01-02 07:30:00
BOX-PUNE-06,0.82,45.89,2025-01-02 07:40:00
BOX-PUNE-06,0.53,45.94,2025-01-02 07:50:00
BOX-PUNE-06,0.68,43.1,2025-01-02 08:00:00
BOX-PUNE-06,0.48,40.74,2025-01-02 08:10:00
BOX-PUNE-06,0.64,56.86,2025-01-02 08:20:00
BOX-PUNE-06,0.59,59.85,2025-01-02 08:30:00
BOX-PUNE-06,0.65,44.81,2025-01-02 08:40:00
BOX-PUNE-06,0.83,56.73,2025-01-02 08:50:00
BOX-PUNE-06,0.77,59.92,2025-01-02 09:00:00
BOX-PUNE-06,0.49,43.73,2025-01-02 09:10:00
BOX-PUNE-06,0.39,46.76,2025-01-02 09:20:00
BOX-PUNE-06,0.56,43.85,2025-01-02 09:30:00
BOX-PUNE-06,0.84,45.29,2025-01-02 09:40:00
BOX-PUNE-06,0.84,43.94,2025-01-02 09:50:00
BOX-PUNE-06,0.56,50.06,2025-01-02 10:00:00
BOX-PUNE-06,0.81,53.31,2025-01-02 10:10:00
BOX-PUNE-06,0.95,42.94,2025-01-02 10:20:00
BOX-PUNE-06,0.89,44.23,2025-01-02 10:30:00
BOX-PUNE-06,0.6,44.54,2025-01-02 10:40:00
BOX-PUNE-06,0.58,50.95,2025-01-02 10:50:00
BOX-PUNE-06,0.5,54.8,2025-01-02 11:00:00
BOX-PUNE-06,0.57,44.27,2025-01-02 11:10:00
BOX-PUNE-06,0.79,44.19,2025-01-02 11:20:00
BOX-PUNE-06,0.69,45.82,2025-01-02 11:30:00
BOX-PUNE-06,0.4,51.96,2025-01-02 11:40:00
BOX-PUNE-06,0.25,50.22,2025-01-02 11:50:00
BOX-PUNE-06,0.31,59.91,2025-01-02 12:00:00
BOX-PUNE-06,0.23,50.58,2025-01-02 12:10:00
BOX-PUNE-06,0.49,49.56,2025-01-02 12:20:00
BOX-PUNE-06,0.68,56.18,2025-01-02 12:30:00
BOX-PUNE-06,0.77,41.6,2025-01-02 12:40:00
BOX-PUNE-06,0.49,50.18,2025-01-02 12:50:00
BOX-PUNE-06,0.71,49.71,2025-01-02 13:00:00
BOX-PUNE-06,0.87,58.33,2025-01-02 13:10:00
BOX-PUNE-06,1.12,50.58,2025-01-02 13:20:00
BOX-PUNE-06,1.15,43.5,2025-01-02 13:30:00
BOX-PUNE-06,1.18,56.23,2025-01-02 13:40:00
BOX-PUNE-06,1.2,42.86,2025-01-02 13:50:00
BOX-PUNE-06,1.39,44.68,2025-01-02 14:00:00
BOX-PUNE-06,1.31,43.3,2025-01-02 14:10:00
BOX-PUNE-06,1.23,59.81,2025-01-02 14:20:00
BOX-PUNE-06,1.33,50.63,2025-01-02 14:30:00
BOX-PUNE-06,1.49,50.14,2025-01-02 14:40:00
BOX-PUNE-06,1.72,55.73,2025-01-02 14:50:00
BOX-PUNE-06,1.83,54.64,2025-01-02 15:00:00
BOX-PUNE-06,1.66,49.17,2025-01-02 15:10:00
BOX-PUNE-06,1.53,40.32,2025-01-02 15:20:00
BOX-PUNE-06,1.8,44.89,2025-01-02 15:30:00
BOX-PUNE-06,1.87,40.21,2025-01-02 15:40:00
BOX-PUNE-06,2.03,44.67,2025-01-02 15:50:00
BOX-PUNE-06,2.07,53.12,2025-01-02 16:00:00
BOX-PUNE-06,2.21,54.7,2025-01-02 16:10:00
BOX-PUNE-06,2.37,53.91,2025-01-02 16:20:00
BOX-PUNE-06,2.26,46.16,2025-01-02 16:30:00
BOX-PUNE-06,2.33,57.74,2025-01-02 16:40:00
BOX-PUNE-06,2.16,51.57,2025-01-02 16:50:00
BOX-PUNE-06,2.01,53.37,2025-01-02 17:00:00
BOX-PUNE-06,2.2,53.07,2025-01-02 17:10:00
BOX-PUNE-06,2.48,50.15,2025-01-02 17:20:00
BOX-PUNE-06,2.22,44.38,2025-01-02 17:30:00
BOX-PUNE-06,2.33,50.79,2025-01-02 17:40:00
BOX-PUNE-06,2.42,44.75,2025-01-02 17:50:00
BOX-PUNE-06,2.65,42.22,2025-01-02 18:00:00
BOX-PUNE-06,2.51,45.39,2025-01-02 18:10:00
BOX-PUNE-06,2.33,52.54,2025-01-02 18:20:00
BOX-PUNE-06,2.15,56.28,2025-01-02 18:30:00
BOX-PUNE-06,2.3,54.37,2025-01-02 18:40:00
BOX-PUNE-06,2.19,59.06,2025-01-02 18:50:00
BOX-PUNE-06,2.45,44.38,2025-01-02 19:00:00
BOX-PUNE-06,2.38,55.3,2025-01-02 19:10:00
BOX-PUNE-06,2.18,54.72,2025-01-02 19:20:00
BOX-PUNE-06,2.47,45.91,2025-01-02 19:30:00
BOX-PUNE-06,2.69,48.39,2025-01-02 19:40:00
BOX-PUNE-06,2.98,41.55,2025-01-02 19:50:00
BOX-PUNE-06,2.94,50.64,2025-01-02 20:00:00
BOX-PUNE-06,2.81,44.25,2025-01-02 20:10:00
BOX-PUNE-06,3.06,43.56,2025-01-02 20:20:00
BOX-PUNE-06,3.2,54.51,2025-01-02 20:30:00
BOX-PUNE-06,2.91,56.57,2025-01-02 20:40:00
BOX-PUNE-06,2.83,43.94,2025-01-02 20:50:00
BOX-PUNE-06,3.04,53.84,2025-01-02 21:00:00
BOX-PUNE-06,3.0,58.99,2025-01-02 21:10:00
BOX-PUNE-06,3.08,40.45,2025-01-02 21:20:00
BOX-PUNE-06,2.88,52.08,2025-01-02 21:30:00
BOX-PUNE-06,3.01,43.41,2025-01-02 21:40:00
BOX-PUNE-06,3.04,43.25,2025-01-02 21:50:00
BOX-PUNE-06,2.91,59.01,2025-01-02 22:00:00
BOX-PUNE-06,2.88,50.76,2025-01-02 22:10:00
BOX-PUNE-06,2.99,41.84,2025-01-02 22:20:00
BOX-PUNE-06,3.24,48.46,2025-01-02 22:30:00
BOX-PUNE-06,3.26,56.57,2025-01-02 22:40:00
BOX-PUNE-06,3.35,54.22,2025-01-02 22:50:00
BOX-PUNE-06,3.27,55.63,2025-01-02 23:00:00
BOX-PUNE-06,3.47,42.34,2025-01-02 23:10:00
BOX-PUNE-06,3.55,55.24,2025-01-02 23:20:00
BOX-PUNE-06,3.37,54.78,2025-01-02 23:30:00
BOX-PUNE-06,3.34,55.64,2025-01-02 23:40:00
BOX-PUNE-06,3.39,56.83,2025-01-02 23:50:00
BOX-PUNE-06,3.29,53.14,2025-01-03 00:00:00
BOX-PUNE-06,3.45,50.64,2025-01-03 00:10:00
BOX-PUNE-06,3.41,44.48,2025-01-03 00:20:00
BOX-PUNE-06,3.39,59.59,2025-01-03 00:30:00
BOX-PUNE-06,3.24,45.57,2025-01-03 00:40:00
BOX-PUNE-06,3.53,41.06,2025-01-03 00:50:00
BOX-PUNE-06,3.33,59.9,2025-01-03 01:00:00
BOX-PUNE-06,3.12,45.56,2025-01-03 01:10:00
BOX-PUNE-06,3.17,51.81,2025-01-03 01:20:00
BOX-PUNE-06,3.07,55.38,2025-01-03 01:30:00
BOX-PUNE-06,3.23,42.26,2025-01-03 01:40:00
BOX-PUNE-06,3.14,46.63,2025-01-03 01:50:00
BOX-PUNE-06,3.38,46.05,2025-01-03 02:00:00
BOX-PUNE-06,3.09,49.18,2025-01-03 02:10:00
BOX-PUNE-06,3.0,51.82,2025-01-03 02:20:00
BOX-PUNE-06,3.1,45.43,2025-01-03 02:30:00
BOX-PUNE-06,2.98,50.39,2025-01-03 02:40:00
BOX-PUNE-06,2.97,46.44,2025-01-03 02:50:00
BOX-PUNE-06,3.06,59.17,2025-01-03 03:00:00
BOX-PUNE-06,3.28,56.78,2025-01-03 03:10:00
BOX-PUNE-06,3.13,41.8,2025-01-03 03:20:00
BOX-PUNE-06,2.94,46.7,2025-01-03 03:30:00
BOX-PUNE-06,2.92,58.29,2025-01-03 03:40:00
BOX-PUNE-06,2.71,51.68,2025-01-03 03:50:00
BOX-PUNE-06,2.77,58.27,2025-01-03 04:00:00
BOX-PUNE-06,2.57,46.78,2025-01-03 04:10:00
BOX-PUNE-06,2.29,49.38,2025-01-03 04:20:00
BOX-PUNE-06,2.53,49.14,2025-01-03 04:30:00
BOX-PUNE-06,2.72,46.62,2025-01-03 04:40:00
BOX-PUNE-06,2.84,42.92,2025-01-03 04:50:00
BOX-PUNE-06,3.09,58.58,2025-01-03 05:00:00
BOX-PUNE-06,2.83,52.93,2025-01-03 05:10:00
BOX-PUNE-06,2.73,54.01,2025-01-03 05:20:00
BOX-PUNE-06,2.62,49.98,2025-01-03 05:30:00
BOX-PUNE-06,2.39,59.17,2025-01-03 05:40:00
BOX-PUNE-06,2.27,44.72,2025-01-03 05:50:00
BOX-PUNE-06,2.52,58.83,2025-01-03 06:00:00
BOX-PUNE-06,2.23,49.54,2025-01-03 06:10:00
BOX-PUNE-06,2.32,58.77,2025-01-03 06:20:00
BOX-PUNE-06,2.35,40.96,2025-01-03 06:30:00
BOX-PUNE-06,2.53,53.16,2025-01-03 06:40:00
BOX-PUNE-06,2.5,48.81,2025-01-03 06:50:00
BOX-PUNE-06,2.65,40.25,2025-01-03 07:00:00
BOX-PUNE-06,2.46,58.62,2025-01-03 07:10:00
BOX-PUNE-06,2.54,45.82,2025-01-03 07:20:00
BOX-PUNE-06,2.52,43.54,2025-01-03 07:30:00
BOX-PUNE-06,2.58,50.22,2025-01-03 07:40:00
BOX-PUNE-06,2.44,41.95,2025-01-03 07:50:00
BOX-PUNE-06,2.18,58.74,2025-01-03 08:00:00
BOX-PUNE-06,1.89,55.79,2025-01-03 08:10:00
BOX-PUNE-06,1.81,57.64,2025-01-03 08:20:00
BOX-PUNE-06,1.87,51.62,2025-01-03 08:30:00
BOX-PUNE-06,2.16,43.77,2025-01-03 08:40:00
BOX-PUNE-06,1.88,42.83,2025-01-03 08:50:00
BOX-PUNE-06,2.02,42.41,2025-01-03 09:00:00
BOX-PUNE-06,2.25,58.67,2025-01-03 09:10:00
BOX-PUNE-06,2.22,45.66,2025-01-03 09:20:00
BOX-PUNE-06,2.14,45.17,2025-01-03 09:30:00
BOX-PUNE-06,2.26,59.9,2025-01-03 09:40:00
BOX-PUNE-06,2.34,48.94,2025-01-03 09:50:00
BOX-PUNE-06,2.53,54.8,2025-01-03 10:00:00
BOX-PUNE-06,2.74,40.22,2025-01-03 10:10:00
BOX-PUNE-06,2.71,51.7,2025-01-03 10:20:00
BOX-PUNE-06,2.44,40.78,2025-01-03 10:30:00
BOX-PUNE-06,2.23,48.11,2025-01-03 10:40:00
BOX-PUNE-06,1.94,54.84,2025-01-03 10:50:00
BOX-PUNE-06,1.88,56.66,2025-01-03 11:00:00
BOX-PUNE-06,2.03,47.89,2025-01-03 11:10:00
BOX-PUNE-06,2.24,54.15,2025-01-03 11:20:00
BOX-PUNE-06,1.95,56.21,2025-01-03 11:30:00
BOX-PUNE-06,1.79,55.65,2025-01-03 11:40:00
BOX-PUNE-06,1.89,41.87,2025-01-03 11:50:00
BOX-PUNE-06,1.6,41.98,2025-01-03 12:00:00
BOX-PUNE-06,1.8,51.85,2025-01-03 12:10:00
BOX-PUNE-06,1.82,45.94,2025-01-03 12:20:00
BOX-PUNE-06,2.04,52.29,2025-01-03 12:30:00
BOX-PUNE-06,1.84,45.23,2025-01-03 12:40:00
BOX-PUNE-06,1.8,42.3,2025-01-03 12:50:00
BOX-PUNE-06,1.95,52.9,2025-01-03 13:00:00
BOX-PUNE-06,2.19,52.62,2025-01-03 13:10:00
BOX-PUNE-06,1.92,40.81,2025-01-03 13:20:00
BOX-PUNE-06,1.69,53.55,2025-01-03 13:30:00
BOX-PUNE-06,1.72,41.29,2025-01-03 13:40:00
BOX-PUNE-06,1.93,41.64,2025-01-03 13:50:00
BOX-PUNE-06,2.11,45.16,2025-01-03 14:00:00
BOX-PUNE-06,1.86,49.22,2025-01-03 14:10:00
BOX-PUNE-06,1.95,44.48,2025-01-03 14:20:00
BOX-PUNE-06,1.91,59.55,2025-01-03 14:30:00
BOX-PUNE-06,2.0,51.5,2025-01-03 14:40:00
BOX-PUNE-06,1.99,41.67,2025-01-03 14:50:00
BOX-PUNE-06,2.04,52.27,2025-01-03 15:00:00
BOX-PUNE-06,1.75,44.02,2025-01-03 15:10:00
BOX-PUNE-06,1.92,54.42,2025-01-03 15:20:00
BOX-PUNE-06,1.93,52.41,2025-01-03 15:30:00
BOX-PUNE-06,1.68,53.26,2025-01-03 15:40:00
BOX-PUNE-06,1.6,55.18,2025-01-03 15:50:00
BOX-PUNE-06,1.76,48.34,2025-01-03 16:00:00
BOX-PUNE-06,1.54,45.84,2025-01-03 16:10:00
BOX-PUNE-06,1.38,44.69,2025-01-03 16:20:00
BOX-PUNE-06,1.45,55.27,2025-01-03 16:30:00
BOX-PUNE-06,1.22,44.12,2025-01-03 16:40:00
BOX-PUNE-06,1.22,56.51,2025-01-03 16:50:00
BOX-PUNE-06,1.17,48.19,2025-01-03 17:00:00
BOX-PUNE-06,1.0,57.54,2025-01-03 17:10:00
BOX-PUNE-06,0.75,46.63,2025-01-03 17:20:00
BOX-PUNE-06,0.86,44.73,2025-01-03 17:30:00
BOX-PUNE-06,0.7,49.73,2025-01-03 17:40:00
BOX-PUNE-06,0.65,52.06,2025-01-03 17:50:00
BOX-PUNE-06,0.38,53.23,2025-01-03 18:00:00
BOX-PUNE-06,0.08,48.25,2025-01-03 18:10:00
BOX-PUNE-06,-0.06,43.63,2025-01-03 18:20:00
BOX-PUNE-06,-0.33,56.92,2025-01-03 18:30:00
BOX-PUNE-06,-0.15,56.92,2025-01-03 18:40:00
BOX-PUNE-06,-0.45,44.2,2025-01-03 18:50:00
BOX-PUNE-06,-0.58,43.37,2025-01-03 19:00:00
BOX-PUNE-06,-0.43,43.91,2025-01-03 19:10:00
BOX-PUNE-06,-0.39,42.27,2025-01-03 19:20:00
BOX-PUNE-06,-0.68,51.62,2025-01-03 19:30:00
BOX-PUNE-06,-0.52,44.79,2025-01-03 19:40:00
BOX-PUNE-06,-0.62,59.5,2025-01-03 19:50:00
BOX-PUNE-06,-0.5,56.71,2025-01-03 20:00:00
BOX-PUNE-06,-0.78,59.11,2025-01-03 20:10:00
BOX-PUNE-06,-1.04,44.22,2025-01-03 20:20:00
BOX-PUNE-06,-0.97,59.08,2025-01-03 20:30:00
BOX-PUNE-06,-1.12,53.61,2025-01-03 20:40:00
BOX-PUNE-06,-1.36,41.49,2025-01-03 20:50:00
BOX-PUNE-06,-1.07,42.71,2025-01-03 21:00:00
BOX-PUNE-06,-1.26,54.73,2025-01-03 21:10:00
BOX-PUNE-06,-1.48,50.69,2025-01-03 21:20:00
BOX-PUNE-06,-1.33,40.01,2025-01-03 21:30:00
BOX-PUNE-06,-1.15,43.18,2025-01-03 21:40:00
BOX-PUNE-06,-1.3,59.58,2025-01-03 21:50:00
BOX-PUNE-06,-1.36,44.34,2025-01-03 22:00:00
BOX-PUNE-06,-1.22,58.85,2025-01-03 22:10:00
BOX-PUNE-06,-1.39,41.47,2025-01-03 22:20:00
BOX-PUNE-06,-1.24,40.48,2025-01-03 22:30:00
BOX-PUNE-06,-1.33,59.75,2025-01-03 22:40:00
BOX-PUNE-06,-1.47,55.6,2025-01-03 22:50:00
BOX-PUNE-06,-1.44,56.88,2025-01-03 23:00:00
BOX-PUNE-06,-1.69,42.92,2025-01-03 23:10:00
BOX-PUNE-06,-1.63,42.23,2025-01-03 23:20:00
BOX-PUNE-06,-1.92,42.86,2025-01-03 23:30:00
BOX-PUNE-06,-1.97,49.84,2025-01-03 23:40:00
BOX-PUNE-06,-2.21,59.8,2025-01-03 23:50:00
BOX-PUNE-06,-1.96,58.74,2025-01-04 00:00:00
BOX-PUNE-06,-2.25,43.71,2025-01-04 00:10:00
BOX-PUNE-06,-2.33,56.59,2025-01-04 00:20:00
BOX-PUNE-06,-2.42,50.01,2025-01-04 00:30:00
BOX-PUNE-06,-2.26,47.15,2025-01-04 00:40:00
BOX-PUNE-06,-2.34,56.26,2025-01-04 00:50:00
BOX-PUNE-06,-2.16,47.12,2025-01-04 01:00:00
BOX-PUNE-06,-1.92,46.03,2025-01-04 01:10:00
BOX-PUNE-06,-1.66,54.18,2025-01-04 01:20:00
BOX-PUNE-06,-1.79,52.05,2025-01-04 01:30:00
BOX-PUNE-06,-1.6,40.89,2025-01-04 01:40:00
BOX-PUNE-06,-1.77,54.89,2025-01-04 01:50:00
BOX-PUNE-06,-1.97,41.66,2025-01-04 02:00:00
BOX-PUNE-06,-2.26,47.91,2025-01-04 02:10:00
BOX-PUNE-06,-1.97,58.12,2025-01-04 02:20:00
BOX-PUNE-06,-1.72,50.48,2025-01-04 02:30:00
BOX-PUNE-06,-1.67,44.48,2025-01-04 02:40:00
BOX-PUNE-06,-1.4,50.74,2025-01-04 02:50:00
BOX-PUNE-06,-1.34,50.66,2025-01-04 03:00:00
BOX-PUNE-06,-1.31,54.2,2025-01-04 03:10:00
BOX-PUNE-06,-1.58,40.59,2025-01-04 03:20:00
BOX-PUNE-06,-1.39,59.9,2025-01-04 03:30:00
BOX-PUNE-06,-1.53,57.62,2025-01-04 03:40:00
BOX-PUNE-06,-1.72,51.25,2025-01-04 03:50:00
BOX-PUNE-06,-1.44,42.27,2025-01-04 04:00:00
BOX-PUNE-06,-1.15,58.19,2025-01-04 04:10:00
BOX-PUNE-06,-1.14,42.0,2025-01-04 04:20:00
BOX-PUNE-06,-1.16,46.28,2025-01-04 04:30:00
BOX-PUNE-06,-0.95,41.27,2025-01-04 04:40:00
BOX-PUNE-06,-0.66,47.66,2025-01-04 04:50:00
BOX-PUNE-06,-0.74,54.47,2025-01-04 05:00:00
BOX-PUNE-06,-0.81,47.74,2025-01-04 05:10:00
BOX-PUNE-06,-0.67,49.57,2025-01-04 05:20:00
BOX-PUNE-06,-0.51,44.23,2025-01-04 05:30:00
BOX-PUNE-06,-0.46,40.4,2025-01-04 05:40:00
BOX-PUNE-06,-0.7,51.89,2025-01-04 05:50:00
BOX-PUNE-06,-0.85,51.17,2025-01-04 06:00:00
BOX-PUNE-06,-1.01,47.7,2025-01-04 06:10:00
BOX-PUNE-06,-1.17,43.56,2025-01-04 06:20:00
BOX-PUNE-06,-1.47,44.73,2025-01-04 06:30:00
BOX-PUNE-06,-1.65,59.82,2025-01-04 06:40:00
BOX-PUNE-06,-1.42,49.69,2025-01-04 06:50:00
BOX-PUNE-06,-1.56,53.95,2025-01-04 07:00:00
BOX-PUNE-06,-1.7,47.22,2025-01-04 07:10:00
BOX-PUNE-06,-1.93,45.49,2025-01-04 07:20:00
BOX-PUNE-06,-2.22,41.36,2025-01-04 07:30:00
BOX-PUNE-06,-2.21,53.78,2025-01-04 07:40:00
BOX-PUNE-06,-2.44,50.57,2025-01-04 07:50:00
BOX-PUNE-06,-2.21,41.25,2025-01-04 08:00:00
BOX-PUNE-06,-2.46,45.32,2025-01-04 08:10:00
BOX-PUNE-06,-2.56,48.24,2025-01-04 08:20:00
BOX-PUNE-06,-2.39,41.4,2025-01-04 08:30:00
BOX-PUNE-06,-2.58,51.93,2025-01-04 08:40:00
BOX-PUNE-06,-2.51,42.39,2025-01-04 08:50:00
BOX-PUNE-06,-2.5,46.02,2025-01-04 09:00:00
BOX-PUNE-06,-2.34,56.12,2025-01-04 09:10:00
BOX-PUNE-06,-2.3,50.89,2025-01-04 09:20:00
BOX-PUNE-06,-2.41,58.4,2025-01-04 09:30:00
BOX-PUNE-06,-2.67,56.81,2025-01-04 09:40:00
BOX-PUNE-06,-2.53,58.05,2025-01-04 09:50:00
BOX-PUNE-06,-2.23,47.06,2025-01-04 10:00:00
BOX-PUNE-06,-2.26,41.16,2025-01-04 10:10:00
BOX-PUNE-06,-2.5,43.85,2025-01-04 10:20:00
BOX-PUNE-06,-2.68,41.97,2025-01-04 10:30:00
BOX-PUNE-06,-2.39,59.42,2025-01-04 10:40:00
BOX-PUNE-06,-2.4,58.02,2025-01-04 10:50:00
BOX-PUNE-06,-2.25,45.51,2025-01-04 11:00:00
BOX-PUNE-06,-1.98,59.15,2025-01-04 11:10:00
BOX-PUNE-06,-1.86,52.52,2025-01-04 11:20:00
BOX-PUNE-06,-1.97,53.18,2025-01-04 11:30:00
BOX-PUNE-06,-1.86,44.07,2025-01-04 11:40:00
BOX-PUNE-06,-1.65,47.03,2025-01-04 11:50:00
BOX-PUNE-06,-1.9,56.67,2025-01-04 12:00:00
BOX-PUNE-06,-1.86,41.54,2025-01-04 12:10:00
BOX-PUNE-06,-2.08,43.44,2025-01-04 12:20:00
BOX-PUNE-06,-2.22,41.03,2025-01-04 12:30:00
BOX-PUNE-06,-2.3,55.08,2025-01-04 12:40:00
BOX-PUNE-06,-2.34,57.39,2025-01-04 12:50:00
BOX-PUNE-06,-2.18,40.73,2025-01-04 13:00:00
BOX-PUNE-06,-2.11,59.29,2025-01-04 13:10:00
BOX-PUNE-06,-2.34,57.93,2025-01-04 13:20:00
BOX-PUNE-06,-2.19,48.79,2025-01-04 13:30:00
BOX-PUNE-06,-2.32,57.37,2025-01-04 13:40:00
BOX-PUNE-06,-2.27,41.58,2025-01-04 13:50:00
BOX-PUNE-06,-2.08,43.59,2025-01-04 14:00:00
BOX-PUNE-06,-1.98,56.33,2025-01-04 14:10:00
BOX-PUNE-06,-2.11,57.52,2025-01-04 14:20:00
BOX-PUNE-06,-2.26,43.8,2025-01-04 14:30:00
BOX-PUNE-06,-2.47,55.28,2025-01-04 14:40:00
BOX-PUNE-06,-2.28,45.49,2025-01-04 14:50:00
BOX-PUNE-06,-2.51,49.09,2025-01-04 15:00:00
BOX-PUNE-06,-2.25,45.84,2025-01-04 15:10:00
BOX-PUNE-06,-2.31,59.56,2025-01-04 15:20:00
BOX-PUNE-06,-2.11,47.3,2025-01-04 15:30:00
BOX-PUNE-06,-2.06,55.8,2025-01-04 15:40:00
BOX-PUNE-06,-2.19,50.31,2025-01-04 15:50:00
BOX-PUNE-06,-2.25,49.89,2025-01-04 16:00:00
BOX-PUNE-06,-2.53,55.2,2025-01-04 16:10:00
BOX-PUNE-06,-2.37,49.53,2025-01-04 16:20:00
BOX-PUNE-06,-2.58,43.96,2025-01-04 16:30:00
BOX-PUNE-06,-2.77,56.97,2025-01-04 16:40:00
BOX-PUNE-06,-3.06,59.97,2025-01-04 16:50:00
BOX-PUNE-06,-2.91,57.62,2025-01-04 17:00:00
BOX-PUNE-06,-2.7,52.2,2025-01-04 17:10:00
BOX-PUNE-06,-2.64,40.62,2025-01-04 17:20:00
BOX-PUNE-06,-2.83,40.79,2025-01-04 17:30:00
BOX-PUNE-06,-2.91,50.81,2025-01-04 17:40:00
BOX-PUNE-06,-3.11,47.04,2025-01-04 17:50:00
BOX-PUNE-06,-3.38,49.29,2025-01-04 18:00:00
BOX-PUNE-06,-3.46,59.76,2025-01-04 18:10:00
BOX-PUNE-06,-3.33,47.75,2025-01-04 18:20:00
BOX-PUNE-06,-3.44,50.03,2025-01-04 18:30:00
BOX-PUNE-06,-3.35,43.58,2025-01-04 18:40:00
BOX-PUNE-06,-3.5,54.17,2025-01-04 18:50:00
BOX-PUNE-06,-3.65,50.0,2025-01-04 19:00:00
BOX-PUNE-06,-3.37,54.64,2025-01-04 19:10:00
BOX-PUNE-06,-3.3,58.36,2025-01-04 19:20:00
BOX-PUNE-06,-3.15,53.22,2025-01-04 19:30:00
BOX-PUNE-06,-3.4,44.87,2025-01-04 19:40:00
BOX-PUNE-06,-3.18,48.4,2025-01-04 19:50:00
BOX-PUNE-06,-3.01,58.31,2025-01-04 20:00:00
BOX-PUNE-06,-2.78,40.54,2025-01-04 20:10:00
BOX-PUNE-06,-2.6,43.57,2025-01-04 20:20:00
BOX-PUNE-06,-2.58,48.14,2025-01-04 20:30:00
BOX-PUNE-06,-2.5,42.0,2025-01-04 20:40:00
BOX-PUNE-06,-2.21,56.57,2025-01-04 20:50:00
BOX-PUNE-06,-2.44,45.6,2025-01-04 21:00:00
BOX-PUNE-06,-2.66,55.98,2025-01-04 21:10:00
BOX-PUNE-06,-2.66,44.08,2025-01-04 21:20:00
BOX-PUNE-06,-2.65,55.12,2025-01-04 21:30:00
BOX-PUNE-06,-2.41,46.32,2025-01-04 21:40:00
BOX-PUNE-06,-2.69,52.02,2025-01-04 21:50:00
BOX-PUNE-06,-2.89,57.5,2025-01-04 22:00:00
BOX-PUNE-06,-3.12,44.28,2025-01-04 22:10:00
BOX-PUNE-06,-3.18,50.72,2025-01-04 22:20:00
BOX-PUNE-06,-2.93,42.28,2025-01-04 22:30:00
BOX-PUNE-06,-3.13,56.5,2025-01-04 22:40:00
BOX-PUNE-06,-3.3,57.44,2025-01-04 22:50:00
BOX-PUNE-06,-3.21,43.81,2025-01-04 23:00:00
BOX-PUNE-06,-3.18,53.65,2025-01-04 23:10:00
BOX-PUNE-06,-3.32,42.66,2025-01-04 23:20:00
BOX-PUNE-06,-3.51,54.22,2025-01-04 23:30:00
BOX-PUNE-06,-3.31,47.31,2025-01-04 23:40:00
BOX-PUNE-06,-3.51,57.12,2025-01-04 23:50:00
BOX-PUNE-06,-3.3,58.59,2025-01-05 00:00:00
BOX-PUNE-06,-3.41,46.42,2025-01-05 00:10:00
BOX-PUNE-06,-3.46,53.32,2025-01-05 00:20:00
BOX-PUNE-06,-3.61,58.63,2025-01-05 00:30:00
BOX-PUNE-06,-3.68,45.12,2025-01-05 00:40:00
BOX-PUNE-06,-3.42,47.99,2025-01-05 00:50:00
BOX-PUNE-06,-3.23,59.58,2025-01-05 01:00:00
BOX-PUNE-06,-3.27,49.65,2025-01-05 01:10:00
BOX-PUNE-06,-3.48,58.51,2025-01-05 01:20:00
BOX-PUNE-06,-3.4,43.85,2025-01-05 01:30:00
BOX-PUNE-06,-3.11,50.74,2025-01-05 01:40:00
BOX-PUNE-06,-3.34,41.62,2025-01-05 01:50:00
BOX-PUNE-06,-3.15,51.95,2025-01-05 02:00:00
BOX-PUNE-06,-2.86,46.89,2025-01-05 02:10:00
BOX-PUNE-06,-3.11,49.92,2025-01-05 02:20:00
BOX-PUNE-06,-2.85,45.57,2025-01-05 02:30:00
BOX-PUNE-06,-3.01,40.06,2025-01-05 02:40:00
BOX-PUNE-06,-3.0,42.44,2025-01-05 02:50:00
BOX-PUNE-06,-3.0,40.58,2025-01-05 03:00:00
BOX-PUNE-06,-2.81,54.65,2025-01-05 03:10:00
BOX-PUNE-06,-2.79,54.37,2025-01-05 03:20:00
BOX-PUNE-06,-2.78,46.67,2025-01-05 03:30:00
BOX-PUNE-06,-2.49,45.86,2025-01-05 03:40:00
BOX-PUNE-06,-2.73,42.69,2025-01-05 03:50:00
BOX-PUNE-06,-2.92,44.57,2025-01-05 04:00:00
BOX-PUNE-06,-2.78,49.69,2025-01-05 04:10:00
BOX-PUNE-06,-2.98,54.51,2025-01-05 04:20:00
BOX-PUNE-06,-2.99,49.45,2025-01-05 04:30:00
BOX-PUNE-06,-3.03,55.77,2025-01-05 04:40:00
BOX-PUNE-06,-3.29,59.14,2025-01-05 04:50:00
BOX-PUNE-06,-3.27,59.98,2025-01-05 05:00:00
BOX-PUNE-06,-3.4,40.52,2025-01-05 05:10:00
BOX-PUNE-06,-3.59,55.65,2025-01-05 05:20:00
BOX-PUNE-06,-3.82,42.46,2025-01-05 05:30:00
BOX-PUNE-06,-3.77,54.17,2025-01-05 05:40:00
BOX-PUNE-06,-3.83,40.71,2025-01-05 05:50:00
BOX-PUNE-06,-4.13,44.51,2025-01-05 06:00:00
BOX-PUNE-06,-3.83,44.73,2025-01-05 06:10:00
BOX-PUNE-06,-4.1,56.04,2025-01-05 06:20:00
BOX-PUNE-06,-4.36,51.33,2025-01-05 06:30:00
BOX-PUNE-06,-4.62,52.74,2025-01-05 06:40:00
BOX-PUNE-06,-4.55,58.83,2025-01-05 06:50:00
BOX-PUNE-06,-4.76,51.98,2025-01-05 07:00:00
BOX-PUNE-06,-4.89,55.08,2025-01-05 07:10:00
BOX-PUNE-06,-4.85,50.97,2025-01-05 07:20:00
BOX-PUNE-06,-4.55,59.82,2025-01-05 07:30:00
BOX-PUNE-06,-4.79,43.34,2025-01-05 07:40:00
BOX-PUNE-06,-4.69,42.64,2025-01-05 07:50:00
BOX-PUNE-06,-4.66,50.97,2025-01-05 08:00:00
BOX-PUNE-06,-4.45,50.83,2025-01-05 08:10:00
BOX-PUNE-06,-4.3,40.79,2025-01-05 08:20:00
BOX-PUNE-06,-4.19,53.35,2025-01-05 08:30:00
BOX-PUNE-06,-4.48,47.54,2025-01-05 08:40:00
BOX-PUNE-06,-4.61,54.39,2025-01-05 08:50:00
BOX-PUNE-06,-4.32,46.91,2025-01-05 09:00:00
BOX-PUNE-06,-4.3,55.18,2025-01-05 09:10:00
BOX-PUNE-06,-4.26,50.93,2025-01-05 09:20:00
BOX-PUNE-06,-4.11,49.52,2025-01-05 09:30:00
BOX-PUNE-06,-3.93,56.01,2025-01-05 09:40:00
BOX-PUNE-06,-4.12,47.13,2025-01-05 09:50:00
BOX-PUNE-06,-4.23,52.36,2025-01-05 10:00:00
BOX-PUNE-06,-4.34,47.36,2025-01-05 10:10:00
BOX-PUNE-06,-4.62,57.28,2025-01-05 10:20:00
BOX-PUNE-06,-4.53,58.48,2025-01-05 10:30:00
BOX-PUNE-06,-4.25,48.2,2025-01-05 10:40:00
BOX-PUNE-06,-4.55,54.82,2025-01-05 10:50:00
BOX-PUNE-06,-4.78,49.2,2025-01-05 11:00:00
BOX-PUNE-06,-4.62,41.08,2025-01-05 11:10:00
BOX-PUNE-06,-4.35,52.33,2025-01-05 11:20:00
BOX-PUNE-06,-4.17,53.93,2025-01-05 11:30:00
BOX-PUNE-06,-4.33,42.37,2025-01-05 11:40:00
BOX-PUNE-06,-4.4,41.13,2025-01-05 11:50:00
BOX-PUNE-06,-4.33,55.44,2025-01-05 12:00:00
BOX-PUNE-06,-4.39,54.49,2025-01-05 12:10:00
BOX-PUNE-06,-4.58,55.11,2025-01-05 12:20:00
BOX-PUNE-06,-4.58,54.22,2025-01-05 12:30:00
BOX-PUNE-06,-4.31,55.05,2025-01-05 12:40:00
BOX-PUNE-06,-4.46,43.02,2025-01-05 12:50:00
BOX-PUNE-06,-4.66,59.49,2025-01-05 13:00:00
BOX-PUNE-06,-4.47,44.38,2025-01-05 13:10:00
BOX-PUNE-06,-4.32,46.11,2025-01-05 13:20:00
BOX-PUNE-06,-4.41,52.92,2025-01-05 13:30:00
BOX-PUNE-06,-4.67,45.03,2025-01-05 13:40:00
BOX-PUNE-06,-4.95,50.97,2025-01-05 13:50:00
BOX-PUNE-06,-5.14,54.95,2025-01-05 14:00:00
BOX-PUNE-06,-5.05,47.82,2025-01-05 14:10:00
BOX-PUNE-06,-5.35,43.81,2025-01-05 14:20:00
BOX-PUNE-06,-5.15,40.99,2025-01-05 14:30:00
BOX-PUNE-06,-5.23,53.43,2025-01-05 14:40:00
BOX-PUNE-06,-5.32,41.8,2025-01-05 14:50:00
BOX-PUNE-06,-5.54,58.45,2025-01-05 15:00:00
BOX-PUNE-06,-5.34,50.03,2025-01-05 15:10:00
BOX-PUNE-06,-5.38,48.6,2025-01-05 15:20:00
BOX-PUNE-06,-5.39,55.62,2025-01-05 15:30:00
BOX-PUNE-06,-5.39,41.63,2025-01-05 15:40:00
BOX-PUNE-06,-5.42,47.94,2025-01-05 15:50:00
BOX-PUNE-06,-5.57,52.77,2025-01-05 16:00:00
BOX-PUNE-06,-5.44,46.19,2025-01-05 16:10:00
BOX-PUNE-06,-5.42,53.68,2025-01-05 16:20:00
BOX-PUNE-06,-5.21,47.36,2025-01-05 16:30:00
BOX-PUNE-06,-5.4,49.76,2025-01-05 16:40:00
BOX-PUNE-06,-5.61,53.07,2025-01-05 16:50:00
BOX-PUNE-06,-5.54,45.76,2025-01-05 17:00:00
BOX-PUNE-06,-5.52,40.81,2025-01-05 17:10:00
BOX-PUNE-06,-5.52,57.77,2025-01-05 17:20:00
BOX-PUNE-06,-5.78,48.46,2025-01-05 17:30:00
BOX-PUNE-06,-5.78,56.21,2025-01-05 17:40:00
BOX-PUNE-06,-5.88,45.77,2025-01-05 17:50:00
BOX-PUNE-06,-5.74,41.56,2025-01-05 18:00:00
BOX-PUNE-06,-6.01,59.12,2025-01-05 18:10:00
BOX-PUNE-06,-5.91,49.83,2025-01-05 18:20:00
BOX-PUNE-06,-6.08,54.84,2025-01-05 18:30:00
BOX-PUNE-06,-6.05,50.81,2025-01-05 18:40:00
BOX-PUNE-06,-5.81,57.15,2025-01-05 18:50:00
BOX-PUNE-06,-5.76,48.89,2025-01-05 19:00:00
BOX-PUNE-06,-5.58,50.18,2025-01-05 19:10:00
BOX-PUNE-06,-5.31,53.51,2025-01-05 19:20:00
BOX-PUNE-06,-5.42,43.58,2025-01-05 19:30:00
BOX-PUNE-06,-5.41,53.63,2025-01-05 19:40:00
BOX-PUNE-06,-5.2,49.11,2025-01-05 19:50:00
BOX-PUNE-06,-5.3,54.21,2025-01-05 20:00:00
BOX-PUNE-06,-5.38,54.58,2025-01-05 20:10:00
BOX-PUNE-06,-5.14,45.4,2025-01-05 20:20:00
BOX-PUNE-06,-5.29,46.74,2025-01-05 20:30:00
BOX-PUNE-06,-5.45,54.94,2025-01-05 20:40:00
BOX-PUNE-06,-5.33,48.81,2025-01-05 20:50:00
BOX-PUNE-06,-5.62,57.26,2025-01-05 21:00:00
BOX-PUNE-06,-5.9,55.26,2025-01-05 21:10:00
BOX-PUNE-06,-5.69,49.5,2025-01-05 21:20:00
BOX-PUNE-06,-5.87,51.22,2025-01-05 21:30:00
BOX-PUNE-06,-6.01,46.37,2025-01-05 21:40:00
BOX-PUNE-06,-6.12,50.23,2025-01-05 21:50:00
BOX-PUNE-06,-6.39,58.53,2025-01-05 22:00:00
BOX-PUNE-06,-6.14,44.98,2025-01-05 22:10:00
BOX-PUNE-06,-5.98,46.22,2025-01-05 22:20:00
BOX-PUNE-06,-6.23,47.06,2025-01-05 22:30:00
BOX-PUNE-06,-6.46,50.24,2025-01-05 22:40:00
BOX-PUNE-06,-6.19,56.61,2025-01-05 22:50:00
BOX-PUNE-06,-6.16,40.53,2025-01-05 23:00:00
BOX-PUNE-06,-6.04,45.94,2025-01-05 23:10:00
BOX-PUNE-06,-6.15,57.94,2025-01-05 23:20:00
BOX-PUNE-06,-6.41,48.7,2025-01-05 23:30:00
BOX-PUNE-06,-6.28,57.52,2025-01-05 23:40:00
BOX-PUNE-06,-6.06,59.54,2025-01-05 23:50:00
BOX-PUNE-06,-5.86,57.9,2025-01-06 00:00:00
BOX-PUNE-06,-5.65,53.78,2025-01-06 00:10:00
BOX-PUNE-06,-5.72,57.58,2025-01-06 00:20:00
BOX-PUNE-06,-5.52,44.19,2025-01-06 00:30:00
BOX-PUNE-06,-5.55,48.81,2025-01-06 00:40:00
BOX-PUNE-06,-5.61,45.3,2025-01-06 00:50:00
BOX-PUNE-06,-5.68,43.68,2025-01-06 01:00:00
BOX-PUNE-06,-5.83,57.94,2025-01-06 01:10:00
BOX-PUNE-06,-5.74,40.7,2025-01-06 01:20:00
BOX-PUNE-06,-5.79,49.5,2025-01-06 01:30:00
BOX-PUNE-06,-6.01,49.37,2025-01-06 01:40:00
BOX-PUNE-06,-5.75,42.13,2025-01-06 01:50:00
BOX-PUNE-06,-5.92,50.77,2025-01-06 02:00:00
BOX-PUNE-06,-6.0,53.86,2025-01-06 02:10:00
BOX-PUNE-06,-5.86,54.89,2025-01-06 02:20:00
BOX-PUNE-06,-5.91,41.12,2025-01-06 02:30:00
BOX-PUNE-06,-6.02,40.58,2025-01-06 02:40:00
BOX-PUNE-06,-6.22,44.57,2025-01-06 02:50:00
BOX-PUNE-06,-5.94,50.36,2025-01-06 03:00:00
BOX-PUNE-06,-5.75,45.37,2025-01-06 03:10:00
BOX-PUNE-06,-5.9,44.68,2025-01-06 03:20:00
BOX-PUNE-06,-5.86,52.95,2025-01-06 03:30:00
BOX-PUNE-06,-6.15,47.96,2025-01-06 03:40:00
BOX-PUNE-06,-6.38,55.12,2025-01-06 03:50:00
BOX-PUNE-06,-6.51,46.61,2025-01-06 04:00:00
BOX-PUNE-06,-6.76,58.95,2025-01-06 04:10:00
BOX-PUNE-06,-6.65,44.53,2025-01-06 04:20:00
BOX-PUNE-06,-6.91,48.21,2025-01-06 04:30:00
BOX-PUNE-06,-7.16,59.72,2025-01-06 04:40:00
BOX-PUNE-06,-6.87,50.87,2025-01-06 04:50:00
BOX-PUNE-06,-7.04,55.01,2025-01-06 05:00:00
BOX-PUNE-06,-7.18,43.62,2025-01-06 05:10:00
BOX-PUNE-06,-7.41,45.12,2025-01-06 05:20:00
BOX-PUNE-06,-7.64,46.46,2025-01-06 05:30:00
BOX-PUNE-06,-7.78,48.84,2025-01-06 05:40:00
BOX-PUNE-06,-7.88,41.29,2025-01-06 05:50:00
BOX-PUNE-06,-8.14,47.17,2025-01-06 06:00:00
BOX-PUNE-06,-8.11,51.6,2025-01-06 06:10:00
BOX-PUNE-06,-7.92,59.47,2025-01-06 06:20:00
BOX-PUNE-06,-8.0,48.32,2025-01-06 06:30:00
BOX-PUNE-06,-8.15,40.87,2025-01-06 06:40:00
BOX-PUNE-06,-7.92,57.92,2025-01-06 06:50:00
BOX-PUNE-06,-8.22,48.84,2025-01-06 07:00:00
BOX-PUNE-06,-8.43,49.58,2025-01-06 07:10:00
BOX-PUNE-06,-8.52,56.05,2025-01-06 07:20:00
BOX-PUNE-06,-8.76,42.88,2025-01-06 07:30:00
BOX-PUNE-06,-8.78,50.47,2025-01-06 07:40:00
BOX-PUNE-06,-8.83,58.84,2025-01-06 07:50:00
BOX-PUNE-06,-9.05,57.42,2025-01-06 08:00:00
BOX-PUNE-06,-9.35,50.47,2025-01-06 08:10:00
BOX-PUNE-06,-9.59,52.92,2025-01-06 08:20:00
BOX-PUNE-06,-9.41,44.96,2025-01-06 08:30:00
BOX-PUNE-06,-9.62,52.44,2025-01-06 08:40:00
BOX-PUNE-06,-9.4,42.31,2025-01-06 08:50:00
BOX-PUNE-06,-9.13,47.63,2025-01-06 09:00:00
BOX-PUNE-06,-9.15,57.72,2025-01-06 09:10:00
BOX-PUNE-06,-9.0,56.23,2025-01-06 09:20:00
BOX-PUNE-06,-9.03,53.08,2025-01-06 09:30:00
BOX-PUNE-06,-9.3,55.72,2025-01-06 09:40:00
BOX-PUNE-06,-9.02,48.69,2025-01-06 09:50:00
BOX-PUNE-06,-8.86,40.73,2025-01-06 10:00:00
BOX-PUNE-06,-8.73,44.49,2025-01-06 10:10:00
BOX-PUNE-06,-8.55,58.24,2025-01-06 10:20:00
BOX-PUNE-06,-8.8,42.5,2025-01-06 10:30:00
BOX-PUNE-06,-8.57,51.97,2025-01-06 10:40:00
BOX-PUNE-06,-8.62,44.91,2025-01-06 10:50:00
BOX-PUNE-06,-8.83,50.24,2025-01-06 11:00:00
BOX-PUNE-06,-8.77,42.18,2025-01-06 11:10:00
BOX-PUNE-06,-8.65,57.15,2025-01-06 11:20:00
BOX-PUNE-06,-8.58,48.21,2025-01-06 11:30:00
BOX-PUNE-06,-8.65,50.8,2025-01-06 11:40:00
BOX-PUNE-06,-8.74,52.37,2025-01-06 11:50:00
BOX-PUNE-06,-8.85,53.98,2025-01-06 12:00:00
BOX-PUNE-06,-8.99,45.16,2025-01-06 12:10:00
BOX-PUNE-06,-8.94,47.22,2025-01-06 12:20:00
BOX-PUNE-06,-9.1,41.39,2025-01-06 12:30:00
BOX-PUNE-06,-9.26,57.59,2025-01-06 12:40:00
BOX-PUNE-06,-9.53,49.48,2025-01-06 12:50:00
BOX-PUNE-06,-9.53,43.34,2025-01-06 13:00:00
BOX-PUNE-06,-9.24,58.99,2025-01-06 13:10:00
BOX-PUNE-06,-9.52,53.1,2025-01-06 13:20:00
BOX-PUNE-06,-9.31,43.08,2025-01-06 13:30:00
BOX-PUNE-06,-9.6,50.11,2025-01-06 13:40:00
BOX-PUNE-06,-9.63,50.72,2025-01-06 13:50:00
BOX-PUNE-06,-9.57,56.24,2025-01-06 14:00:00
BOX-PUNE-06,-9.63,46.18,2025-01-06 14:10:00
BOX-PUNE-06,-9.7,51.34,2025-01-06 14:20:00
BOX-PUNE-06,-9.62,47.14,2025-01-06 14:30:00
BOX-PUNE-06,-9.61,45.62,2025-01-06 14:40:00
BOX-PUNE-06,-9.86,46.79,2025-01-06 14:50:00
BOX-PUNE-06,-9.98,59.77,2025-01-06 15:00:00
BOX-PUNE-06,-10.24,50.02,2025-01-06 15:10:00
BOX-PUNE-06,-10.54,46.16,2025-01-06 15:20:00
BOX-PUNE-06,-10.51,47.2,2025-01-06 15:30:00
BOX-PUNE-06,-10.59,46.73,2025-01-06 15:40:00
BOX-PUNE-06,-10.54,52.36,2025-01-06 15:50:00
BOX-PUNE-06,-10.68,40.47,2025-01-06 16:00:00
BOX-PUNE-06,-10.57,56.22,2025-01-06 16:10:00
BOX-PUNE-06,-10.46,50.5,2025-01-06 16:20:00
BOX-PUNE-06,-10.17,53.07,2025-01-06 16:30:00
BOX-PUNE-06,-9.89,45.54,2025-01-06 16:40:00
BOX-PUNE-06,-10.0,51.72,2025-01-06 16:50:00
BOX-PUNE-06,-10.03,43.14,2025-01-06 17:00:00
BOX-PUNE-06,-10.23,42.63,2025-01-06 17:10:00
BOX-PUNE-06,-10.29,47.48,2025-01-06 17:20:00
BOX-PUNE-06,-10.36,53.42,2025-01-06 17:30:00
BOX-PUNE-06,-10.18,55.39,2025-01-06 17:40:00
BOX-PUNE-06,-9.91,40.5,2025-01-06 17:50:00
BOX-PUNE-06,-10.19,58.81,2025-01-06 18:00:00
BOX-PUNE-06,-10.0,43.5,2025-01-06 18:10:00
BOX-PUNE-06,-9.84,57.43,2025-01-06 18:20:00
BOX-PUNE-06,-9.7,54.62,2025-01-06 18:30:00
BOX-PUNE-06,-9.75,46.31,2025-01-06 18:40:00
BOX-PUNE-06,-10.04,58.37,2025-01-06 18:50:00
BOX-PUNE-06,-9.79,44.91,2025-01-06 19:00:00
BOX-PUNE-06,-9.82,46.3,2025-01-06 19:10:00
BOX-PUNE-06,-9.69,50.05,2025-01-06 19:20:00
BOX-PUNE-06,-9.73,55.86,2025-01-06 19:30:00
BOX-PUNE-06,-9.74,56.27,2025-01-06 19:40:00
BOX-PUNE-06,-10.01,59.1,2025-01-06 19:50:00
BOX-PUNE-06,-9.78,44.49,2025-01-06 20:00:00
BOX-PUNE-06,-9.97,48.86,2025-01-06 20:10:00
BOX-PUNE-06,-9.89,45.95,2025-01-06 20:20:00
BOX-PUNE-06,-9.72,53.12,2025-01-06 20:30:00
BOX-PUNE-06,-9.43,42.8,2025-01-06 20:40:00
BOX-PUNE-06,-9.59,50.0,2025-01-06 20:50:00
BOX-PUNE-06,-9.37,56.38,2025-01-06 21:00:00
BOX-PUNE-06,-9.35,47.97,2025-01-06 21:10:00
BOX-PUNE-06,-9.53,51.71,2025-01-06 21:20:00
BOX-PUNE-06,-9.65,56.97,2025-01-06 21:30:00
BOX-PUNE-06,-9.8,41.33,2025-01-06 21:40:00
BOX-PUNE-06,-9.79,46.82,2025-01-06 21:50:00
BOX-PUNE-06,-9.56,51.28,2025-01-06 22:00:00
BOX-PUNE-06,-9.79,56.32,2025-01-06 22:10:00
BOX-PUNE-06,-9.55,54.52,2025-01-06 22:20:00
BOX-PUNE-06,-9.57,57.04,2025-01-06 22:30:00
BOX-PUNE-06,-9.6,57.54,2025-01-06 22:40:00
BOX-PUNE-06,-9.76,43.18,2025-01-06 22:50:00
BOX-PUNE-06,-9.62,58.12,2025-01-06 23:00:00
BOX-PUNE-06,-9.66,51.47,2025-01-06 23:10:00
BOX-PUNE-06,-9.82,46.52,2025-01-06 23:20:00
BOX-PUNE-06,-10.03,53.65,2025-01-06 23:30:00
BOX-PUNE-06,-10.33,58.46,2025-01-06 23:40:00
BOX-PUNE-06,-10.6,50.93,2025-01-06 23:50:00
BOX-PUNE-06,-10.84,40.88,2025-01-07 00:00:00
BOX-PUNE-06,-10.89,56.3,2025-01-07 00:10:00
BOX-PUNE-06,-10.95,47.91,2025-01-07 00:20:00
BOX-PUNE-06,-10.73,55.3,2025-01-07 00:30:00
BOX-PUNE-06,-10.64,47.23,2025-01-07 00:40:00
BOX-PUNE-06,-10.77,59.38,2025-01-07 00:50:00
BOX-PUNE-06,-10.77,44.36,2025-01-07 01:00:00
BOX-PUNE-06,-10.53,47.82,2025-01-07 01:10:00
BOX-PUNE-06,-10.48,58.03,2025-01-07 01:20:00
BOX-PUNE-06,-10.56,56.61,2025-01-07 01:30:00
BOX-PUNE-06,-10.82,50.28,2025-01-07 01:40:00
BOX-PUNE-06,-10.55,42.97,2025-01-07 01:50:00
BOX-PUNE-06,-10.57,43.74,2025-01-07 02:00:00
BOX-PUNE-06,-10.81,45.31,2025-01-07 02:10:00
BOX-PUNE-06,-10.85,47.58,2025-01-07 02:20:00
BOX-PUNE-06,-10.85,55.54,2025-01-07 02:30:00
BOX-PUNE-06,-10.81,58.77,2025-01-07 02:40:00
BOX-PUNE-06,-11.03,49.67,2025-01-07 02:50:00
BOX-PUNE-06,-10.87,42.03,2025-01-07 03:00:00
BOX-PUNE-06,-10.94,57.9,2025-01-07 03:10:00
BOX-PUNE-06,-10.98,48.16,2025-01-07 03:20:00
BOX-PUNE-06,-10.99,52.83,2025-01-07 03:30:00
BOX-PUNE-06,-10.91,51.45,2025-01-07 03:40:00
BOX-PUNE-06,-10.67,56.88,2025-01-07 03:50:00
BOX-PUNE-06,-10.85,44.56,2025-01-07 04:00:00
BOX-PUNE-06,-10.67,46.5,2025-01-07 04:10:00
BOX-PUNE-06,-10.43,42.7,2025-01-07 04:20:00
BOX-PUNE-06,-10.57,55.67,2025-01-07 04:30:00
BOX-PUNE-06,-10.52,49.21,2025-01-07 04:40:00
BOX-PUNE-06,-10.51,47.78,2025-01-07 04:50:00
BOX-PUNE-06,-10.56,41.12,2025-01-07 05:00:00
BOX-PUNE-06,-10.59,47.82,2025-01-07 05:10:00
BOX-PUNE-06,-10.36,55.12,2025-01-07 05:20:00
BOX-PUNE-06,-10.1,59.26,2025-01-07 05:30:00
BOX-PUNE-06,-9.88,41.49,2025-01-07 05:40:00
BOX-PUNE-06,-9.97,55.96,2025-01-07 05:50:00
BOX-PUNE-06,-9.69,41.02,2025-01-07 06:00:00
BOX-PUNE-06,-9.46,48.48,2025-01-07 06:10:00
BOX-PUNE-06,-9.58,40.89,2025-01-07 06:20:00
BOX-PUNE-06,-9.5,46.7,2025-01-07 06:30:00
BOX-PUNE-06,-9.43,47.59,2025-01-07 06:40:00
BOX-PUNE-06,-9.27,44.53,2025-01-07 06:50:00
BOX-PUNE-06,-9.55,46.55,2025-01-07 07:00:00
BOX-PUNE-06,-9.62,52.04,2025-01-07 07:10:00
BOX-PUNE-06,-9.82,53.18,2025-01-07 07:20:00
BOX-PUNE-06,-10.06,54.57,2025-01-07 07:30:00
BOX-PUNE-06,-10.33,45.63,2025-01-07 07:40:00
BOX-PUNE-06,-10.2,58.45,2025-01-07 07:50:00
BOX-PUNE-06,-10.35,45.32,2025-01-07 08:00:00
BOX-PUNE-06,-10.3,51.86,2025-01-07 08:10:00
BOX-PUNE-06,-10.06,48.97,2025-01-07 08:20:00
BOX-PUNE-06,-10.02,45.23,2025-01-07 08:30:00
BOX-PUNE-06,-10.3,59.84,2025-01-07 08:40:00
BOX-PUNE-06,-10.34,58.88,2025-01-07 08:50:00
BOX-PUNE-06,-10.33,56.6,2025-01-07 09:00:00
BOX-PUNE-06,-10.55,44.07,2025-01-07 09:10:00
BOX-PUNE-06,-10.36,47.97,2025-01-07 09:20:00
BOX-PUNE-06,-10.4,57.88,2025-01-07 09:30:00
BOX-PUNE-06,-10.58,41.12,2025-01-07 09:40:00
BOX-PUNE-06,-10.58,55.45,2025-01-07 09:50:00
BOX-PUNE-06,-10.73,43.28,2025-01-07 10:00:00
BOX-PUNE-06,-10.51,49.26,2025-01-07 10:10:00
BOX-PUNE-06,-10.48,50.36,2025-01-07 10:20:00
BOX-PUNE-06,-10.63,54.01,2025-01-07 10:30:00
BOX-PUNE-06,-10.86,44.96,2025-01-07 10:40:00
BOX-PUNE-06,-10.95,53.39,2025-01-07 10:50:00
BOX-PUNE-06,-11.24,59.63,2025-01-07 11:00:00
BOX-PUNE-06,-11.45,43.23,2025-01-07 11:10:00
BOX-PUNE-06,-11.31,58.57,2025-01-07 11:20:00
BOX-PUNE-06,-11.39,50.98,2025-01-07 11:30:00
BOX-PUNE-06,-11.38,52.01,2025-01-07 11:40:00
BOX-PUNE-06,-11.6,57.66,2025-01-07 11:50:00
BOX-PUNE-06,-11.5,48.45,2025-01-07 12:00:00
BOX-PUNE-06,-11.27,47.44,2025-01-07 12:10:00
BOX-PUNE-06,-11.35,56.37,2025-01-07 12:20:00
BOX-PUNE-06,-11.36,51.86,2025-01-07 12:30:00
BOX-PUNE-06,-11.37,41.05,2025-01-07 12:40:00
BOX-PUNE-06,-11.67,52.02,2025-01-07 12:50:00
BOX-PUNE-06,-11.8,54.29,2025-01-07 13:00:00
BOX-PUNE-06,-11.51,57.43,2025-01-07 13:10:00
BOX-PUNE-06,-11.44,50.09,2025-01-07 13:20:00
BOX-PUNE-06,-11.68,48.47,2025-01-07 13:30:00
BOX-PUNE-06,-11.55,56.76,2025-01-07 13:40:00
BOX-PUNE-06,-11.81,48.78,2025-01-07 13:50:00
BOX-PUNE-06,-11.79,56.6,2025-01-07 14:00:00
BOX-PUNE-06,-11.49,46.94,2025-01-07 14:10:00
BOX-PUNE-06,-11.47,45.8,2025-01-07 14:20:00
BOX-PUNE-06,-11.54,53.21,2025-01-07 14:30:00
BOX-PUNE-06,-11.55,57.85,2025-01-07 14:40:00
BOX-PUNE-06,-11.44,56.47,2025-01-07 14:50:00
BOX-PUNE-06,-11.31,59.49,2025-01-07 15:00:00
BOX-PUNE-06,-11.4,48.39,2025-01-07 15:10:00
BOX-PUNE-06,-11.48,54.8,2025-01-07 15:20:00
BOX-PUNE-06,-11.73,55.64,2025-01-07 15:30:00
BOX-PUNE-06,-11.74,57.71,2025-01-07 15:40:00
BOX-PUNE-06,-11.79,49.99,2025-01-07 15:50:00
BOX-PUNE-06,-11.55,57.18,2025-01-07 16:00:00
BOX-PUNE-06,-11.71,45.44,2025-01-07 16:10:00
BOX-PUNE-06,-11.84,47.84,2025-01-07 16:20:00
BOX-PUNE-06,-11.72,43.38,2025-01-07 16:30:00
BOX-PUNE-06,-11.99,47.4,2025-01-07 16:40:00
BOX-PUNE-06,-12.15,52.41,2025-01-07 16:50:00
BOX-PUNE-06,-11.98,50.6,2025-01-07 17:00:00
BOX-PUNE-06,-12.11,51.5,2025-01-07 17:10:00
BOX-PUNE-06,-11.88,58.66,2025-01-07 17:20:00
BOX-PUNE-06,-11.99,51.93,2025-01-07 17:30:00
BOX-PUNE-06,-12.07,55.7,2025-01-07 17:40:00
BOX-PUNE-06,-12.26,51.94,2025-01-07 17:50:00
BOX-PUNE-06,-12.13,43.29,2025-01-07 18:00:00
BOX-PUNE-06,-12.23,56.5,2025-01-07 18:10:00
BOX-PUNE-06,-12.36,43.78,2025-01-07 18:20:00
BOX-PUNE-06,-12.57,52.22,2025-01-07 18:30:00
BOX-PUNE-06,-12.8,41.85,2025-01-07 18:40:00
BOX-PUNE-06,-12.79,44.7,2025-01-07 18:50:00
BOX-PUNE-06,-12.98,54.1,2025-01-07 19:00:00
BOX-PUNE-06,-12.73,52.12,2025-01-07 19:10:00
BOX-PUNE-06,-12.92,43.3,2025-01-07 19:20:00
BOX-PUNE-06,-13.17,51.87,2025-01-07 19:30:00
BOX-PUNE-06,-13.46,57.38,2025-01-07 19:40:00
BOX-PUNE-06,-13.37,52.4,2025-01-07 19:50:00
BOX-PUNE-06,-13.15,43.34,2025-01-07 20:00:00
BOX-PUNE-06,-12.93,41.97,2025-01-07 20:10:00
BOX-PUNE-06,-12.92,51.57,2025-01-07 20:20:00
BOX-PUNE-06,-13.08,42.66,2025-01-07 20:30:00
BOX-PUNE-06,-13.13,49.98,2025-01-07 20:40:00
BOX-PUNE-06,-12.86,42.86,2025-01-07 20:50:00
BOX-PUNE-06,-12.88,55.83,2025-01-07 21:00:00
BOX-PUNE-06,-13.16,55.76,2025-01-07 21:10:00
BOX-PUNE-06,-13.36,41.23,2025-01-07 21:20:00
BOX-PUNE-06,-13.44,41.88,2025-01-07 21:30:00
BOX-PUNE-06,-13.23,52.22,2025-01-07 21:40:00
BOX-PUNE-06,-13.36,43.78,2025-01-07 21:50:00
BOX-PUNE-06,-13.32,58.82,2025-01-07 22:00:00
BOX-PUNE-06,-13.42,51.77,2025-01-07 22:10:00
BOX-PUNE-06,-13.66,49.02,2025-01-07 22:20:00
BOX-PUNE-06,-13.46,40.08,2025-01-07 22:30:00
