_id,deviceId,temperature,humidity,createdAt
69aac10e1b0c1bff0a8177ea,BOX-DEL-02,5.68,48.58,01-01-2025 00:00
69aac10e1b0c1bff0a8177eb,BOX-DEL-02,5.64,51.14,01-01-2025 00:10
69aac10e1b0c1bff0a8177ec,BOX-DEL-02,5.68,40.05,01-01-2025 00:20
69aac10e1b0c1bff0a8177ed,BOX-DEL-02,5.91,42.02,01-01-2025 00:30
69aac10e1b0c1bff0a8177ee,BOX-DEL-02,5.79,48.81,01-01-2025 00:40
69aac10e1b0c1bff0a8177ef,BOX-DEL-02,5.93,41.38,01-01-2025 00:50
69aac10e1b0c1bff0a8177f0,BOX-DEL-02,5.63,54.03,01-01-2025 01:00
69aac10e1b0c1bff0a8177f1,BOX-DEL-02,5.38,52.54,01-01-2025 01:10
69aac10e1b0c1bff0a8177f2,BOX-DEL-02,5.61,49.78,01-01-2025 01:20
69aac10e1b0c1bff0a8177f3,BOX-DEL-02,5.81,57.82,01-01-2025 01:30
69aac10e1b0c1bff0a8177f4,BOX-DEL-02,5.83,40.09,01-01-2025 01:40
69aac10e1b0c1bff0a8177f5,BOX-DEL-02,5.86,49.21,01-01-2025 01:50
69aac10e1b0c1bff0a8177f6,BOX-DEL-02,6.08,41.93,01-01-2025 02:00
69aac10e1b0c1bff0a8177f7,BOX-DEL-02,6.18,41.29,01-01-2025 02:10
69aac10e1b0c1bff0a8177f8,BOX-DEL-02,6.45,42.67,01-01-2025 02:20
69aac10e1b0c1bff0a8177f9,BOX-DEL-02,6.27,58.89,01-01-2025 02:30
69aac10e1b0c1bff0a8177fa,BOX-DEL-02,6.54,49.76,01-01-2025 02:40
69aac10e1b0c1bff0a8177fb,BOX-DEL-02,6.71,52.91,01-01-2025 02:50
69aac10e1b0c1bff0a8177fc,BOX-DEL-02,6.76,58.78,01-01-2025 03:00
69aac10e1b0c1bff0a8177fd,BOX-DEL-02,6.84,51.19,01-01-2025 03:10
69aac10e1b0c1bff0a8177fe,BOX-DEL-02,7.07,56.61,01-01-2025 03:20
69aac10e1b0c1bff0a8177ff,BOX-DEL-02,7.24,44.2,01-01-2025 03:30
69aac10e1b0c1bff0a817800,BOX-DEL-02,7,46.8,01-01-2025 03:40
69aac10e1b0c1bff0a817801,BOX-DEL-02,7.04,42.33,01-01-2025 03:50
69aac10e1b0c1bff0a817802,BOX-DEL-02,7,56.12,01-01-2025 04:00
69aac10e1b0c1bff0a817803,BOX-DEL-02,6.74,57.36,01-01-2025 04:10
69aac10e1b0c1bff0a817804,BOX-DEL-02,6.92,47.57,01-01-2025 04:20
69aac10e1b0c1bff0a817805,BOX-DEL-02,6.83,40.7,01-01-2025 04:30
69aac10e1b0c1bff0a817806,BOX-DEL-02,6.96,54.15,01-01-2025 04:40
69aac10e1b0c1bff0a817807,BOX-DEL-02,6.82,46.77,01-01-2025 04:50
69aac10e1b0c1bff0a817808,BOX-DEL-02,7.04,47.89,01-01-2025 05:00
69aac10e1b0c1bff0a817809,BOX-DEL-02,7.25,58.33,01-01-2025 05:10
69aac10e1b0c1bff0a81780a,BOX-DEL-02,7.31,57.35,01-01-2025 05:20
69aac10e1b0c1bff0a81780b,BOX-DEL-02,7.57,41.67,01-01-2025 05:30
69aac10e1b0c1bff0a81780c,BOX-DEL-02,7.72,52.53,01-01-2025 05:40
69aac10e1b0c1bff0a81780d,BOX-DEL-02,7.83,56.3,01-01-2025 05:50
69aac10e1b0c1bff0a81780e,BOX-DEL-02,7.92,57.09,01-01-2025 06:00
69aac10e1b0c1bff0a81780f,BOX-DEL-02,7.75,46.44,01-01-2025 06:10
69aac10e1b0c1bff0a817810,BOX-DEL-02,7.71,47.17,01-01-2025 06:20
69aac10e1b0c1bff0a817811,BOX-DEL-02,7.47,43.64,01-01-2025 06:30
69aac10e1b0c1bff0a817812,BOX-DEL-02,7.56,44.04,01-01-2025 06:40
69aac10e1b0c1bff0a817813,BOX-DEL-02,7.35,50.77,01-01-2025 06:50
69aac10e1b0c1bff0a817814,BOX-DEL-02,7.55,41.44,01-01-2025 07:00
69aac10e1b0c1bff0a817815,BOX-DEL-02,7.52,43.37,01-01-2025 07:10
69aac10e1b0c1bff0a817816,BOX-DEL-02,7.52,45.77,01-01-2025 07:20
69aac10e1b0c1bff0a817817,BOX-DEL-02,7.63,48.93,01-01-2025 07:30
69aac10e1b0c1bff0a817818,BOX-DEL-02,7.63,54.19,01-01-2025 07:40
69aac10e1b0c1bff0a817819,BOX-DEL-02,7.5,41.57,01-01-2025 07:50
69aac10e1b0c1bff0a81781a,BOX-DEL-02,7.31,49.49,01-01-2025 08:00
69aac10e1b0c1bff0a81781b,BOX-DEL-02,7.02,56.18,01-01-2025 08:10
69aac10e1b0c1bff0a81781c,BOX-DEL-02,6.84,46.54,01-01-2025 08:20
69aac10e1b0c1bff0a81781d,BOX-DEL-02,7.03,46,01-01-2025 08:30
69aac10e1b0c1bff0a81781e,BOX-DEL-02,7.03,45.56,01-01-2025 08:40
69aac10e1b0c1bff0a81781f,BOX-DEL-02,7.16,44.24,01-01-2025 08:50
69aac10e1b0c1bff0a817820,BOX-DEL-02,7.41,59.13,01-01-2025 09:00
69aac10e1b0c1bff0a817821,BOX-DEL-02,7.57,53.58,01-01-2025 09:10
69aac10e1b0c1bff0a817822,BOX-DEL-02,7.73,53.58,01-01-2025 09:20
69aac10e1b0c1bff0a817823,BOX-DEL-02,7.91,47.86,01-01-2025 09:30
69aac10e1b0c1bff0a817824,BOX-DEL-02,7.9,54.6,01-01-2025 09:40
69aac10e1b0c1bff0a817825,BOX-DEL-02,7.81,40.62,01-01-2025 09:50
69aac10e1b0c1bff0a817826,BOX-DEL-02,7.54,51.12,01-01-2025 10:00
69aac10e1b0c1bff0a817827,BOX-DEL-02,7.75,40.03,01-01-2025 10:10
69aac10e1b0c1bff0a817828,BOX-DEL-02,7.83,58.07,01-01-2025 10:20
69aac10e1b0c1bff0a817829,BOX-DEL-02,7.58,56.07,01-01-2025 10:30
69aac10e1b0c1bff0a81782a,BOX-DEL-02,7.33,44.1,01-01-2025 10:40
69aac10e1b0c1bff0a81782b,BOX-DEL-02,7.17,44.82,01-01-2025 10:50
69aac10e1b0c1bff0a81782c,BOX-DEL-02,7.31,42.97,01-01-2025 11:00
69aac10e1b0c1bff0a81782d,BOX-DEL-02,7.42,49.79,01-01-2025 11:10
69aac10e1b0c1bff0a81782e,BOX-DEL-02,7.55,48.38,01-01-2025 11:20
69aac10e1b0c1bff0a81782f,BOX-DEL-02,7.63,45.82,01-01-2025 11:30
69aac10e1b0c1bff0a817830,BOX-DEL-02,7.87,59.76,01-01-2025 11:40
69aac10e1b0c1bff0a817831,BOX-DEL-02,8.1,47,01-01-2025 11:50
69aac10e1b0c1bff0a817832,BOX-DEL-02,8.09,51.76,01-01-2025 12:00
69aac10e1b0c1bff0a817833,BOX-DEL-02,8.39,53.96,01-01-2025 12:10
69aac10e1b0c1bff0a817834,BOX-DEL-02,8.12,41.52,01-01-2025 12:20
69aac10e1b0c1bff0a817835,BOX-DEL-02,8.31,43.85,01-01-2025 12:30
69aac10e1b0c1bff0a817836,BOX-DEL-02,8.27,42.69,01-01-2025 12:40
69aac10e1b0c1bff0a817837,BOX-DEL-02,8.02,53.21,01-01-2025 12:50
69aac10e1b0c1bff0a817838,BOX-DEL-02,8.15,50.68,01-01-2025 13:00
69aac10e1b0c1bff0a817839,BOX-DEL-02,8.09,53.37,01-01-2025 13:10
69aac10e1b0c1bff0a81783a,BOX-DEL-02,8.17,45.72,01-01-2025 13:20
69aac10e1b0c1bff0a81783b,BOX-DEL-02,8.2,55.84,01-01-2025 13:30
69aac10e1b0c1bff0a81783c,BOX-DEL-02,8.31,47.82,01-01-2025 13:40
69aac10e1b0c1bff0a81783d,BOX-DEL-02,8.38,58.69,01-01-2025 13:50
69aac10e1b0c1bff0a81783e,BOX-DEL-02,8.64,47.54,01-01-2025 14:00
69aac10e1b0c1bff0a81783f,BOX-DEL-02,8.9,41.42,01-01-2025 14:10
69aac10e1b0c1bff0a817840,BOX-DEL-02,9.11,43.19,01-01-2025 14:20
69aac10e1b0c1bff0a817841,BOX-DEL-02,9.05,46.6,01-01-2025 14:30
69aac10e1b0c1bff0a817842,BOX-DEL-02,9.09,45.91,01-01-2025 14:40
69aac10e1b0c1bff0a817843,BOX-DEL-02,9,53.39,01-01-2025 14:50
69aac10e1b0c1bff0a817844,BOX-DEL-02,8.96,46.28,01-01-2025 15:00
69aac10e1b0c1bff0a817845,BOX-DEL-02,8.86,40.8,01-01-2025 15:10
69aac10e1b0c1bff0a817846,BOX-DEL-02,8.62,57.51,01-01-2025 15:20
69aac10e1b0c1bff0a817847,BOX-DEL-02,8.75,50.75,01-01-2025 15:30
69aac10e1b0c1bff0a817848,BOX-DEL-02,8.5,59.79,01-01-2025 15:40
69aac10e1b0c1bff0a817849,BOX-DEL-02,8.22,46.89,01-01-2025 15:50
69aac10e1b0c1bff0a81784a,BOX-DEL-02,8.47,57.64,01-01-2025 16:00
69aac10e1b0c1bff0a81784b,BOX-DEL-02,8.67,42.19,01-01-2025 16:10
69aac10e1b0c1bff0a81784c,BOX-DEL-02,8.57,55.23,01-01-2025 16:20
69aac10e1b0c1bff0a81784d,BOX-DEL-02,8.41,40.31,01-01-2025 16:30
69aac10e1b0c1bff0a81784e,BOX-DEL-02,8.19,55.25,01-01-2025 16:40
69aac10e1b0c1bff0a81784f,BOX-DEL-02,7.96,41.88,01-01-2025 16:50
69aac10e1b0c1bff0a817850,BOX-DEL-02,8,44.53,01-01-2025 17:00
69aac10e1b0c1bff0a817851,BOX-DEL-02,7.71,59.07,01-01-2025 17:10
69aac10e1b0c1bff0a817852,BOX-DEL-02,7.88,59.55,01-01-2025 17:20
69aac10e1b0c1bff0a817853,BOX-DEL-02,7.75,45.13,01-01-2025 17:30
69aac10e1b0c1bff0a817854,BOX-DEL-02,7.58,52.22,01-01-2025 17:40
69aac10e1b0c1bff0a817855,BOX-DEL-02,7.72,56.84,01-01-2025 17:50
69aac10e1b0c1bff0a817856,BOX-DEL-02,7.65,49.41,01-01-2025 18:00
69aac10e1b0c1bff0a817857,BOX-DEL-02,7.73,53.72,01-01-2025 18:10
69aac10e1b0c1bff0a817858,BOX-DEL-02,8.03,47.58,01-01-2025 18:20
69aac10e1b0c1bff0a817859,BOX-DEL-02,7.75,51.92,01-01-2025 18:30
69aac10e1b0c1bff0a81785a,BOX-DEL-02,8.03,57.2,01-01-2025 18:40
69aac10e1b0c1bff0a81785b,BOX-DEL-02,7.98,42.59,01-01-2025 18:50
69aac10e1b0c1bff0a81785c,BOX-DEL-02,7.98,44.68,01-01-2025 19:00
69aac10e1b0c1bff0a81785d,BOX-DEL-02,8.09,48.46,01-01-2025 19:10
69aac10e1b0c1bff0a81785e,BOX-DEL-02,7.94,46.63,01-01-2025 19:20
69aac10e1b0c1bff0a81785f,BOX-DEL-02,7.83,49.73,01-01-2025 19:30
69aac10e1b0c1bff0a817860,BOX-DEL-02,7.92,50.7,01-01-2025 19:40
69aac10e1b0c1bff0a817861,BOX-DEL-02,7.83,47.82,01-01-2025 19:50
69aac10e1b0c1bff0a817862,BOX-DEL-02,7.62,49.34,01-01-2025 20:00
69aac10e1b0c1bff0a817863,BOX-DEL-02,7.49,51.26,01-01-2025 20:10
69aac10e1b0c1bff0a817864,BOX-DEL-02,7.28,52.08,01-01-2025 20:20
69aac10e1b0c1bff0a817865,BOX-DEL-02,7.14,52.57,01-01-2025 20:30
69aac10e1b0c1bff0a817866,BOX-DEL-02,6.91,44.19,01-01-2025 20:40
69aac10e1b0c1bff0a817867,BOX-DEL-02,6.87,51.21,01-01-2025 20:50
69aac10e1b0c1bff0a817868,BOX-DEL-02,7.15,41.81,01-01-2025 21:00
69aac10e1b0c1bff0a817869,BOX-DEL-02,6.95,41.81,01-01-2025 21:10
69aac10e1b0c1bff0a81786a,BOX-DEL-02,7.01,52.31,01-01-2025 21:20
69aac10e1b0c1bff0a81786b,BOX-DEL-02,7.04,43.91,01-01-2025 21:30
69aac10e1b0c1bff0a81786c,BOX-DEL-02,7.16,50.2,01-01-2025 21:40
69aac10e1b0c1bff0a81786d,BOX-DEL-02,7.34,40.45,01-01-2025 21:50
69aac10e1b0c1bff0a81786e,BOX-DEL-02,7.22,57.73,01-01-2025 22:00
69aac10e1b0c1bff0a81786f,BOX-DEL-02,7.31,47.25,01-01-2025 22:10
69aac10e1b0c1bff0a817870,BOX-DEL-02,7.51,44.37,01-01-2025 22:20
69aac10e1b0c1bff0a817871,BOX-DEL-02,7.51,48.78,01-01-2025 22:30
69aac10e1b0c1bff0a817872,BOX-DEL-02,7.33,56.89,01-01-2025 22:40
69aac10e1b0c1bff0a817873,BOX-DEL-02,7.47,43.99,01-01-2025 22:50
69aac10e1b0c1bff0a817874,BOX-DEL-02,7.45,53.28,01-01-2025 23:00
69aac10e1b0c1bff0a817875,BOX-DEL-02,7.54,54.95,01-01-2025 23:10
69aac10e1b0c1bff0a817876,BOX-DEL-02,7.65,42.53,01-01-2025 23:20
69aac10e1b0c1bff0a817877,BOX-DEL-02,7.66,44.69,01-01-2025 23:30
69aac10e1b0c1bff0a817878,BOX-DEL-02,7.41,59.12,01-01-2025 23:40
69aac10e1b0c1bff0a817879,BOX-DEL-02,7.52,45.53,01-01-2025 23:50
69aac10e1b0c1bff0a81787a,BOX-DEL-02,7.74,48.84,02-01-2025 00:00
69aac10e1b0c1bff0a81787b,BOX-DEL-02,7.92,44.15,02-01-2025 00:10
69aac10e1b0c1bff0a81787c,BOX-DEL-02,8.05,41.92,02-01-2025 00:20
69aac10e1b0c1bff0a81787d,BOX-DEL-02,8.34,57.1,02-01-2025 00:30
69aac10e1b0c1bff0a81787e,BOX-DEL-02,8.56,48.86,02-01-2025 00:40
69aac10e1b0c1bff0a81787f,BOX-DEL-02,8.4,47.86,02-01-2025 00:50
69aac10e1b0c1bff0a817880,BOX-DEL-02,8.3,53.54,02-01-2025 01:00
69aac10e1b0c1bff0a817881,BOX-DEL-02,8.32,49.31,02-01-2025 01:10
69aac10e1b0c1bff0a817882,BOX-DEL-02,8.09,53.67,02-01-2025 01:20
69aac10e1b0c1bff0a817883,BOX-DEL-02,8.36,49.39,02-01-2025 01:30
69aac10e1b0c1bff0a817884,BOX-DEL-02,8.16,43.08,02-01-2025 01:40
69aac10e1b0c1bff0a817885,BOX-DEL-02,8.38,44.65,02-01-2025 01:50
69aac10e1b0c1bff0a817886,BOX-DEL-02,8.08,40.32,02-01-2025 02:00
69aac10e1b0c1bff0a817887,BOX-DEL-02,8.21,57.12,02-01-2025 02:10
69aac10e1b0c1bff0a817888,BOX-DEL-02,8.45,47.31,02-01-2025 02:20
69aac10e1b0c1bff0a817889,BOX-DEL-02,8.56,46.59,02-01-2025 02:30
69aac10e1b0c1bff0a81788a,BOX-DEL-02,8.63,54.28,02-01-2025 02:40
69aac10e1b0c1bff0a81788b,BOX-DEL-02,8.53,49.06,02-01-2025 02:50
69aac10e1b0c1bff0a81788c,BOX-DEL-02,8.7,45.29,02-01-2025 03:00
69aac10e1b0c1bff0a81788d,BOX-DEL-02,8.62,56.9,02-01-2025 03:10
69aac10e1b0c1bff0a81788e,BOX-DEL-02,8.35,58.54,02-01-2025 03:20
69aac10e1b0c1bff0a81788f,BOX-DEL-02,8.38,41.71,02-01-2025 03:30
69aac10e1b0c1bff0a817890,BOX-DEL-02,8.25,58.58,02-01-2025 03:40
69aac10e1b0c1bff0a817891,BOX-DEL-02,8.48,48.62,02-01-2025 03:50
69aac10e1b0c1bff0a817892,BOX-DEL-02,8.5,45.44,02-01-2025 04:00
69aac10e1b0c1bff0a817893,BOX-DEL-02,8.38,40.1,02-01-2025 04:10
69aac10e1b0c1bff0a817894,BOX-DEL-02,8.33,41.53,02-01-2025 04:20
69aac10e1b0c1bff0a817895,BOX-DEL-02,8.26,43.15,02-01-2025 04:30
69aac10e1b0c1bff0a817896,BOX-DEL-02,8.37,44.86,02-01-2025 04:40
69aac10e1b0c1bff0a817897,BOX-DEL-02,8.29,53.65,02-01-2025 04:50
69aac10e1b0c1bff0a817898,BOX-DEL-02,8.57,49.33,02-01-2025 05:00
69aac10e1b0c1bff0a817899,BOX-DEL-02,8.29,42.56,02-01-2025 05:10
69aac10e1b0c1bff0a81789a,BOX-DEL-02,8.44,40.18,02-01-2025 05:20
69aac10e1b0c1bff0a81789b,BOX-DEL-02,8.19,46.18,02-01-2025 05:30
69aac10e1b0c1bff0a81789c,BOX-DEL-02,8.45,51.25,02-01-2025 05:40
69aac10e1b0c1bff0a81789d,BOX-DEL-02,8.42,46.3,02-01-2025 05:50
69aac10e1b0c1bff0a81789e,BOX-DEL-02,8.56,44.25,02-01-2025 06:00
69aac10e1b0c1bff0a81789f,BOX-DEL-02,8.68,44.07,02-01-2025 06:10
69aac10e1b0c1bff0a8178a0,BOX-DEL-02,8.94,55.78,02-01-2025 06:20
69aac10e1b0c1bff0a8178a1,BOX-DEL-02,9.14,48.85,02-01-2025 06:30
69aac10e1b0c1bff0a8178a2,BOX-DEL-02,9.21,47.14,02-01-2025 06:40
69aac10e1b0c1bff0a8178a3,BOX-DEL-02,9.44,49.42,02-01-2025 06:50
69aac10e1b0c1bff0a8178a4,BOX-DEL-02,9.32,42.63,02-01-2025 07:00
69aac10e1b0c1bff0a8178a5,BOX-DEL-02,9.59,42.58,02-01-2025 07:10
69aac10e1b0c1bff0a8178a6,BOX-DEL-02,9.39,44.37,02-01-2025 07:20
69aac10e1b0c1bff0a8178a7,BOX-DEL-02,9.67,51.07,02-01-2025 07:30
69aac10e1b0c1bff0a8178a8,BOX-DEL-02,9.56,50.71,02-01-2025 07:40
69aac10e1b0c1bff0a8178a9,BOX-DEL-02,9.59,59.72,02-01-2025 07:50
69aac10e1b0c1bff0a8178aa,BOX-DEL-02,9.48,52.85,02-01-2025 08:00
69aac10e1b0c1bff0a8178ab,BOX-DEL-02,9.23,54.84,02-01-2025 08:10
69aac10e1b0c1bff0a8178ac,BOX-DEL-02,9.03,56.86,02-01-2025 08:20
69aac10e1b0c1bff0a8178ad,BOX-DEL-02,8.89,54.61,02-01-2025 08:30
69aac10e1b0c1bff0a8178ae,BOX-DEL-02,8.9,49.08,02-01-2025 08:40
69aac10e1b0c1bff0a8178af,BOX-DEL-02,8.66,58.57,02-01-2025 08:50
69aac10e1b0c1bff0a8178b0,BOX-DEL-02,8.59,56.15,02-01-2025 09:00
69aac10e1b0c1bff0a8178b1,BOX-DEL-02,8.32,51.77,02-01-2025 09:10
69aac10e1b0c1bff0a8178b2,BOX-DEL-02,8.07,43.05,02-01-2025 09:20
69aac10e1b0c1bff0a8178b3,BOX-DEL-02,8.05,53.67,02-01-2025 09:30
69aac10e1b0c1bff0a8178b4,BOX-DEL-02,8.07,41.63,02-01-2025 09:40
69aac10e1b0c1bff0a8178b5,BOX-DEL-02,8.13,51.86,02-01-2025 09:50
69aac10e1b0c1bff0a8178b6,BOX-DEL-02,8.42,59.75,02-01-2025 10:00
69aac10e1b0c1bff0a8178b7,BOX-DEL-02,8.49,55.05,02-01-2025 10:10
69aac10e1b0c1bff0a8178b8,BOX-DEL-02,8.64,53.01,02-01-2025 10:20
69aac10e1b0c1bff0a8178b9,BOX-DEL-02,8.54,41.54,02-01-2025 10:30
69aac10e1b0c1bff0a8178ba,BOX-DEL-02,8.64,49.17,02-01-2025 10:40
69aac10e1b0c1bff0a8178bb,BOX-DEL-02,8.84,46.15,02-01-2025 10:50
69aac10e1b0c1bff0a8178bc,BOX-DEL-02,9.02,40.49,02-01-2025 11:00
69aac10e1b0c1bff0a8178bd,BOX-DEL-02,9.18,58.51,02-01-2025 11:10
69aac10e1b0c1bff0a8178be,BOX-DEL-02,9.31,49.23,02-01-2025 11:20
69aac10e1b0c1bff0a8178bf,BOX-DEL-02,9.36,51.72,02-01-2025 11:30
69aac10e1b0c1bff0a8178c0,BOX-DEL-02,9.56,47.81,02-01-2025 11:40
69aac10e1b0c1bff0a8178c1,BOX-DEL-02,9.28,56.18,02-01-2025 11:50
69aac10e1b0c1bff0a8178c2,BOX-DEL-02,9.43,58.37,02-01-2025 12:00
69aac10e1b0c1bff0a8178c3,BOX-DEL-02,9.73,41.14,02-01-2025 12:10
69aac10e1b0c1bff0a8178c4,BOX-DEL-02,9.87,49.78,02-01-2025 12:20
69aac10e1b0c1bff0a8178c5,BOX-DEL-02,9.87,44.23,02-01-2025 12:30
69aac10e1b0c1bff0a8178c6,BOX-DEL-02,9.7,51.96,02-01-2025 12:40
69aac10e1b0c1bff0a8178c7,BOX-DEL-02,9.63,47.11,02-01-2025 12:50
69aac10e1b0c1bff0a8178c8,BOX-DEL-02,9.54,42.9,02-01-2025 13:00
69aac10e1b0c1bff0a8178c9,BOX-DEL-02,9.73,59.66,02-01-2025 13:10
69aac10e1b0c1bff0a8178ca,BOX-DEL-02,9.76,51.45,02-01-2025 13:20
69aac10e1b0c1bff0a8178cb,BOX-DEL-02,9.99,49.73,02-01-2025 13:30
69aac10e1b0c1bff0a8178cc,BOX-DEL-02,10.12,52.68,02-01-2025 13:40
69aac10e1b0c1bff0a8178cd,BOX-DEL-02,10.14,49.96,02-01-2025 13:50
69aac10e1b0c1bff0a8178ce,BOX-DEL-02,10.2,58.51,02-01-2025 14:00
69aac10e1b0c1bff0a8178cf,BOX-DEL-02,10.28,52.33,02-01-2025 14:10
69aac10e1b0c1bff0a8178d0,BOX-DEL-02,10.31,52.47,02-01-2025 14:20
69aac10e1b0c1bff0a8178d1,BOX-DEL-02,10.4,48.08,02-01-2025 14:30
69aac10e1b0c1bff0a8178d2,BOX-DEL-02,10.53,59.39,02-01-2025 14:40
69aac10e1b0c1bff0a8178d3,BOX-DEL-02,10.46,50.02,02-01-2025 14:50
69aac10e1b0c1bff0a8178d4,BOX-DEL-02,10.44,41.66,02-01-2025 15:00
69aac10e1b0c1bff0a8178d5,BOX-DEL-02,10.26,49.59,02-01-2025 15:10
69aac10e1b0c1bff0a8178d6,BOX-DEL-02,10.11,52.47,02-01-2025 15:20
69aac10e1b0c1bff0a8178d7,BOX-DEL-02,10.3,43.06,02-01-2025 15:30
69aac10e1b0c1bff0a8178d8,BOX-DEL-02,10.42,51.08,02-01-2025 15:40
69aac10e1b0c1bff0a8178d9,BOX-DEL-02,10.46,49,02-01-2025 15:50
69aac10e1b0c1bff0a8178da,BOX-DEL-02,10.71,44.84,02-01-2025 16:00
69aac10e1b0c1bff0a8178db,BOX-DEL-02,10.56,49.71,02-01-2025 16:10
69aac10e1b0c1bff0a8178dc,BOX-DEL-02,10.39,44.41,02-01-2025 16:20
69aac10e1b0c1bff0a8178dd,BOX-DEL-02,10.53,57.88,02-01-2025 16:30
69aac10e1b0c1bff0a8178de,BOX-DEL-02,10.74,43.14,02-01-2025 16:40
69aac10e1b0c1bff0a8178df,BOX-DEL-02,10.97,40.87,02-01-2025 16:50
69aac10e1b0c1bff0a8178e0,BOX-DEL-02,10.83,45.86,02-01-2025 17:00
69aac10e1b0c1bff0a8178e1,BOX-DEL-02,10.83,49.45,02-01-2025 17:10
69aac10e1b0c1bff0a8178e2,BOX-DEL-02,10.75,47.6,02-01-2025 17:20
69aac10e1b0c1bff0a8178e3,BOX-DEL-02,11.02,59.14,02-01-2025 17:30
69aac10e1b0c1bff0a8178e4,BOX-DEL-02,11.05,55.75,02-01-2025 17:40
69aac10e1b0c1bff0a8178e5,BOX-DEL-02,11,51.47,02-01-2025 17:50
69aac10e1b0c1bff0a8178e6,BOX-DEL-02,10.71,43.67,02-01-2025 18:00
69aac10e1b0c1bff0a8178e7,BOX-DEL-02,10.45,46.15,02-01-2025 18:10
69aac10e1b0c1bff0a8178e8,BOX-DEL-02,10.61,57.7,02-01-2025 18:20
69aac10e1b0c1bff0a8178e9,BOX-DEL-02,10.63,52.29,02-01-2025 18:30
69aac10e1b0c1bff0a8178ea,BOX-DEL-02,10.91,56.87,02-01-2025 18:40
69aac10e1b0c1bff0a8178eb,BOX-DEL-02,10.79,47.21,02-01-2025 18:50
69aac10e1b0c1bff0a8178ec,BOX-DEL-02,10.74,42.32,02-01-2025 19:00
69aac10e1b0c1bff0a8178ed,BOX-DEL-02,10.97,47.19,02-01-2025 19:10
69aac10e1b0c1bff0a8178ee,BOX-DEL-02,10.71,55.2,02-01-2025 19:20
69aac10e1b0c1bff0a8178ef,BOX-DEL-02,10.5,47.02,02-01-2025 19:30
69aac10e1b0c1bff0a8178f0,BOX-DEL-02,10.24,56.69,02-01-2025 19:40
69aac10e1b0c1bff0a8178f1,BOX-DEL-02,10.53,59.98,02-01-2025 19:50
69aac10e1b0c1bff0a8178f2,BOX-DEL-02,10.48,49.83,02-01-2025 20:00
69aac10e1b0c1bff0a8178f3,BOX-DEL-02,10.33,53.64,02-01-2025 20:10
69aac10e1b0c1bff0a8178f4,BOX-DEL-02,10.44,45.52,02-01-2025 20:20
69aac10e1b0c1bff0a8178f5,BOX-DEL-02,10.25,42.78,02-01-2025 20:30
69aac10e1b0c1bff0a8178f6,BOX-DEL-02,10.15,58.14,02-01-2025 20:40
69aac10e1b0c1bff0a8178f7,BOX-DEL-02,10.16,53.62,02-01-2025 20:50
69aac10e1b0c1bff0a8178f8,BOX-DEL-02,10.08,59.36,02-01-2025 21:00
69aac10e1b0c1bff0a8178f9,BOX-DEL-02,9.84,56.79,02-01-2025 21:10
69aac10e1b0c1bff0a8178fa,BOX-DEL-02,9.72,49.47,02-01-2025 21:20
69aac10e1b0c1bff0a8178fb,BOX-DEL-02,10.01,46.27,02-01-2025 21:30
69aac10e1b0c1bff0a8178fc,BOX-DEL-02,10.2,52.02,02-01-2025 21:40
69aac10e1b0c1bff0a8178fd,BOX-DEL-02,10.37,46.06,02-01-2025 21:50
69aac10e1b0c1bff0a8178fe,BOX-DEL-02,10.43,45.7,02-01-2025 22:00
69aac10e1b0c1bff0a8178ff,BOX-DEL-02,10.66,48.02,02-01-2025 22:10
69aac10e1b0c1bff0a817900,BOX-DEL-02,10.93,57.38,02-01-2025 22:20
69aac10e1b0c1bff0a817901,BOX-DEL-02,11.1,45.74,02-01-2025 22:30
69aac10e1b0c1bff0a817902,BOX-DEL-02,10.89,52.61,02-01-2025 22:40
69aac10e1b0c1bff0a817903,BOX-DEL-02,10.77,42.6,02-01-2025 22:50
69aac10e1b0c1bff0a817904,BOX-DEL-02,10.56,43.33,02-01-2025 23:00
69aac10e1b0c1bff0a817905,BOX-DEL-02,10.37,44.44,02-01-2025 23:10
69aac10e1b0c1bff0a817906,BOX-DEL-02,10.5,48.5,02-01-2025 23:20
69aac10e1b0c1bff0a817907,BOX-DEL-02,10.31,40.14,02-01-2025 23:30
69aac10e1b0c1bff0a817908,BOX-DEL-02,10.49,47.62,02-01-2025 23:40
69aac10e1b0c1bff0a817909,BOX-DEL-02,10.23,42.04,02-01-2025 23:50
69aac10e1b0c1bff0a81790a,BOX-DEL-02,10.33,52.4,03-01-2025 00:00
69aac10e1b0c1bff0a81790b,BOX-DEL-02,10.42,50.35,03-01-2025 00:10
69aac10e1b0c1bff0a81790c,BOX-DEL-02,10.7,42.65,03-01-2025 00:20
69aac10e1b0c1bff0a81790d,BOX-DEL-02,10.62,59.38,03-01-2025 00:30
69aac10e1b0c1bff0a81790e,BOX-DEL-02,10.37,53.83,03-01-2025 00:40
69aac10e1b0c1bff0a81790f,BOX-DEL-02,10.22,56.45,03-01-2025 00:50
69aac10e1b0c1bff0a817910,BOX-DEL-02,10.43,40.29,03-01-2025 01:00
69aac10e1b0c1bff0a817911,BOX-DEL-02,10.43,54.65,03-01-2025 01:10
69aac10e1b0c1bff0a817912,BOX-DEL-02,10.63,42.81,03-01-2025 01:20
69aac10e1b0c1bff0a817913,BOX-DEL-02,10.43,47.16,03-01-2025 01:30
69aac10e1b0c1bff0a817914,BOX-DEL-02,10.71,47.13,03-01-2025 01:40
69aac10e1b0c1bff0a817915,BOX-DEL-02,10.61,42.84,03-01-2025 01:50
69aac10e1b0c1bff0a817916,BOX-DEL-02,10.72,47.38,03-01-2025 02:00
69aac10e1b0c1bff0a817917,BOX-DEL-02,10.68,47.38,03-01-2025 02:10
69aac10e1b0c1bff0a817918,BOX-DEL-02,10.88,54.71,03-01-2025 02:20
69aac10e1b0c1bff0a817919,BOX-DEL-02,11.18,46.85,03-01-2025 02:30
69aac10e1b0c1bff0a81791a,BOX-DEL-02,10.91,58.13,03-01-2025 02:40
69aac10e1b0c1bff0a81791b,BOX-DEL-02,10.77,40.78,03-01-2025 02:50
69aac10e1b0c1bff0a81791c,BOX-DEL-02,10.95,45.79,03-01-2025 03:00
69aac10e1b0c1bff0a81791d,BOX-DEL-02,10.7,53.08,03-01-2025 03:10
69aac10e1b0c1bff0a81791e,BOX-DEL-02,10.99,52.89,03-01-2025 03:20
69aac10e1b0c1bff0a81791f,BOX-DEL-02,11.02,50.3,03-01-2025 03:30
69aac10e1b0c1bff0a817920,BOX-DEL-02,10.8,59.97,03-01-2025 03:40
69aac10e1b0c1bff0a817921,BOX-DEL-02,11.09,51.72,03-01-2025 03:50
69aac10e1b0c1bff0a817922,BOX-DEL-02,11.15,57.51,03-01-2025 04:00
69aac10e1b0c1bff0a817923,BOX-DEL-02,11.42,41.31,03-01-2025 04:10
69aac10e1b0c1bff0a817924,BOX-DEL-02,11.46,56.3,03-01-2025 04:20
69aac10e1b0c1bff0a817925,BOX-DEL-02,11.74,59.38,03-01-2025 04:30
69aac10e1b0c1bff0a817926,BOX-DEL-02,11.65,46.65,03-01-2025 04:40
69aac10e1b0c1bff0a817927,BOX-DEL-02,11.89,51.43,03-01-2025 04:50
69aac10e1b0c1bff0a817928,BOX-DEL-02,12.17,55.39,03-01-2025 05:00
69aac10e1b0c1bff0a817929,BOX-DEL-02,12.26,47.96,03-01-2025 05:10
69aac10e1b0c1bff0a81792a,BOX-DEL-02,12.07,43.51,03-01-2025 05:20
69aac10e1b0c1bff0a81792b,BOX-DEL-02,11.88,44.12,03-01-2025 05:30
69aac10e1b0c1bff0a81792c,BOX-DEL-02,11.97,52.49,03-01-2025 05:40
69aac10e1b0c1bff0a81792d,BOX-DEL-02,12.08,51.92,03-01-2025 05:50
69aac10e1b0c1bff0a81792e,BOX-DEL-02,12.38,47.54,03-01-2025 06:00
69aac10e1b0c1bff0a81792f,BOX-DEL-02,12.22,45.67,03-01-2025 06:10
69aac10e1b0c1bff0a817930,BOX-DEL-02,12.48,57.72,03-01-2025 06:20
69aac10e1b0c1bff0a817931,BOX-DEL-02,12.33,52.01,03-01-2025 06:30
69aac10e1b0c1bff0a817932,BOX-DEL-02,12.39,51.18,03-01-2025 06:40
69aac10e1b0c1bff0a817933,BOX-DEL-02,12.24,54.15,03-01-2025 06:50
69aac10e1b0c1bff0a817934,BOX-DEL-02,12.08,49.61,03-01-2025 07:00
69aac10e1b0c1bff0a817935,BOX-DEL-02,12.23,55.39,03-01-2025 07:10
69aac10e1b0c1bff0a817936,BOX-DEL-02,12.08,48.88,03-01-2025 07:20
69aac10e1b0c1bff0a817937,BOX-DEL-02,12.24,54.68,03-01-2025 07:30
69aac10e1b0c1bff0a817938,BOX-DEL-02,12.48,49.7,03-01-2025 07:40
69aac10e1b0c1bff0a817939,BOX-DEL-02,12.21,45.75,03-01-2025 07:50
69aac10e1b0c1bff0a81793a,BOX-DEL-02,12.29,51.09,03-01-2025 08:00
69aac10e1b0c1bff0a81793b,BOX-DEL-02,12.28,50.1,03-01-2025 08:10
69aac10e1b0c1bff0a81793c,BOX-DEL-02,12.3,54.01,03-01-2025 08:20
69aac10e1b0c1bff0a81793d,BOX-DEL-02,12.45,47.83,03-01-2025 08:30
69aac10e1b0c1bff0a81793e,BOX-DEL-02,12.72,59.16,03-01-2025 08:40
69aac10e1b0c1bff0a81793f,BOX-DEL-02,12.98,57.03,03-01-2025 08:50
69aac10e1b0c1bff0a817940,BOX-DEL-02,12.85,46.61,03-01-2025 09:00
69aac10e1b0c1bff0a817941,BOX-DEL-02,12.84,42.95,03-01-2025 09:10
69aac10e1b0c1bff0a817942,BOX-DEL-02,12.74,41.04,03-01-2025 09:20
69aac10e1b0c1bff0a817943,BOX-DEL-02,12.77,48.31,03-01-2025 09:30
69aac10e1b0c1bff0a817944,BOX-DEL-02,12.91,47.21,03-01-2025 09:40
69aac10e1b0c1bff0a817945,BOX-DEL-02,13.07,43.7,03-01-2025 09:50
69aac10e1b0c1bff0a817946,BOX-DEL-02,13.33,53.47,03-01-2025 10:00
69aac10e1b0c1bff0a817947,BOX-DEL-02,13.39,49.15,03-01-2025 10:10
69aac10e1b0c1bff0a817948,BOX-DEL-02,13.6,49.31,03-01-2025 10:20
69aac10e1b0c1bff0a817949,BOX-DEL-02,13.6,55.19,03-01-2025 10:30
69aac10e1b0c1bff0a81794a,BOX-DEL-02,13.51,43,03-01-2025 10:40
69aac10e1b0c1bff0a81794b,BOX-DEL-02,13.72,56.71,03-01-2025 10:50
69aac10e1b0c1bff0a81794c,BOX-DEL-02,13.89,45.18,03-01-2025 11:00
69aac10e1b0c1bff0a81794d,BOX-DEL-02,14.12,40.51,03-01-2025 11:10
69aac10e1b0c1bff0a81794e,BOX-DEL-02,14.36,42.47,03-01-2025 11:20
69aac10e1b0c1bff0a81794f,BOX-DEL-02,14.51,49.35,03-01-2025 11:30
69aac10e1b0c1bff0a817950,BOX-DEL-02,14.72,56.58,03-01-2025 11:40
69aac10e1b0c1bff0a817951,BOX-DEL-02,14.95,46.74,03-01-2025 11:50
69aac10e1b0c1bff0a817952,BOX-DEL-02,15.01,50.36,03-01-2025 12:00
69aac10e1b0c1bff0a817953,BOX-DEL-02,15.29,50.33,03-01-2025 12:10
69aac10e1b0c1bff0a817954,BOX-DEL-02,15.2,51.57,03-01-2025 12:20
69aac10e1b0c1bff0a817955,BOX-DEL-02,15.26,44.28,03-01-2025 12:30
69aac10e1b0c1bff0a817956,BOX-DEL-02,15.12,59.86,03-01-2025 12:40
69aac10e1b0c1bff0a817957,BOX-DEL-02,15.12,57.49,03-01-2025 12:50
69aac10e1b0c1bff0a817958,BOX-DEL-02,15.04,57.6,03-01-2025 13:00
69aac10e1b0c1bff0a817959,BOX-DEL-02,15.09,58.31,03-01-2025 13:10
69aac10e1b0c1bff0a81795a,BOX-DEL-02,15.14,47.91,03-01-2025 13:20
69aac10e1b0c1bff0a81795b,BOX-DEL-02,15.17,55.19,03-01-2025 13:30
69aac10e1b0c1bff0a81795c,BOX-DEL-02,15.21,43.32,03-01-2025 13:40
69aac10e1b0c1bff0a81795d,BOX-DEL-02,15.17,51.75,03-01-2025 13:50
69aac10e1b0c1bff0a81795e,BOX-DEL-02,15.42,43.32,03-01-2025 14:00
69aac10e1b0c1bff0a81795f,BOX-DEL-02,15.25,41.24,03-01-2025 14:10
69aac10e1b0c1bff0a817960,BOX-DEL-02,15,50.78,03-01-2025 14:20
69aac10e1b0c1bff0a817961,BOX-DEL-02,14.96,47.12,03-01-2025 14:30
69aac10e1b0c1bff0a817962,BOX-DEL-02,14.97,48.18,03-01-2025 14:40
69aac10e1b0c1bff0a817963,BOX-DEL-02,14.9,45.67,03-01-2025 14:50
69aac10e1b0c1bff0a817964,BOX-DEL-02,14.93,46.63,03-01-2025 15:00
69aac10e1b0c1bff0a817965,BOX-DEL-02,14.67,44.58,03-01-2025 15:10
69aac10e1b0c1bff0a817966,BOX-DEL-02,14.89,54.97,03-01-2025 15:20
69aac10e1b0c1bff0a817967,BOX-DEL-02,15.05,41.41,03-01-2025 15:30
69aac10e1b0c1bff0a817968,BOX-DEL-02,15.25,48.52,03-01-2025 15:40
69aac10e1b0c1bff0a817969,BOX-DEL-02,15.16,46.19,03-01-2025 15:50
69aac10e1b0c1bff0a81796a,BOX-DEL-02,15.01,56.41,03-01-2025 16:00
69aac10e1b0c1bff0a81796b,BOX-DEL-02,14.84,41.11,03-01-2025 16:10
69aac10e1b0c1bff0a81796c,BOX-DEL-02,15.08,51.76,03-01-2025 16:20
69aac10e1b0c1bff0a81796d,BOX-DEL-02,15.17,57.33,03-01-2025 16:30
69aac10e1b0c1bff0a81796e,BOX-DEL-02,15.44,41.12,03-01-2025 16:40
69aac10e1b0c1bff0a81796f,BOX-DEL-02,15.26,54.21,03-01-2025 16:50
69aac10e1b0c1bff0a817970,BOX-DEL-02,15.26,45.88,03-01-2025 17:00
69aac10e1b0c1bff0a817971,BOX-DEL-02,15.14,45.23,03-01-2025 17:10
69aac10e1b0c1bff0a817972,BOX-DEL-02,15.12,49.9,03-01-2025 17:20
69aac10e1b0c1bff0a817973,BOX-DEL-02,15.24,47.03,03-01-2025 17:30
69aac10e1b0c1bff0a817974,BOX-DEL-02,15.13,48.97,03-01-2025 17:40
69aac10e1b0c1bff0a817975,BOX-DEL-02,14.91,58.89,03-01-2025 17:50
69aac10e1b0c1bff0a817976,BOX-DEL-02,14.86,50.71,03-01-2025 18:00
69aac10e1b0c1bff0a817977,BOX-DEL-02,14.67,43.02,03-01-2025 18:10
69aac10e1b0c1bff0a817978,BOX-DEL-02,14.65,55.06,03-01-2025 18:20
69aac10e1b0c1bff0a817979,BOX-DEL-02,14.69,50.87,03-01-2025 18:30
69aac10e1b0c1bff0a81797a,BOX-DEL-02,14.87,42.53,03-01-2025 18:40
69aac10e1b0c1bff0a81797b,BOX-DEL-02,14.81,43.37,03-01-2025 18:50
69aac10e1b0c1bff0a81797c,BOX-DEL-02,14.99,53.26,03-01-2025 19:00
69aac10e1b0c1bff0a81797d,BOX-DEL-02,14.71,51.73,03-01-2025 19:10
69aac10e1b0c1bff0a81797e,BOX-DEL-02,14.69,43.71,03-01-2025 19:20
69aac10e1b0c1bff0a81797f,BOX-DEL-02,14.84,58.41,03-01-2025 19:30
69aac10e1b0c1bff0a817980,BOX-DEL-02,14.64,43.35,03-01-2025 19:40
69aac10e1b0c1bff0a817981,BOX-DEL-02,14.38,59.7,03-01-2025 19:50
69aac10e1b0c1bff0a817982,BOX-DEL-02,14.32,45.52,03-01-2025 20:00
69aac10e1b0c1bff0a817983,BOX-DEL-02,14.2,41.31,03-01-2025 20:10
69aac10e1b0c1bff0a817984,BOX-DEL-02,13.92,42.27,03-01-2025 20:20
69aac10e1b0c1bff0a817985,BOX-DEL-02,13.86,46,03-01-2025 20:30
69aac10e1b0c1bff0a817986,BOX-DEL-02,13.79,59.93,03-01-2025 20:40
69aac10e1b0c1bff0a817987,BOX-DEL-02,13.7,47.11,03-01-2025 20:50
69aac10e1b0c1bff0a817988,BOX-DEL-02,13.79,56.42,03-01-2025 21:00
69aac10e1b0c1bff0a817989,BOX-DEL-02,13.82,53.73,03-01-2025 21:10
69aac10e1b0c1bff0a81798a,BOX-DEL-02,13.9,40.89,03-01-2025 21:20
69aac10e1b0c1bff0a81798b,BOX-DEL-02,13.71,55.48,03-01-2025 21:30
69aac10e1b0c1bff0a81798c,BOX-DEL-02,13.72,53.19,03-01-2025 21:40
69aac10e1b0c1bff0a81798d,BOX-DEL-02,13.5,45.62,03-01-2025 21:50
69aac10e1b0c1bff0a81798e,BOX-DEL-02,13.34,55.64,03-01-2025 22:00
69aac10e1b0c1bff0a81798f,BOX-DEL-02,13.39,49.24,03-01-2025 22:10
69aac10e1b0c1bff0a817990,BOX-DEL-02,13.55,58.58,03-01-2025 22:20
69aac10e1b0c1bff0a817991,BOX-DEL-02,13.7,42.31,03-01-2025 22:30
69aac10e1b0c1bff0a817992,BOX-DEL-02,13.7,44.51,03-01-2025 22:40
69aac10e1b0c1bff0a817993,BOX-DEL-02,13.79,46.72,03-01-2025 22:50
69aac10e1b0c1bff0a817994,BOX-DEL-02,13.63,46.24,03-01-2025 23:00
69aac10e1b0c1bff0a817995,BOX-DEL-02,13.93,49.43,03-01-2025 23:10
69aac10e1b0c1bff0a817996,BOX-DEL-02,14.2,54.11,03-01-2025 23:20
69aac10e1b0c1bff0a817997,BOX-DEL-02,14.05,58.28,03-01-2025 23:30
69aac10e1b0c1bff0a817998,BOX-DEL-02,14.17,49.68,03-01-2025 23:40
69aac10e1b0c1bff0a817999,BOX-DEL-02,14.05,58.9,03-01-2025 23:50
69aac10e1b0c1bff0a81799a,BOX-DEL-02,14.2,46.68,04-01-2025 00:00
69aac10e1b0c1bff0a81799b,BOX-DEL-02,14.25,41.68,04-01-2025 00:10
69aac10e1b0c1bff0a81799c,BOX-DEL-02,14.05,41.32,04-01-2025 00:20
69aac10e1b0c1bff0a81799d,BOX-DEL-02,14.01,49.73,04-01-2025 00:30
69aac10e1b0c1bff0a81799e,BOX-DEL-02,13.84,54.3,04-01-2025 00:40
69aac10e1b0c1bff0a81799f,BOX-DEL-02,13.6,48.05,04-01-2025 00:50
69aac10e1b0c1bff0a8179a0,BOX-DEL-02,13.7,55.26,04-01-2025 01:00
69aac10e1b0c1bff0a8179a1,BOX-DEL-02,13.91,57.61,04-01-2025 01:10
69aac10e1b0c1bff0a8179a2,BOX-DEL-02,13.86,40.83,04-01-2025 01:20
69aac10e1b0c1bff0a8179a3,BOX-DEL-02,13.84,40.07,04-01-2025 01:30
69aac10e1b0c1bff0a8179a4,BOX-DEL-02,14,57.97,04-01-2025 01:40
69aac10e1b0c1bff0a8179a5,BOX-DEL-02,13.85,50.3,04-01-2025 01:50
69aac10e1b0c1bff0a8179a6,BOX-DEL-02,13.92,41.59,04-01-2025 02:00
69aac10e1b0c1bff0a8179a7,BOX-DEL-02,13.65,52.78,04-01-2025 02:10
69aac10e1b0c1bff0a8179a8,BOX-DEL-02,13.41,49.04,04-01-2025 02:20
69aac10e1b0c1bff0a8179a9,BOX-DEL-02,13.57,42.46,04-01-2025 02:30
69aac10e1b0c1bff0a8179aa,BOX-DEL-02,13.39,43.29,04-01-2025 02:40
69aac10e1b0c1bff0a8179ab,BOX-DEL-02,13.18,51.69,04-01-2025 02:50
69aac10e1b0c1bff0a8179ac,BOX-DEL-02,13.3,51.69,04-01-2025 03:00
69aac10e1b0c1bff0a8179ad,BOX-DEL-02,13.6,45.15,04-01-2025 03:10
69aac10e1b0c1bff0a8179ae,BOX-DEL-02,13.32,57.26,04-01-2025 03:20
69aac10e1b0c1bff0a8179af,BOX-DEL-02,13.61,57.88,04-01-2025 03:30
69aac10e1b0c1bff0a8179b0,BOX-DEL-02,13.84,43.73,04-01-2025 03:40
69aac10e1b0c1bff0a8179b1,BOX-DEL-02,14.12,46.11,04-01-2025 03:50
69aac10e1b0c1bff0a8179b2,BOX-DEL-02,14.25,52.64,04-01-2025 04:00
69aac10e1b0c1bff0a8179b3,BOX-DEL-02,14,49.54,04-01-2025 04:10
69aac10e1b0c1bff0a8179b4,BOX-DEL-02,13.96,53.99,04-01-2025 04:20
69aac10e1b0c1bff0a8179b5,BOX-DEL-02,13.8,51.14,04-01-2025 04:30
69aac10e1b0c1bff0a8179b6,BOX-DEL-02,14,41.89,04-01-2025 04:40
69aac10e1b0c1bff0a8179b7,BOX-DEL-02,14.27,49.16,04-01-2025 04:50
69aac10e1b0c1bff0a8179b8,BOX-DEL-02,14.54,58.02,04-01-2025 05:00
69aac10e1b0c1bff0a8179b9,BOX-DEL-02,14.7,59.54,04-01-2025 05:10
69aac10e1b0c1bff0a8179ba,BOX-DEL-02,14.75,43.41,04-01-2025 05:20
69aac10e1b0c1bff0a8179bb,BOX-DEL-02,14.64,52.1,04-01-2025 05:30
69aac10e1b0c1bff0a8179bc,BOX-DEL-02,14.86,47.56,04-01-2025 05:40
69aac10e1b0c1bff0a8179bd,BOX-DEL-02,15.01,50.24,04-01-2025 05:50
69aac10e1b0c1bff0a8179be,BOX-DEL-02,15.22,59.41,04-01-2025 06:00
69aac10e1b0c1bff0a8179bf,BOX-DEL-02,15.23,54.78,04-01-2025 06:10
69aac10e1b0c1bff0a8179c0,BOX-DEL-02,15.24,56.49,04-01-2025 06:20
69aac10e1b0c1bff0a8179c1,BOX-DEL-02,15.26,58.7,04-01-2025 06:30
69aac10e1b0c1bff0a8179c2,BOX-DEL-02,15.43,45.04,04-01-2025 06:40
69aac10e1b0c1bff0a8179c3,BOX-DEL-02,15.48,42.62,04-01-2025 06:50
69aac10e1b0c1bff0a8179c4,BOX-DEL-02,15.52,50.07,04-01-2025 07:00
69aac10e1b0c1bff0a8179c5,BOX-DEL-02,15.25,59.93,04-01-2025 07:10
69aac10e1b0c1bff0a8179c6,BOX-DEL-02,15.35,41.13,04-01-2025 07:20
69aac10e1b0c1bff0a8179c7,BOX-DEL-02,15.63,45.39,04-01-2025 07:30
69aac10e1b0c1bff0a8179c8,BOX-DEL-02,15.42,58.02,04-01-2025 07:40
69aac10e1b0c1bff0a8179c9,BOX-DEL-02,15.46,47.37,04-01-2025 07:50
69aac10e1b0c1bff0a8179ca,BOX-DEL-02,15.61,48.3,04-01-2025 08:00
69aac10e1b0c1bff0a8179cb,BOX-DEL-02,15.48,45.85,04-01-2025 08:10
69aac10e1b0c1bff0a8179cc,BOX-DEL-02,15.4,42.82,04-01-2025 08:20
69aac10e1b0c1bff0a8179cd,BOX-DEL-02,15.34,51.36,04-01-2025 08:30
69aac10e1b0c1bff0a8179ce,BOX-DEL-02,15.43,53,04-01-2025 08:40
69aac10e1b0c1bff0a8179cf,BOX-DEL-02,15.28,46.04,04-01-2025 08:50
69aac10e1b0c1bff0a8179d0,BOX-DEL-02,15.42,58.21,04-01-2025 09:00
69aac10e1b0c1bff0a8179d1,BOX-DEL-02,15.22,50.12,04-01-2025 09:10
69aac10e1b0c1bff0a8179d2,BOX-DEL-02,15.33,43.59,04-01-2025 09:20
69aac10e1b0c1bff0a8179d3,BOX-DEL-02,15.49,47.43,04-01-2025 09:30
69aac10e1b0c1bff0a8179d4,BOX-DEL-02,15.69,44.78,04-01-2025 09:40
69aac10e1b0c1bff0a8179d5,BOX-DEL-02,15.84,48.81,04-01-2025 09:50
69aac10e1b0c1bff0a8179d6,BOX-DEL-02,15.82,46.62,04-01-2025 10:00
69aac10e1b0c1bff0a8179d7,BOX-DEL-02,16.12,45.05,04-01-2025 10:10
69aac10e1b0c1bff0a8179d8,BOX-DEL-02,16.06,49.83,04-01-2025 10:20
69aac10e1b0c1bff0a8179d9,BOX-DEL-02,16.24,43.54,04-01-2025 10:30
69aac10e1b0c1bff0a8179da,BOX-DEL-02,16.51,40.25,04-01-2025 10:40
69aac10e1b0c1bff0a8179db,BOX-DEL-02,16.65,54.23,04-01-2025 10:50
69aac10e1b0c1bff0a8179dc,BOX-DEL-02,16.37,57,04-01-2025 11:00
69aac10e1b0c1bff0a8179dd,BOX-DEL-02,16.49,45.73,04-01-2025 11:10
69aac10e1b0c1bff0a8179de,BOX-DEL-02,16.71,52.34,04-01-2025 11:20
69aac10e1b0c1bff0a8179df,BOX-DEL-02,16.89,50.24,04-01-2025 11:30
69aac10e1b0c1bff0a8179e0,BOX-DEL-02,17.17,46.44,04-01-2025 11:40
69aac10e1b0c1bff0a8179e1,BOX-DEL-02,16.91,56.54,04-01-2025 11:50
69aac10e1b0c1bff0a8179e2,BOX-DEL-02,16.89,51.45,04-01-2025 12:00
69aac10e1b0c1bff0a8179e3,BOX-DEL-02,16.67,58.9,04-01-2025 12:10
69aac10e1b0c1bff0a8179e4,BOX-DEL-02,16.86,57.83,04-01-2025 12:20
69aac10e1b0c1bff0a8179e5,BOX-DEL-02,16.88,49.91,04-01-2025 12:30
69aac10e1b0c1bff0a8179e6,BOX-DEL-02,17.04,51.88,04-01-2025 12:40
69aac10e1b0c1bff0a8179e7,BOX-DEL-02,17.2,52.23,04-01-2025 12:50
69aac10e1b0c1bff0a8179e8,BOX-DEL-02,17.41,42.52,04-01-2025 13:00
69aac10e1b0c1bff0a8179e9,BOX-DEL-02,17.16,48.47,04-01-2025 13:10
69aac10e1b0c1bff0a8179ea,BOX-DEL-02,16.92,46.53,04-01-2025 13:20
69aac10e1b0c1bff0a8179eb,BOX-DEL-02,16.81,54.37,04-01-2025 13:30
69aac10e1b0c1bff0a8179ec,BOX-DEL-02,16.72,45.24,04-01-2025 13:40
69aac10e1b0c1bff0a8179ed,BOX-DEL-02,16.42,53.92,04-01-2025 13:50
69aac10e1b0c1bff0a8179ee,BOX-DEL-02,16.13,43.26,04-01-2025 14:00
69aac10e1b0c1bff0a8179ef,BOX-DEL-02,15.84,53.68,04-01-2025 14:10
69aac10e1b0c1bff0a8179f0,BOX-DEL-02,16.11,56.75,04-01-2025 14:20
69aac10e1b0c1bff0a8179f1,BOX-DEL-02,15.87,41.61,04-01-2025 14:30
69aac10e1b0c1bff0a8179f2,BOX-DEL-02,15.65,53.57,04-01-2025 14:40
69aac10e1b0c1bff0a8179f3,BOX-DEL-02,15.88,40.48,04-01-2025 14:50
69aac10e1b0c1bff0a8179f4,BOX-DEL-02,15.69,55.93,04-01-2025 15:00
69aac10e1b0c1bff0a8179f5,BOX-DEL-02,15.73,50.43,04-01-2025 15:10
69aac10e1b0c1bff0a8179f6,BOX-DEL-02,15.98,57.09,04-01-2025 15:20
69aac10e1b0c1bff0a8179f7,BOX-DEL-02,16.26,43.89,04-01-2025 15:30
69aac10e1b0c1bff0a8179f8,BOX-DEL-02,16.07,52.06,04-01-2025 15:40
69aac10e1b0c1bff0a8179f9,BOX-DEL-02,15.91,48.21,04-01-2025 15:50
69aac10e1b0c1bff0a8179fa,BOX-DEL-02,16.07,40.2,04-01-2025 16:00
69aac10e1b0c1bff0a8179fb,BOX-DEL-02,16.29,59.09,04-01-2025 16:10
69aac10e1b0c1bff0a8179fc,BOX-DEL-02,16.06,58.64,04-01-2025 16:20
69aac10e1b0c1bff0a8179fd,BOX-DEL-02,16.13,47.57,04-01-2025 16:30
69aac10e1b0c1bff0a8179fe,BOX-DEL-02,16.1,56.86,04-01-2025 16:40
69aac10e1b0c1bff0a8179ff,BOX-DEL-02,15.94,40.56,04-01-2025 16:50
69aac10e1b0c1bff0a817a00,BOX-DEL-02,15.83,52.98,04-01-2025 17:00
69aac10e1b0c1bff0a817a01,BOX-DEL-02,15.89,58.99,04-01-2025 17:10
69aac10e1b0c1bff0a817a02,BOX-DEL-02,15.84,55.38,04-01-2025 17:20
69aac10e1b0c1bff0a817a03,BOX-DEL-02,15.55,55.08,04-01-2025 17:30
69aac10e1b0c1bff0a817a04,BOX-DEL-02,15.36,53.88,04-01-2025 17:40
69aac10e1b0c1bff0a817a05,BOX-DEL-02,15.06,56.79,04-01-2025 17:50
69aac10e1b0c1bff0a817a06,BOX-DEL-02,15.03,45.33,04-01-2025 18:00
69aac10e1b0c1bff0a817a07,BOX-DEL-02,15.3,48.39,04-01-2025 18:10
69aac10e1b0c1bff0a817a08,BOX-DEL-02,15.42,48.05,04-01-2025 18:20
69aac10e1b0c1bff0a817a09,BOX-DEL-02,15.56,40.97,04-01-2025 18:30
69aac10e1b0c1bff0a817a0a,BOX-DEL-02,15.35,41.43,04-01-2025 18:40
69aac10e1b0c1bff0a817a0b,BOX-DEL-02,15.17,46.05,04-01-2025 18:50
69aac10e1b0c1bff0a817a0c,BOX-DEL-02,15.21,56.84,04-01-2025 19:00
69aac10e1b0c1bff0a817a0d,BOX-DEL-02,15.49,57.99,04-01-2025 19:10
69aac10e1b0c1bff0a817a0e,BOX-DEL-02,15.75,47.35,04-01-2025 19:20
69aac10e1b0c1bff0a817a0f,BOX-DEL-02,15.79,58.59,04-01-2025 19:30
69aac10e1b0c1bff0a817a10,BOX-DEL-02,15.73,50.44,04-01-2025 19:40
69aac10e1b0c1bff0a817a11,BOX-DEL-02,15.53,50.36,04-01-2025 19:50
69aac10e1b0c1bff0a817a12,BOX-DEL-02,15.68,45.08,04-01-2025 20:00
69aac10e1b0c1bff0a817a13,BOX-DEL-02,15.82,42.35,04-01-2025 20:10
69aac10e1b0c1bff0a817a14,BOX-DEL-02,15.67,59.82,04-01-2025 20:20
69aac10e1b0c1bff0a817a15,BOX-DEL-02,15.48,44.1,04-01-2025 20:30
69aac10e1b0c1bff0a817a16,BOX-DEL-02,15.42,52.39,04-01-2025 20:40
69aac10e1b0c1bff0a817a17,BOX-DEL-02,15.58,54.45,04-01-2025 20:50
69aac10e1b0c1bff0a817a18,BOX-DEL-02,15.46,52.38,04-01-2025 21:00
69aac10e1b0c1bff0a817a19,BOX-DEL-02,15.22,58.93,04-01-2025 21:10
69aac10e1b0c1bff0a817a1a,BOX-DEL-02,15.22,42.49,04-01-2025 21:20
69aac10e1b0c1bff0a817a1b,BOX-DEL-02,15.02,53.34,04-01-2025 21:30
69aac10e1b0c1bff0a817a1c,BOX-DEL-02,15.23,52.55,04-01-2025 21:40
69aac10e1b0c1bff0a817a1d,BOX-DEL-02,15.09,53.29,04-01-2025 21:50
69aac10e1b0c1bff0a817a1e,BOX-DEL-02,15.25,44.32,04-01-2025 22:00
69aac10e1b0c1bff0a817a1f,BOX-DEL-02,15.36,58.67,04-01-2025 22:10
69aac10e1b0c1bff0a817a20,BOX-DEL-02,15.22,56.57,04-01-2025 22:20
69aac10e1b0c1bff0a817a21,BOX-DEL-02,15.2,50.62,04-01-2025 22:30
69aac10e1b0c1bff0a817a22,BOX-DEL-02,15.14,42.18,04-01-2025 22:40
69aac10e1b0c1bff0a817a23,BOX-DEL-02,14.87,54.05,04-01-2025 22:50
69aac10e1b0c1bff0a817a24,BOX-DEL-02,15.09,45.72,04-01-2025 23:00
69aac10e1b0c1bff0a817a25,BOX-DEL-02,15.34,50.95,04-01-2025 23:10
69aac10e1b0c1bff0a817a26,BOX-DEL-02,15.54,47.03,04-01-2025 23:20
69aac10e1b0c1bff0a817a27,BOX-DEL-02,15.76,44.16,04-01-2025 23:30
69aac10e1b0c1bff0a817a28,BOX-DEL-02,15.63,50.93,04-01-2025 23:40
69aac10e1b0c1bff0a817a29,BOX-DEL-02,15.35,53.55,04-01-2025 23:50
69aac10e1b0c1bff0a817a2a,BOX-DEL-02,15.17,40.77,05-01-2025 00:00
69aac10e1b0c1bff0a817a2b,BOX-DEL-02,15.17,53.57,05-01-2025 00:10
69aac10e1b0c1bff0a817a2c,BOX-DEL-02,14.91,58.65,05-01-2025 00:20
69aac10e1b0c1bff0a817a2d,BOX-DEL-02,14.88,52.7,05-01-2025 00:30
69aac10e1b0c1bff0a817a2e,BOX-DEL-02,15.16,41.94,05-01-2025 00:40
69aac10e1b0c1bff0a817a2f,BOX-DEL-02,15.25,50.35,05-01-2025 00:50
69aac10e1b0c1bff0a817a30,BOX-DEL-02,15.1,43.29,05-01-2025 01:00
69aac10e1b0c1bff0a817a31,BOX-DEL-02,14.93,59.37,05-01-2025 01:10
69aac10e1b0c1bff0a817a32,BOX-DEL-02,14.63,58.11,05-01-2025 01:20
69aac10e1b0c1bff0a817a33,BOX-DEL-02,14.88,59.23,05-01-2025 01:30
69aac10e1b0c1bff0a817a34,BOX-DEL-02,14.75,59.56,05-01-2025 01:40
69aac10e1b0c1bff0a817a35,BOX-DEL-02,14.48,50.22,05-01-2025 01:50
69aac10e1b0c1bff0a817a36,BOX-DEL-02,14.6,59.44,05-01-2025 02:00
69aac10e1b0c1bff0a817a37,BOX-DEL-02,14.82,46.65,05-01-2025 02:10
69aac10e1b0c1bff0a817a38,BOX-DEL-02,14.8,49.16,05-01-2025 02:20
69aac10e1b0c1bff0a817a39,BOX-DEL-02,14.87,49.36,05-01-2025 02:30
69aac10e1b0c1bff0a817a3a,BOX-DEL-02,14.79,43.94,05-01-2025 02:40
69aac10e1b0c1bff0a817a3b,BOX-DEL-02,14.51,40.82,05-01-2025 02:50
69aac10e1b0c1bff0a817a3c,BOX-DEL-02,14.35,46.79,05-01-2025 03:00
69aac10e1b0c1bff0a817a3d,BOX-DEL-02,14.29,56.21,05-01-2025 03:10
69aac10e1b0c1bff0a817a3e,BOX-DEL-02,14.54,43.12,05-01-2025 03:20
69aac10e1b0c1bff0a817a3f,BOX-DEL-02,14.33,43.79,05-01-2025 03:30
69aac10e1b0c1bff0a817a40,BOX-DEL-02,14.22,49.82,05-01-2025 03:40
69aac10e1b0c1bff0a817a41,BOX-DEL-02,14.16,47.5,05-01-2025 03:50
69aac10e1b0c1bff0a817a42,BOX-DEL-02,14.44,53.18,05-01-2025 04:00
69aac10e1b0c1bff0a817a43,BOX-DEL-02,14.28,45.53,05-01-2025 04:10
69aac10e1b0c1bff0a817a44,BOX-DEL-02,14.2,56.64,05-01-2025 04:20
69aac10e1b0c1bff0a817a45,BOX-DEL-02,14.18,58.09,05-01-2025 04:30
69aac10e1b0c1bff0a817a46,BOX-DEL-02,14.19,49.91,05-01-2025 04:40
69aac10e1b0c1bff0a817a47,BOX-DEL-02,14.38,51.43,05-01-2025 04:50
69aac10e1b0c1bff0a817a48,BOX-DEL-02,14.43,58.18,05-01-2025 05:00
69aac10e1b0c1bff0a817a49,BOX-DEL-02,14.23,54.35,05-01-2025 05:10
69aac10e1b0c1bff0a817a4a,BOX-DEL-02,14.36,49.56,05-01-2025 05:20
69aac10e1b0c1bff0a817a4b,BOX-DEL-02,14.38,54.16,05-01-2025 05:30
69aac10e1b0c1bff0a817a4c,BOX-DEL-02,14.54,48.22,05-01-2025 05:40
69aac10e1b0c1bff0a817a4d,BOX-DEL-02,14.83,53.95,05-01-2025 05:50
69aac10e1b0c1bff0a817a4e,BOX-DEL-02,14.56,53.77,05-01-2025 06:00
69aac10e1b0c1bff0a817a4f,BOX-DEL-02,14.35,57.62,05-01-2025 06:10
69aac10e1b0c1bff0a817a50,BOX-DEL-02,14.44,59.28,05-01-2025 06:20
69aac10e1b0c1bff0a817a51,BOX-DEL-02,14.53,57.05,05-01-2025 06:30
69aac10e1b0c1bff0a817a52,BOX-DEL-02,14.52,52.19,05-01-2025 06:40
69aac10e1b0c1bff0a817a53,BOX-DEL-02,14.4,58.49,05-01-2025 06:50
69aac10e1b0c1bff0a817a54,BOX-DEL-02,14.5,51.4,05-01-2025 07:00
69aac10e1b0c1bff0a817a55,BOX-DEL-02,14.24,49.72,05-01-2025 07:10
69aac10e1b0c1bff0a817a56,BOX-DEL-02,14.23,50.34,05-01-2025 07:20
69aac10e1b0c1bff0a817a57,BOX-DEL-02,14.13,49.73,05-01-2025 07:30
69aac10e1b0c1bff0a817a58,BOX-DEL-02,13.96,43.33,05-01-2025 07:40
69aac10e1b0c1bff0a817a59,BOX-DEL-02,13.98,54.61,05-01-2025 07:50
69aac10e1b0c1bff0a817a5a,BOX-DEL-02,13.73,50.74,05-01-2025 08:00
69aac10e1b0c1bff0a817a5b,BOX-DEL-02,13.92,41.59,05-01-2025 08:10
69aac10e1b0c1bff0a817a5c,BOX-DEL-02,13.8,52.28,05-01-2025 08:20
69aac10e1b0c1bff0a817a5d,BOX-DEL-02,13.98,43.86,05-01-2025 08:30
69aac10e1b0c1bff0a817a5e,BOX-DEL-02,13.77,47.79,05-01-2025 08:40
69aac10e1b0c1bff0a817a5f,BOX-DEL-02,13.83,40.16,05-01-2025 08:50
69aac10e1b0c1bff0a817a60,BOX-DEL-02,14.13,41.55,05-01-2025 09:00
69aac10e1b0c1bff0a817a61,BOX-DEL-02,14.3,45.56,05-01-2025 09:10
69aac10e1b0c1bff0a817a62,BOX-DEL-02,14.51,49.65,05-01-2025 09:20
69aac10e1b0c1bff0a817a63,BOX-DEL-02,14.67,48.21,05-01-2025 09:30
69aac10e1b0c1bff0a817a64,BOX-DEL-02,14.96,59.22,05-01-2025 09:40
69aac10e1b0c1bff0a817a65,BOX-DEL-02,14.93,54.46,05-01-2025 09:50
69aac10e1b0c1bff0a817a66,BOX-DEL-02,15.02,47.75,05-01-2025 10:00
69aac10e1b0c1bff0a817a67,BOX-DEL-02,15.21,42.29,05-01-2025 10:10
69aac10e1b0c1bff0a817a68,BOX-DEL-02,15.14,43.12,05-01-2025 10:20
69aac10e1b0c1bff0a817a69,BOX-DEL-02,15.15,50.22,05-01-2025 10:30
69aac10e1b0c1bff0a817a6a,BOX-DEL-02,14.92,55.49,05-01-2025 10:40
69aac10e1b0c1bff0a817a6b,BOX-DEL-02,14.67,42.54,05-01-2025 10:50
69aac10e1b0c1bff0a817a6c,BOX-DEL-02,14.65,55.18,05-01-2025 11:00
69aac10e1b0c1bff0a817a6d,BOX-DEL-02,14.69,55.39,05-01-2025 11:10
69aac10e1b0c1bff0a817a6e,BOX-DEL-02,14.59,50.62,05-01-2025 11:20
69aac10e1b0c1bff0a817a6f,BOX-DEL-02,14.41,40.13,05-01-2025 11:30
69aac10e1b0c1bff0a817a70,BOX-DEL-02,14.67,59.47,05-01-2025 11:40
69aac10e1b0c1bff0a817a71,BOX-DEL-02,14.4,44.67,05-01-2025 11:50
69aac10e1b0c1bff0a817a72,BOX-DEL-02,14.47,43.84,05-01-2025 12:00
69aac10e1b0c1bff0a817a73,BOX-DEL-02,14.27,57.51,05-01-2025 12:10
69aac10e1b0c1bff0a817a74,BOX-DEL-02,14.07,43.11,05-01-2025 12:20
69aac10e1b0c1bff0a817a75,BOX-DEL-02,14.01,46.79,05-01-2025 12:30
69aac10e1b0c1bff0a817a76,BOX-DEL-02,13.91,47.37,05-01-2025 12:40
69aac10e1b0c1bff0a817a77,BOX-DEL-02,13.72,48.66,05-01-2025 12:50
69aac10e1b0c1bff0a817a78,BOX-DEL-02,13.9,41.84,05-01-2025 13:00
69aac10e1b0c1bff0a817a79,BOX-DEL-02,13.89,46.76,05-01-2025 13:10
69aac10e1b0c1bff0a817a7a,BOX-DEL-02,13.61,44.39,05-01-2025 13:20
69aac10e1b0c1bff0a817a7b,BOX-DEL-02,13.33,48.92,05-01-2025 13:30
69aac10e1b0c1bff0a817a7c,BOX-DEL-02,13.15,57.49,05-01-2025 13:40
69aac10e1b0c1bff0a817a7d,BOX-DEL-02,13.09,48.43,05-01-2025 13:50
69aac10e1b0c1bff0a817a7e,BOX-DEL-02,13.1,56.73,05-01-2025 14:00
69aac10e1b0c1bff0a817a7f,BOX-DEL-02,13.03,59.55,05-01-2025 14:10
69aac10e1b0c1bff0a817a80,BOX-DEL-02,13.32,42.79,05-01-2025 14:20
69aac10e1b0c1bff0a817a81,BOX-DEL-02,13.51,52.96,05-01-2025 14:30
69aac10e1b0c1bff0a817a82,BOX-DEL-02,13.73,41.93,05-01-2025 14:40
69aac10e1b0c1bff0a817a83,BOX-DEL-02,13.51,42.54,05-01-2025 14:50
69aac10e1b0c1bff0a817a84,BOX-DEL-02,13.22,59.18,05-01-2025 15:00
69aac10e1b0c1bff0a817a85,BOX-DEL-02,13.24,42.37,05-01-2025 15:10
69aac10e1b0c1bff0a817a86,BOX-DEL-02,13.25,48.2,05-01-2025 15:20
69aac10e1b0c1bff0a817a87,BOX-DEL-02,13.49,53.45,05-01-2025 15:30
69aac10e1b0c1bff0a817a88,BOX-DEL-02,13.78,51.04,05-01-2025 15:40
69aac10e1b0c1bff0a817a89,BOX-DEL-02,13.48,51.61,05-01-2025 15:50
69aac10e1b0c1bff0a817a8a,BOX-DEL-02,13.49,44.08,05-01-2025 16:00
69aac10e1b0c1bff0a817a8b,BOX-DEL-02,13.67,40.68,05-01-2025 16:10
69aac10e1b0c1bff0a817a8c,BOX-DEL-02,13.74,59.39,05-01-2025 16:20
69aac10e1b0c1bff0a817a8d,BOX-DEL-02,13.58,56.3,05-01-2025 16:30
69aac10e1b0c1bff0a817a8e,BOX-DEL-02,13.58,45.61,05-01-2025 16:40
69aac10e1b0c1bff0a817a8f,BOX-DEL-02,13.56,44.85,05-01-2025 16:50
69aac10e1b0c1bff0a817a90,BOX-DEL-02,13.31,48.41,05-01-2025 17:00
69aac10e1b0c1bff0a817a91,BOX-DEL-02,13.15,41.38,05-01-2025 17:10
69aac10e1b0c1bff0a817a92,BOX-DEL-02,13.23,41.91,05-01-2025 17:20
69aac10e1b0c1bff0a817a93,BOX-DEL-02,12.98,55.1,05-01-2025 17:30
69aac10e1b0c1bff0a817a94,BOX-DEL-02,12.95,55.72,05-01-2025 17:40
69aac10e1b0c1bff0a817a95,BOX-DEL-02,13.05,44.55,05-01-2025 17:50
69aac10e1b0c1bff0a817a96,BOX-DEL-02,12.88,50.5,05-01-2025 18:00
69aac10e1b0c1bff0a817a97,BOX-DEL-02,12.78,59.89,05-01-2025 18:10
69aac10e1b0c1bff0a817a98,BOX-DEL-02,12.55,57.45,05-01-2025 18:20
69aac10e1b0c1bff0a817a99,BOX-DEL-02,12.43,45.35,05-01-2025 18:30
69aac10e1b0c1bff0a817a9a,BOX-DEL-02,12.21,51.83,05-01-2025 18:40
69aac10e1b0c1bff0a817a9b,BOX-DEL-02,12.02,56.49,05-01-2025 18:50
69aac10e1b0c1bff0a817a9c,BOX-DEL-02,12.29,51.56,05-01-2025 19:00
69aac10e1b0c1bff0a817a9d,BOX-DEL-02,12.05,44.01,05-01-2025 19:10
69aac10e1b0c1bff0a817a9e,BOX-DEL-02,11.82,43.43,05-01-2025 19:20
69aac10e1b0c1bff0a817a9f,BOX-DEL-02,11.58,58.04,05-01-2025 19:30
69aac10e1b0c1bff0a817aa0,BOX-DEL-02,11.49,58.56,05-01-2025 19:40
69aac10e1b0c1bff0a817aa1,BOX-DEL-02,11.63,53.38,05-01-2025 19:50
69aac10e1b0c1bff0a817aa2,BOX-DEL-02,11.75,44.02,05-01-2025 20:00
69aac10e1b0c1bff0a817aa3,BOX-DEL-02,11.56,47.77,05-01-2025 20:10
69aac10e1b0c1bff0a817aa4,BOX-DEL-02,11.78,48.78,05-01-2025 20:20
69aac10e1b0c1bff0a817aa5,BOX-DEL-02,11.57,48.77,05-01-2025 20:30
69aac10e1b0c1bff0a817aa6,BOX-DEL-02,11.3,53.57,05-01-2025 20:40
69aac10e1b0c1bff0a817aa7,BOX-DEL-02,11.39,43.02,05-01-2025 20:50
69aac10e1b0c1bff0a817aa8,BOX-DEL-02,11.6,43.1,05-01-2025 21:00
69aac10e1b0c1bff0a817aa9,BOX-DEL-02,11.78,57.39,05-01-2025 21:10
69aac10e1b0c1bff0a817aaa,BOX-DEL-02,11.78,52.16,05-01-2025 21:20
69aac10e1b0c1bff0a817aab,BOX-DEL-02,12.05,48.51,05-01-2025 21:30
69aac10e1b0c1bff0a817aac,BOX-DEL-02,11.87,45.5,05-01-2025 21:40
69aac10e1b0c1bff0a817aad,BOX-DEL-02,11.61,46.34,05-01-2025 21:50
69aac10e1b0c1bff0a817aae,BOX-DEL-02,11.76,43.34,05-01-2025 22:00
69aac10e1b0c1bff0a817aaf,BOX-DEL-02,11.64,47.75,05-01-2025 22:10
69aac10e1b0c1bff0a817ab0,BOX-DEL-02,11.66,54.7,05-01-2025 22:20
69aac10e1b0c1bff0a817ab1,BOX-DEL-02,11.92,48.95,05-01-2025 22:30
69aac10e1b0c1bff0a817ab2,BOX-DEL-02,12.16,54.15,05-01-2025 22:40
69aac10e1b0c1bff0a817ab3,BOX-DEL-02,12.36,51.56,05-01-2025 22:50
69aac10e1b0c1bff0a817ab4,BOX-DEL-02,12.34,54.13,05-01-2025 23:00
69aac10e1b0c1bff0a817ab5,BOX-DEL-02,12.17,55.35,05-01-2025 23:10
69aac10e1b0c1bff0a817ab6,BOX-DEL-02,12.33,57.04,05-01-2025 23:20
69aac10e1b0c1bff0a817ab7,BOX-DEL-02,12.26,49.01,05-01-2025 23:30
69aac10e1b0c1bff0a817ab8,BOX-DEL-02,12.48,40.98,05-01-2025 23:40
69aac10e1b0c1bff0a817ab9,BOX-DEL-02,12.41,55.4,05-01-2025 23:50
69aac10e1b0c1bff0a817aba,BOX-DEL-02,12.36,44.86,06-01-2025 00:00
69aac10e1b0c1bff0a817abb,BOX-DEL-02,12.12,57.8,06-01-2025 00:10
69aac10e1b0c1bff0a817abc,BOX-DEL-02,11.9,52.72,06-01-2025 00:20
69aac10e1b0c1bff0a817abd,BOX-DEL-02,11.67,40.55,06-01-2025 00:30
69aac10e1b0c1bff0a817abe,BOX-DEL-02,11.91,48.06,06-01-2025 00:40
69aac10e1b0c1bff0a817abf,BOX-DEL-02,12,42.81,06-01-2025 00:50
69aac10e1b0c1bff0a817ac0,BOX-DEL-02,11.85,48.06,06-01-2025 01:00
69aac10e1b0c1bff0a817ac1,BOX-DEL-02,11.79,53.05,06-01-2025 01:10
69aac10e1b0c1bff0a817ac2,BOX-DEL-02,11.9,48.13,06-01-2025 01:20
69aac10e1b0c1bff0a817ac3,BOX-DEL-02,12.01,41.42,06-01-2025 01:30
69aac10e1b0c1bff0a817ac4,BOX-DEL-02,12.01,53.56,06-01-2025 01:40
69aac10e1b0c1bff0a817ac5,BOX-DEL-02,12.06,52.81,06-01-2025 01:50
69aac10e1b0c1bff0a817ac6,BOX-DEL-02,12.15,48.79,06-01-2025 02:00
69aac10e1b0c1bff0a817ac7,BOX-DEL-02,12.25,42.29,06-01-2025 02:10
69aac10e1b0c1bff0a817ac8,BOX-DEL-02,12.47,50.42,06-01-2025 02:20
69aac10e1b0c1bff0a817ac9,BOX-DEL-02,12.72,48.77,06-01-2025 02:30
69aac10e1b0c1bff0a817aca,BOX-DEL-02,12.87,48.01,06-01-2025 02:40
69aac10e1b0c1bff0a817acb,BOX-DEL-02,12.94,56.25,06-01-2025 02:50
69aac10e1b0c1bff0a817acc,BOX-DEL-02,12.73,55.73,06-01-2025 03:00
69aac10e1b0c1bff0a817acd,BOX-DEL-02,12.45,56.45,06-01-2025 03:10
69aac10e1b0c1bff0a817ace,BOX-DEL-02,12.61,59.14,06-01-2025 03:20
69aac10e1b0c1bff0a817acf,BOX-DEL-02,12.56,50.25,06-01-2025 03:30
69aac10e1b0c1bff0a817ad0,BOX-DEL-02,12.8,49.57,06-01-2025 03:40
69aac10e1b0c1bff0a817ad1,BOX-DEL-02,12.58,45.61,06-01-2025 03:50
69aac10e1b0c1bff0a817ad2,BOX-DEL-02,12.33,57.56,06-01-2025 04:00
69aac10e1b0c1bff0a817ad3,BOX-DEL-02,12.32,44,06-01-2025 04:10
69aac10e1b0c1bff0a817ad4,BOX-DEL-02,12.32,51.12,06-01-2025 04:20
69aac10e1b0c1bff0a817ad5,BOX-DEL-02,12.06,51.47,06-01-2025 04:30
69aac10e1b0c1bff0a817ad6,BOX-DEL-02,12.18,55.51,06-01-2025 04:40
69aac10e1b0c1bff0a817ad7,BOX-DEL-02,11.9,49.39,06-01-2025 04:50
69aac10e1b0c1bff0a817ad8,BOX-DEL-02,12.19,50.52,06-01-2025 05:00
69aac10e1b0c1bff0a817ad9,BOX-DEL-02,12.37,46.1,06-01-2025 05:10
69aac10e1b0c1bff0a817ada,BOX-DEL-02,12.38,58,06-01-2025 05:20
69aac10e1b0c1bff0a817adb,BOX-DEL-02,12.28,56.05,06-01-2025 05:30
69aac10e1b0c1bff0a817adc,BOX-DEL-02,12.54,51.09,06-01-2025 05:40
69aac10e1b0c1bff0a817add,BOX-DEL-02,12.64,44.66,06-01-2025 05:50
69aac10e1b0c1bff0a817ade,BOX-DEL-02,12.58,56.15,06-01-2025 06:00
69aac10e1b0c1bff0a817adf,BOX-DEL-02,12.71,55.47,06-01-2025 06:10
69aac10e1b0c1bff0a817ae0,BOX-DEL-02,12.66,48.44,06-01-2025 06:20
69aac10e1b0c1bff0a817ae1,BOX-DEL-02,12.79,43.71,06-01-2025 06:30
69aac10e1b0c1bff0a817ae2,BOX-DEL-02,13,55.67,06-01-2025 06:40
69aac10e1b0c1bff0a817ae3,BOX-DEL-02,12.97,44.05,06-01-2025 06:50
69aac10e1b0c1bff0a817ae4,BOX-DEL-02,12.95,49.21,06-01-2025 07:00
69aac10e1b0c1bff0a817ae5,BOX-DEL-02,12.74,43.83,06-01-2025 07:10
69aac10e1b0c1bff0a817ae6,BOX-DEL-02,12.81,48.64,06-01-2025 07:20
69aac10e1b0c1bff0a817ae7,BOX-DEL-02,12.93,41.91,06-01-2025 07:30
69aac10e1b0c1bff0a817ae8,BOX-DEL-02,12.81,49.04,06-01-2025 07:40
69aac10e1b0c1bff0a817ae9,BOX-DEL-02,12.85,43.29,06-01-2025 07:50
69aac10e1b0c1bff0a817aea,BOX-DEL-02,12.73,50.21,06-01-2025 08:00
69aac10e1b0c1bff0a817aeb,BOX-DEL-02,12.77,57.93,06-01-2025 08:10
69aac10e1b0c1bff0a817aec,BOX-DEL-02,12.62,51.15,06-01-2025 08:20
69aac10e1b0c1bff0a817aed,BOX-DEL-02,12.53,56.64,06-01-2025 08:30
69aac10e1b0c1bff0a817aee,BOX-DEL-02,12.34,42.17,06-01-2025 08:40
69aac10e1b0c1bff0a817aef,BOX-DEL-02,12.19,57.34,06-01-2025 08:50
69aac10e1b0c1bff0a817af0,BOX-DEL-02,12.05,57.9,06-01-2025 09:00
69aac10e1b0c1bff0a817af1,BOX-DEL-02,12.17,46.32,06-01-2025 09:10
69aac10e1b0c1bff0a817af2,BOX-DEL-02,12.33,52.54,06-01-2025 09:20
69aac10e1b0c1bff0a817af3,BOX-DEL-02,12.37,49.09,06-01-2025 09:30
69aac10e1b0c1bff0a817af4,BOX-DEL-02,12.6,56.1,06-01-2025 09:40
69aac10e1b0c1bff0a817af5,BOX-DEL-02,12.45,42.06,06-01-2025 09:50
69aac10e1b0c1bff0a817af6,BOX-DEL-02,12.23,45.31,06-01-2025 10:00
69aac10e1b0c1bff0a817af7,BOX-DEL-02,12.09,40.3,06-01-2025 10:10
69aac10e1b0c1bff0a817af8,BOX-DEL-02,12.16,46.75,06-01-2025 10:20
69aac10e1b0c1bff0a817af9,BOX-DEL-02,12.04,49.73,06-01-2025 10:30
69aac10e1b0c1bff0a817afa,BOX-DEL-02,12.2,47.13,06-01-2025 10:40
69aac10e1b0c1bff0a817afb,BOX-DEL-02,12.25,44.44,06-01-2025 10:50
69aac10e1b0c1bff0a817afc,BOX-DEL-02,12.02,41.06,06-01-2025 11:00
69aac10e1b0c1bff0a817afd,BOX-DEL-02,12.31,46.61,06-01-2025 11:10
69aac10e1b0c1bff0a817afe,BOX-DEL-02,12.52,55.04,06-01-2025 11:20
69aac10e1b0c1bff0a817aff,BOX-DEL-02,12.51,52.7,06-01-2025 11:30
69aac10e1b0c1bff0a817b00,BOX-DEL-02,12.66,59.73,06-01-2025 11:40
69aac10e1b0c1bff0a817b01,BOX-DEL-02,12.57,48.13,06-01-2025 11:50
69aac10e1b0c1bff0a817b02,BOX-DEL-02,12.85,43.18,06-01-2025 12:00
69aac10e1b0c1bff0a817b03,BOX-DEL-02,12.66,51.51,06-01-2025 12:10
69aac10e1b0c1bff0a817b04,BOX-DEL-02,12.6,46.12,06-01-2025 12:20
69aac10e1b0c1bff0a817b05,BOX-DEL-02,12.33,49.48,06-01-2025 12:30
69aac10e1b0c1bff0a817b06,BOX-DEL-02,12.61,49.71,06-01-2025 12:40
69aac10e1b0c1bff0a817b07,BOX-DEL-02,12.52,47.53,06-01-2025 12:50
69aac10e1b0c1bff0a817b08,BOX-DEL-02,12.23,41.76,06-01-2025 13:00
69aac10e1b0c1bff0a817b09,BOX-DEL-02,12.22,42.04,06-01-2025 13:10
69aac10e1b0c1bff0a817b0a,BOX-DEL-02,12.26,49.49,06-01-2025 13:20
69aac10e1b0c1bff0a817b0b,BOX-DEL-02,12.19,55.12,06-01-2025 13:30
69aac10e1b0c1bff0a817b0c,BOX-DEL-02,12.01,56.12,06-01-2025 13:40
69aac10e1b0c1bff0a817b0d,BOX-DEL-02,12.27,56.03,06-01-2025 13:50
69aac10e1b0c1bff0a817b0e,BOX-DEL-02,12.02,40.27,06-01-2025 14:00
69aac10e1b0c1bff0a817b0f,BOX-DEL-02,12.1,45.44,06-01-2025 14:10
69aac10e1b0c1bff0a817b10,BOX-DEL-02,11.89,49.36,06-01-2025 14:20
69aac10e1b0c1bff0a817b11,BOX-DEL-02,12.1,53.27,06-01-2025 14:30
69aac10e1b0c1bff0a817b12,BOX-DEL-02,12.38,40.32,06-01-2025 14:40
69aac10e1b0c1bff0a817b13,BOX-DEL-02,12.12,59.34,06-01-2025 14:50
69aac10e1b0c1bff0a817b14,BOX-DEL-02,12.22,59.3,06-01-2025 15:00
69aac10e1b0c1bff0a817b15,BOX-DEL-02,12.15,58.86,06-01-2025 15:10
69aac10e1b0c1bff0a817b16,BOX-DEL-02,11.98,40.5,06-01-2025 15:20
69aac10e1b0c1bff0a817b17,BOX-DEL-02,11.82,45.9,06-01-2025 15:30
69aac10e1b0c1bff0a817b18,BOX-DEL-02,11.88,51.62,06-01-2025 15:40
69aac10e1b0c1bff0a817b19,BOX-DEL-02,11.78,55.23,06-01-2025 15:50
69aac10e1b0c1bff0a817b1a,BOX-DEL-02,11.8,59.59,06-01-2025 16:00
69aac10e1b0c1bff0a817b1b,BOX-DEL-02,11.63,42.92,06-01-2025 16:10
69aac10e1b0c1bff0a817b1c,BOX-DEL-02,11.86,40.82,06-01-2025 16:20
69aac10e1b0c1bff0a817b1d,BOX-DEL-02,11.79,51.02,06-01-2025 16:30
69aac10e1b0c1bff0a817b1e,BOX-DEL-02,11.59,45.87,06-01-2025 16:40
69aac10e1b0c1bff0a817b1f,BOX-DEL-02,11.69,43.32,06-01-2025 16:50
69aac10e1b0c1bff0a817b20,BOX-DEL-02,11.57,56.2,06-01-2025 17:00
69aac10e1b0c1bff0a817b21,BOX-DEL-02,11.32,52.99,06-01-2025 17:10
69aac10e1b0c1bff0a817b22,BOX-DEL-02,11.52,42.58,06-01-2025 17:20
69aac10e1b0c1bff0a817b23,BOX-DEL-02,11.64,44.33,06-01-2025 17:30
69aac10e1b0c1bff0a817b24,BOX-DEL-02,11.57,46.26,06-01-2025 17:40
69aac10e1b0c1bff0a817b25,BOX-DEL-02,11.6,50.84,06-01-2025 17:50
69aac10e1b0c1bff0a817b26,BOX-DEL-02,11.54,42.36,06-01-2025 18:00
69aac10e1b0c1bff0a817b27,BOX-DEL-02,11.56,54.36,06-01-2025 18:10
69aac10e1b0c1bff0a817b28,BOX-DEL-02,11.27,43.73,06-01-2025 18:20
69aac10e1b0c1bff0a817b29,BOX-DEL-02,11.45,46.95,06-01-2025 18:30
69aac10e1b0c1bff0a817b2a,BOX-DEL-02,11.3,48.58,06-01-2025 18:40
69aac10e1b0c1bff0a817b2b,BOX-DEL-02,11.04,57.54,06-01-2025 18:50
69aac10e1b0c1bff0a817b2c,BOX-DEL-02,11.3,45.69,06-01-2025 19:00
69aac10e1b0c1bff0a817b2d,BOX-DEL-02,11.35,58.65,06-01-2025 19:10
69aac10e1b0c1bff0a817b2e,BOX-DEL-02,11.45,41.11,06-01-2025 19:20
69aac10e1b0c1bff0a817b2f,BOX-DEL-02,11.37,41.71,06-01-2025 19:30
69aac10e1b0c1bff0a817b30,BOX-DEL-02,11.37,45.09,06-01-2025 19:40
69aac10e1b0c1bff0a817b31,BOX-DEL-02,11.64,44.21,06-01-2025 19:50
69aac10e1b0c1bff0a817b32,BOX-DEL-02,11.85,40.78,06-01-2025 20:00
69aac10e1b0c1bff0a817b33,BOX-DEL-02,11.88,50.4,06-01-2025 20:10
69aac10e1b0c1bff0a817b34,BOX-DEL-02,12.01,47.55,06-01-2025 20:20
69aac10e1b0c1bff0a817b35,BOX-DEL-02,12.08,55.61,06-01-2025 20:30
69aac10e1b0c1bff0a817b36,BOX-DEL-02,12.11,51.01,06-01-2025 20:40
69aac10e1b0c1bff0a817b37,BOX-DEL-02,11.92,54.87,06-01-2025 20:50
69aac10e1b0c1bff0a817b38,BOX-DEL-02,11.67,58.46,06-01-2025 21:00
69aac10e1b0c1bff0a817b39,BOX-DEL-02,11.94,44.9,06-01-2025 21:10
69aac10e1b0c1bff0a817b3a,BOX-DEL-02,11.79,57.6,06-01-2025 21:20
69aac10e1b0c1bff0a817b3b,BOX-DEL-02,11.96,47.41,06-01-2025 21:30
69aac10e1b0c1bff0a817b3c,BOX-DEL-02,11.71,55.58,06-01-2025 21:40
69aac10e1b0c1bff0a817b3d,BOX-DEL-02,11.47,56.97,06-01-2025 21:50
69aac10e1b0c1bff0a817b3e,BOX-DEL-02,11.21,41.54,06-01-2025 22:00
69aac10e1b0c1bff0a817b3f,BOX-DEL-02,11.48,48.9,06-01-2025 22:10
69aac10e1b0c1bff0a817b40,BOX-DEL-02,11.59,44.13,06-01-2025 22:20
69aac10e1b0c1bff0a817b41,BOX-DEL-02,11.42,58.17,06-01-2025 22:30
69aac10e1b0c1bff0a817b42,BOX-DEL-02,11.14,45.38,06-01-2025 22:40
69aac10e1b0c1bff0a817b43,BOX-DEL-02,11.17,50.33,06-01-2025 22:50
69aac10e1b0c1bff0a817b44,BOX-DEL-02,11.06,50.21,06-01-2025 23:00
69aac10e1b0c1bff0a817b45,BOX-DEL-02,11.06,42.27,06-01-2025 23:10
69aac10e1b0c1bff0a817b46,BOX-DEL-02,10.84,54.59,06-01-2025 23:20
69aac10e1b0c1bff0a817b47,BOX-DEL-02,10.92,41.45,06-01-2025 23:30
69aac10e1b0c1bff0a817b48,BOX-DEL-02,10.96,51.48,06-01-2025 23:40
69aac10e1b0c1bff0a817b49,BOX-DEL-02,11.12,49.42,06-01-2025 23:50
69aac10e1b0c1bff0a817b4a,BOX-DEL-02,10.88,48.45,07-01-2025 00:00
69aac10e1b0c1bff0a817b4b,BOX-DEL-02,10.7,40.26,07-01-2025 00:10
69aac10e1b0c1bff0a817b4c,BOX-DEL-02,10.91,40.14,07-01-2025 00:20
69aac10e1b0c1bff0a817b4d,BOX-DEL-02,11.11,55.27,07-01-2025 00:30
69aac10e1b0c1bff0a817b4e,BOX-DEL-02,11.17,46.15,07-01-2025 00:40
69aac10e1b0c1bff0a817b4f,BOX-DEL-02,10.98,52.01,07-01-2025 00:50
69aac10e1b0c1bff0a817b50,BOX-DEL-02,10.69,41.3,07-01-2025 01:00
69aac10e1b0c1bff0a817b51,BOX-DEL-02,10.94,48.44,07-01-2025 01:10
69aac10e1b0c1bff0a817b52,BOX-DEL-02,11.17,58.87,07-01-2025 01:20
69aac10e1b0c1bff0a817b53,BOX-DEL-02,11.35,44.56,07-01-2025 01:30
69aac10e1b0c1bff0a817b54,BOX-DEL-02,11.23,55.77,07-01-2025 01:40
69aac10e1b0c1bff0a817b55,BOX-DEL-02,10.98,46.96,07-01-2025 01:50
69aac10e1b0c1bff0a817b56,BOX-DEL-02,11.08,51.12,07-01-2025 02:00
69aac10e1b0c1bff0a817b57,BOX-DEL-02,11.36,48.04,07-01-2025 02:10
69aac10e1b0c1bff0a817b58,BOX-DEL-02,11.27,57.25,07-01-2025 02:20
69aac10e1b0c1bff0a817b59,BOX-DEL-02,11.17,45.08,07-01-2025 02:30
69aac10e1b0c1bff0a817b5a,BOX-DEL-02,11.41,42.68,07-01-2025 02:40
69aac10e1b0c1bff0a817b5b,BOX-DEL-02,11.36,52.43,07-01-2025 02:50
69aac10e1b0c1bff0a817b5c,BOX-DEL-02,11.27,58.17,07-01-2025 03:00
69aac10e1b0c1bff0a817b5d,BOX-DEL-02,11.47,50.39,07-01-2025 03:10
69aac10e1b0c1bff0a817b5e,BOX-DEL-02,11.58,58.65,07-01-2025 03:20
69aac10e1b0c1bff0a817b5f,BOX-DEL-02,11.58,46.82,07-01-2025 03:30
69aac10e1b0c1bff0a817b60,BOX-DEL-02,11.79,40.02,07-01-2025 03:40
69aac10e1b0c1bff0a817b61,BOX-DEL-02,11.97,41.04,07-01-2025 03:50
69aac10e1b0c1bff0a817b62,BOX-DEL-02,12.08,52.8,07-01-2025 04:00
69aac10e1b0c1bff0a817b63,BOX-DEL-02,12.11,57.1,07-01-2025 04:10
69aac10e1b0c1bff0a817b64,BOX-DEL-02,12.13,56.7,07-01-2025 04:20
69aac10e1b0c1bff0a817b65,BOX-DEL-02,12.16,52.23,07-01-2025 04:30
69aac10e1b0c1bff0a817b66,BOX-DEL-02,12.42,55.22,07-01-2025 04:40
69aac10e1b0c1bff0a817b67,BOX-DEL-02,12.39,43.94,07-01-2025 04:50
69aac10e1b0c1bff0a817b68,BOX-DEL-02,12.15,56.13,07-01-2025 05:00
69aac10e1b0c1bff0a817b69,BOX-DEL-02,12.45,58.93,07-01-2025 05:10
69aac10e1b0c1bff0a817b6a,BOX-DEL-02,12.31,52.08,07-01-2025 05:20
69aac10e1b0c1bff0a817b6b,BOX-DEL-02,12.35,58.73,07-01-2025 05:30
69aac10e1b0c1bff0a817b6c,BOX-DEL-02,12.28,51.97,07-01-2025 05:40
69aac10e1b0c1bff0a817b6d,BOX-DEL-02,11.99,58.65,07-01-2025 05:50
69aac10e1b0c1bff0a817b6e,BOX-DEL-02,12.05,49.79,07-01-2025 06:00
69aac10e1b0c1bff0a817b6f,BOX-DEL-02,12.09,45.76,07-01-2025 06:10
69aac10e1b0c1bff0a817b70,BOX-DEL-02,11.83,59.69,07-01-2025 06:20
69aac10e1b0c1bff0a817b71,BOX-DEL-02,11.86,53.44,07-01-2025 06:30
69aac10e1b0c1bff0a817b72,BOX-DEL-02,11.93,51.39,07-01-2025 06:40
69aac10e1b0c1bff0a817b73,BOX-DEL-02,11.86,40.93,07-01-2025 06:50
69aac10e1b0c1bff0a817b74,BOX-DEL-02,11.84,41.6,07-01-2025 07:00
69aac10e1b0c1bff0a817b75,BOX-DEL-02,12.06,57.06,07-01-2025 07:10
69aac10e1b0c1bff0a817b76,BOX-DEL-02,11.95,42.12,07-01-2025 07:20
69aac10e1b0c1bff0a817b77,BOX-DEL-02,11.7,42.17,07-01-2025 07:30
69aac10e1b0c1bff0a817b78,BOX-DEL-02,11.99,58.04,07-01-2025 07:40
69aac10e1b0c1bff0a817b79,BOX-DEL-02,11.86,40.59,07-01-2025 07:50
69aac10e1b0c1bff0a817b7a,BOX-DEL-02,12.1,54.59,07-01-2025 08:00
69aac10e1b0c1bff0a817b7b,BOX-DEL-02,12.32,53.62,07-01-2025 08:10
69aac10e1b0c1bff0a817b7c,BOX-DEL-02,12.26,55.34,07-01-2025 08:20
69aac10e1b0c1bff0a817b7d,BOX-DEL-02,12.29,56.01,07-01-2025 08:30
69aac10e1b0c1bff0a817b7e,BOX-DEL-02,12.39,59.68,07-01-2025 08:40
69aac10e1b0c1bff0a817b7f,BOX-DEL-02,12.21,47.16,07-01-2025 08:50
69aac10e1b0c1bff0a817b80,BOX-DEL-02,12.18,58.26,07-01-2025 09:00
69aac10e1b0c1bff0a817b81,BOX-DEL-02,12.05,58.29,07-01-2025 09:10
69aac10e1b0c1bff0a817b82,BOX-DEL-02,12.26,40.88,07-01-2025 09:20
69aac10e1b0c1bff0a817b83,BOX-DEL-02,12.33,48.81,07-01-2025 09:30
69aac10e1b0c1bff0a817b84,BOX-DEL-02,12.2,55.79,07-01-2025 09:40
69aac10e1b0c1bff0a817b85,BOX-DEL-02,12.16,52.97,07-01-2025 09:50
69aac10e1b0c1bff0a817b86,BOX-DEL-02,11.9,48.38,07-01-2025 10:00
69aac10e1b0c1bff0a817b87,BOX-DEL-02,12,49.15,07-01-2025 10:10
69aac10e1b0c1bff0a817b88,BOX-DEL-02,11.73,44.63,07-01-2025 10:20
69aac10e1b0c1bff0a817b89,BOX-DEL-02,11.86,53.96,07-01-2025 10:30
69aac10e1b0c1bff0a817b8a,BOX-DEL-02,11.77,45.4,07-01-2025 10:40
69aac10e1b0c1bff0a817b8b,BOX-DEL-02,12.03,43.14,07-01-2025 10:50
69aac10e1b0c1bff0a817b8c,BOX-DEL-02,12.22,51.83,07-01-2025 11:00
69aac10e1b0c1bff0a817b8d,BOX-DEL-02,12,52.43,07-01-2025 11:10
69aac10e1b0c1bff0a817b8e,BOX-DEL-02,12.15,44.11,07-01-2025 11:20
69aac10e1b0c1bff0a817b8f,BOX-DEL-02,12.41,43.7,07-01-2025 11:30
69aac10e1b0c1bff0a817b90,BOX-DEL-02,12.23,43.79,07-01-2025 11:40
69aac10e1b0c1bff0a817b91,BOX-DEL-02,12.33,46.09,07-01-2025 11:50
69aac10e1b0c1bff0a817b92,BOX-DEL-02,12.28,51.45,07-01-2025 12:00
69aac10e1b0c1bff0a817b93,BOX-DEL-02,12.06,40.11,07-01-2025 12:10
69aac10e1b0c1bff0a817b94,BOX-DEL-02,12.22,42.16,07-01-2025 12:20
69aac10e1b0c1bff0a817b95,BOX-DEL-02,12.06,57.44,07-01-2025 12:30
69aac10e1b0c1bff0a817b96,BOX-DEL-02,11.84,47.32,07-01-2025 12:40
69aac10e1b0c1bff0a817b97,BOX-DEL-02,11.98,40.59,07-01-2025 12:50
69aac10e1b0c1bff0a817b98,BOX-DEL-02,12.15,59.59,07-01-2025 13:00
69aac10e1b0c1bff0a817b99,BOX-DEL-02,12.14,47.97,07-01-2025 13:10
69aac10e1b0c1bff0a817b9a,BOX-DEL-02,12.12,49.9,07-01-2025 13:20
69aac10e1b0c1bff0a817b9b,BOX-DEL-02,12.35,53.77,07-01-2025 13:30
69aac10e1b0c1bff0a817b9c,BOX-DEL-02,12.46,51.55,07-01-2025 13:40
69aac10e1b0c1bff0a817b9d,BOX-DEL-02,12.35,41.84,07-01-2025 13:50
69aac10e1b0c1bff0a817b9e,BOX-DEL-02,12.18,49.65,07-01-2025 14:00
69aac10e1b0c1bff0a817b9f,BOX-DEL-02,12.34,47.21,07-01-2025 14:10
69aac10e1b0c1bff0a817ba0,BOX-DEL-02,12.18,45.8,07-01-2025 14:20
69aac10e1b0c1bff0a817ba1,BOX-DEL-02,12.22,44.77,07-01-2025 14:30
69aac10e1b0c1bff0a817ba2,BOX-DEL-02,12.49,40.54,07-01-2025 14:40
69aac10e1b0c1bff0a817ba3,BOX-DEL-02,12.69,55.79,07-01-2025 14:50
69aac10e1b0c1bff0a817ba4,BOX-DEL-02,12.78,40.98,07-01-2025 15:00
69aac10e1b0c1bff0a817ba5,BOX-DEL-02,12.96,40.42,07-01-2025 15:10
69aac10e1b0c1bff0a817ba6,BOX-DEL-02,13.1,47.15,07-01-2025 15:20
69aac10e1b0c1bff0a817ba7,BOX-DEL-02,13.18,53.27,07-01-2025 15:30
69aac10e1b0c1bff0a817ba8,BOX-DEL-02,13.23,45.17,07-01-2025 15:40
69aac10e1b0c1bff0a817ba9,BOX-DEL-02,13.23,44.91,07-01-2025 15:50
69aac10e1b0c1bff0a817baa,BOX-DEL-02,13.45,46.25,07-01-2025 16:00
69aac10e1b0c1bff0a817bab,BOX-DEL-02,13.35,57.14,07-01-2025 16:10
69aac10e1b0c1bff0a817bac,BOX-DEL-02,13.27,41.44,07-01-2025 16:20
69aac10e1b0c1bff0a817bad,BOX-DEL-02,13.53,58.15,07-01-2025 16:30
69aac10e1b0c1bff0a817bae,BOX-DEL-02,13.35,48.89,07-01-2025 16:40
69aac10e1b0c1bff0a817baf,BOX-DEL-02,13.39,56.5,07-01-2025 16:50
69aac10e1b0c1bff0a817bb0,BOX-DEL-02,13.51,40.18,07-01-2025 17:00
69aac10e1b0c1bff0a817bb1,BOX-DEL-02,13.38,47.65,07-01-2025 17:10
69aac10e1b0c1bff0a817bb2,BOX-DEL-02,13.33,40.58,07-01-2025 17:20
69aac10e1b0c1bff0a817bb3,BOX-DEL-02,13.07,43.29,07-01-2025 17:30
69aac10e1b0c1bff0a817bb4,BOX-DEL-02,13.15,52.54,07-01-2025 17:40
69aac10e1b0c1bff0a817bb5,BOX-DEL-02,13.16,52.57,07-01-2025 17:50
69aac10e1b0c1bff0a817bb6,BOX-DEL-02,13.16,52.67,07-01-2025 18:00
69aac10e1b0c1bff0a817bb7,BOX-DEL-02,13.45,40.47,07-01-2025 18:10
69aac10e1b0c1bff0a817bb8,BOX-DEL-02,13.43,40.55,07-01-2025 18:20
69aac10e1b0c1bff0a817bb9,BOX-DEL-02,13.16,58.3,07-01-2025 18:30
69aac10e1b0c1bff0a817bba,BOX-DEL-02,13.19,40.93,07-01-2025 18:40
69aac10e1b0c1bff0a817bbb,BOX-DEL-02,13.09,44.09,07-01-2025 18:50
69aac10e1b0c1bff0a817bbc,BOX-DEL-02,13.32,41.89,07-01-2025 19:00
69aac10e1b0c1bff0a817bbd,BOX-DEL-02,13.26,47.91,07-01-2025 19:10
69aac10e1b0c1bff0a817bbe,BOX-DEL-02,13.29,48.29,07-01-2025 19:20
69aac10e1b0c1bff0a817bbf,BOX-DEL-02,13.46,58.02,07-01-2025 19:30
69aac10e1b0c1bff0a817bc0,BOX-DEL-02,13.17,49.3,07-01-2025 19:40
69aac10e1b0c1bff0a817bc1,BOX-DEL-02,13,45.37,07-01-2025 19:50
69aac10e1b0c1bff0a817bc2,BOX-DEL-02,13.27,42.82,07-01-2025 20:00
69aac10e1b0c1bff0a817bc3,BOX-DEL-02,13.24,54.39,07-01-2025 20:10
69aac10e1b0c1bff0a817bc4,BOX-DEL-02,13.32,54.18,07-01-2025 20:20
69aac10e1b0c1bff0a817bc5,BOX-DEL-02,13.5,42.62,07-01-2025 20:30
69aac10e1b0c1bff0a817bc6,BOX-DEL-02,13.6,41.53,07-01-2025 20:40
69aac10e1b0c1bff0a817bc7,BOX-DEL-02,13.73,55.47,07-01-2025 20:50
69aac10e1b0c1bff0a817bc8,BOX-DEL-02,13.55,58.39,07-01-2025 21:00
69aac10e1b0c1bff0a817bc9,BOX-DEL-02,13.33,50,07-01-2025 21:10
69aac10e1b0c1bff0a817bca,BOX-DEL-02,13.58,42.62,07-01-2025 21:20
69aac10e1b0c1bff0a817bcb,BOX-DEL-02,13.54,58.28,07-01-2025 21:30
69aac10e1b0c1bff0a817bcc,BOX-DEL-02,13.24,41.71,07-01-2025 21:40
69aac10e1b0c1bff0a817bcd,BOX-DEL-02,13.25,42.2,07-01-2025 21:50
69aac10e1b0c1bff0a817bce,BOX-DEL-02,13.38,56.04,07-01-2025 22:00
69aac10e1b0c1bff0a817bcf,BOX-DEL-02,13.1,46.07,07-01-2025 22:10
69aac10e1b0c1bff0a817bd0,BOX-DEL-02,13.29,43.98,07-01-2025 22:20
69aac10e1b0c1bff0a817bd1,BOX-DEL-02,13.26,54.97,07-01-2025 22:30
69aac10e1b0c1bff0a817bd2,BOX-MUM-03,5.09,42.84,01-01-2025 00:00
69aac10e1b0c1bff0a817bd3,BOX-MUM-03,4.9,53.3,01-01-2025 00:10
69aac10e1b0c1bff0a817bd4,BOX-MUM-03,4.83,50.42,01-01-2025 00:20
69aac10e1b0c1bff0a817bd5,BOX-MUM-03,4.7,52.83,01-01-2025 00:30
69aac10e1b0c1bff0a817bd6,BOX-MUM-03,4.74,57.82,01-01-2025 00:40
69aac10e1b0c1bff0a817bd7,BOX-MUM-03,4.59,57.89,01-01-2025 00:50
69aac10e1b0c1bff0a817bd8,BOX-MUM-03,4.39,52.15,01-01-2025 01:00
69aac10e1b0c1bff0a817bd9,BOX-MUM-03,4.66,56.68,01-01-2025 01:10
69aac10e1b0c1bff0a817bda,BOX-MUM-03,4.82,43.81,01-01-2025 01:20
69aac10e1b0c1bff0a817bdb,BOX-MUM-03,4.53,41.84,01-01-2025 01:30
69aac10e1b0c1bff0a817bdc,BOX-MUM-03,4.69,57.88,01-01-2025 01:40
69aac10e1b0c1bff0a817bdd,BOX-MUM-03,4.42,41.79,01-01-2025 01:50
69aac10e1b0c1bff0a817bde,BOX-MUM-03,4.5,57.17,01-01-2025 02:00
69aac10e1b0c1bff0a817bdf,BOX-MUM-03,4.52,49.3,01-01-2025 02:10
69aac10e1b0c1bff0a817be0,BOX-MUM-03,4.64,55.77,01-01-2025 02:20
69aac10e1b0c1bff0a817be1,BOX-MUM-03,4.51,53.62,01-01-2025 02:30
69aac10e1b0c1bff0a817be2,BOX-MUM-03,4.64,51.51,01-01-2025 02:40
69aac10e1b0c1bff0a817be3,BOX-MUM-03,4.81,48.79,01-01-2025 02:50
69aac10e1b0c1bff0a817be4,BOX-MUM-03,4.63,57.95,01-01-2025 03:00
69aac10e1b0c1bff0a817be5,BOX-MUM-03,4.78,52.18,01-01-2025 03:10
69aac10e1b0c1bff0a817be6,BOX-MUM-03,4.72,55.54,01-01-2025 03:20
69aac10e1b0c1bff0a817be7,BOX-MUM-03,4.58,56.39,01-01-2025 03:30
69aac10e1b0c1bff0a817be8,BOX-MUM-03,4.43,49.59,01-01-2025 03:40
69aac10e1b0c1bff0a817be9,BOX-MUM-03,4.24,48.48,01-01-2025 03:50
69aac10e1b0c1bff0a817bea,BOX-MUM-03,4.34,54.96,01-01-2025 04:00
69aac10e1b0c1bff0a817beb,BOX-MUM-03,4.3,51.95,01-01-2025 04:10
69aac10e1b0c1bff0a817bec,BOX-MUM-03,4.15,50.78,01-01-2025 04:20
69aac10e1b0c1bff0a817bed,BOX-MUM-03,4.41,40.84,01-01-2025 04:30
69aac10e1b0c1bff0a817bee,BOX-MUM-03,4.56,41.86,01-01-2025 04:40
69aac10e1b0c1bff0a817bef,BOX-MUM-03,4.57,58.34,01-01-2025 04:50
69aac10e1b0c1bff0a817bf0,BOX-MUM-03,4.67,41.2,01-01-2025 05:00
69aac10e1b0c1bff0a817bf1,BOX-MUM-03,4.87,42.84,01-01-2025 05:10
69aac10e1b0c1bff0a817bf2,BOX-MUM-03,5.07,57,01-01-2025 05:20
69aac10e1b0c1bff0a817bf3,BOX-MUM-03,5.07,41.68,01-01-2025 05:30
69aac10e1b0c1bff0a817bf4,BOX-MUM-03,5.14,50.61,01-01-2025 05:40
69aac10e1b0c1bff0a817bf5,BOX-MUM-03,4.97,55.62,01-01-2025 05:50
69aac10e1b0c1bff0a817bf6,BOX-MUM-03,5.08,49.24,01-01-2025 06:00
69aac10e1b0c1bff0a817bf7,BOX-MUM-03,5.05,57.92,01-01-2025 06:10
69aac10e1b0c1bff0a817bf8,BOX-MUM-03,5.14,41.91,01-01-2025 06:20
69aac10e1b0c1bff0a817bf9,BOX-MUM-03,5.44,54.71,01-01-2025 06:30
69aac10e1b0c1bff0a817bfa,BOX-MUM-03,5.31,46.09,01-01-2025 06:40
69aac10e1b0c1bff0a817bfb,BOX-MUM-03,5.39,41,01-01-2025 06:50
69aac10e1b0c1bff0a817bfc,BOX-MUM-03,5.64,44.39,01-01-2025 07:00
69aac10e1b0c1bff0a817bfd,BOX-MUM-03,5.51,50.57,01-01-2025 07:10
69aac10e1b0c1bff0a817bfe,BOX-MUM-03,5.56,44.04,01-01-2025 07:20
69aac10e1b0c1bff0a817bff,BOX-MUM-03,5.3,47.68,01-01-2025 07:30
69aac10e1b0c1bff0a817c00,BOX-MUM-03,5.21,51.84,01-01-2025 07:40
69aac10e1b0c1bff0a817c01,BOX-MUM-03,5.44,40.76,01-01-2025 07:50
69aac10e1b0c1bff0a817c02,BOX-MUM-03,5.51,48.39,01-01-2025 08:00
69aac10e1b0c1bff0a817c03,BOX-MUM-03,5.58,57.39,01-01-2025 08:10
69aac10e1b0c1bff0a817c04,BOX-MUM-03,5.67,49.41,01-01-2025 08:20
69aac10e1b0c1bff0a817c05,BOX-MUM-03,5.56,56.79,01-01-2025 08:30
69aac10e1b0c1bff0a817c06,BOX-MUM-03,5.67,46.99,01-01-2025 08:40
69aac10e1b0c1bff0a817c07,BOX-MUM-03,5.87,50.43,01-01-2025 08:50
69aac10e1b0c1bff0a817c08,BOX-MUM-03,5.83,42.02,01-01-2025 09:00
69aac10e1b0c1bff0a817c09,BOX-MUM-03,5.91,41.72,01-01-2025 09:10
69aac10e1b0c1bff0a817c0a,BOX-MUM-03,5.7,51.12,01-01-2025 09:20
69aac10e1b0c1bff0a817c0b,BOX-MUM-03,5.48,40.35,01-01-2025 09:30
69aac10e1b0c1bff0a817c0c,BOX-MUM-03,5.29,56.59,01-01-2025 09:40
69aac10e1b0c1bff0a817c0d,BOX-MUM-03,5.37,45.01,01-01-2025 09:50
69aac10e1b0c1bff0a817c0e,BOX-MUM-03,5.26,49.84,01-01-2025 10:00
69aac10e1b0c1bff0a817c0f,BOX-MUM-03,5.3,46.35,01-01-2025 10:10
69aac10e1b0c1bff0a817c10,BOX-MUM-03,5.57,57.02,01-01-2025 10:20
69aac10e1b0c1bff0a817c11,BOX-MUM-03,5.46,51,01-01-2025 10:30
69aac10e1b0c1bff0a817c12,BOX-MUM-03,5.46,42.48,01-01-2025 10:40
69aac10e1b0c1bff0a817c13,BOX-MUM-03,5.47,40.16,01-01-2025 10:50
69aac10e1b0c1bff0a817c14,BOX-MUM-03,5.52,46.54,01-01-2025 11:00
69aac10e1b0c1bff0a817c15,BOX-MUM-03,5.58,49.27,01-01-2025 11:10
69aac10e1b0c1bff0a817c16,BOX-MUM-03,5.59,56.64,01-01-2025 11:20
69aac10e1b0c1bff0a817c17,BOX-MUM-03,5.71,49.52,01-01-2025 11:30
69aac10e1b0c1bff0a817c18,BOX-MUM-03,5.78,45.59,01-01-2025 11:40
69aac10e1b0c1bff0a817c19,BOX-MUM-03,5.8,45.38,01-01-2025 11:50
69aac10e1b0c1bff0a817c1a,BOX-MUM-03,5.83,52.93,01-01-2025 12:00
69aac10e1b0c1bff0a817c1b,BOX-MUM-03,5.54,44.32,01-01-2025 12:10
69aac10e1b0c1bff0a817c1c,BOX-MUM-03,5.53,45.78,01-01-2025 12:20
69aac10e1b0c1bff0a817c1d,BOX-MUM-03,5.57,41.18,01-01-2025 12:30
69aac10e1b0c1bff0a817c1e,BOX-MUM-03,5.31,40.39,01-01-2025 12:40
69aac10e1b0c1bff0a817c1f,BOX-MUM-03,5.01,43.77,01-01-2025 12:50
69aac10e1b0c1bff0a817c20,BOX-MUM-03,4.74,52.68,01-01-2025 13:00
69aac10e1b0c1bff0a817c21,BOX-MUM-03,4.58,58.08,01-01-2025 13:10
69aac10e1b0c1bff0a817c22,BOX-MUM-03,4.82,42.77,01-01-2025 13:20
69aac10e1b0c1bff0a817c23,BOX-MUM-03,4.84,53.91,01-01-2025 13:30
69aac10e1b0c1bff0a817c24,BOX-MUM-03,4.9,58.35,01-01-2025 13:40
69aac10e1b0c1bff0a817c25,BOX-MUM-03,4.82,50.86,01-01-2025 13:50
69aac10e1b0c1bff0a817c26,BOX-MUM-03,4.96,43.2,01-01-2025 14:00
69aac10e1b0c1bff0a817c27,BOX-MUM-03,5.06,48.02,01-01-2025 14:10
69aac10e1b0c1bff0a817c28,BOX-MUM-03,4.92,49.23,01-01-2025 14:20
69aac10e1b0c1bff0a817c29,BOX-MUM-03,4.96,44.72,01-01-2025 14:30
69aac10e1b0c1bff0a817c2a,BOX-MUM-03,5.13,41.31,01-01-2025 14:40
69aac10e1b0c1bff0a817c2b,BOX-MUM-03,5.25,40.85,01-01-2025 14:50
69aac10e1b0c1bff0a817c2c,BOX-MUM-03,4.99,58.72,01-01-2025 15:00
69aac10e1b0c1bff0a817c2d,BOX-MUM-03,4.7,49.16,01-01-2025 15:10
69aac10e1b0c1bff0a817c2e,BOX-MUM-03,4.81,58.35,01-01-2025 15:20
69aac10e1b0c1bff0a817c2f,BOX-MUM-03,5.05,56.18,01-01-2025 15:30
69aac10e1b0c1bff0a817c30,BOX-MUM-03,5.32,59.75,01-01-2025 15:40
69aac10e1b0c1bff0a817c31,BOX-MUM-03,5.25,47.89,01-01-2025 15:50
69aac10e1b0c1bff0a817c32,BOX-MUM-03,4.98,41.82,01-01-2025 16:00
69aac10e1b0c1bff0a817c33,BOX-MUM-03,4.71,46.51,01-01-2025 16:10
69aac10e1b0c1bff0a817c34,BOX-MUM-03,4.69,49.02,01-01-2025 16:20
69aac10e1b0c1bff0a817c35,BOX-MUM-03,4.74,43.63,01-01-2025 16:30
69aac10e1b0c1bff0a817c36,BOX-MUM-03,4.55,44.28,01-01-2025 16:40
69aac10e1b0c1bff0a817c37,BOX-MUM-03,4.36,48.92,01-01-2025 16:50
69aac10e1b0c1bff0a817c38,BOX-MUM-03,4.47,59.61,01-01-2025 17:00
69aac10e1b0c1bff0a817c39,BOX-MUM-03,4.47,51.29,01-01-2025 17:10
69aac10e1b0c1bff0a817c3a,BOX-MUM-03,4.2,48.7,01-01-2025 17:20
69aac10e1b0c1bff0a817c3b,BOX-MUM-03,4.32,59.59,01-01-2025 17:30
69aac10e1b0c1bff0a817c3c,BOX-MUM-03,4.55,58,01-01-2025 17:40
69aac10e1b0c1bff0a817c3d,BOX-MUM-03,4.39,52.89,01-01-2025 17:50
69aac10e1b0c1bff0a817c3e,BOX-MUM-03,4.63,46.56,01-01-2025 18:00
69aac10e1b0c1bff0a817c3f,BOX-MUM-03,4.77,48.85,01-01-2025 18:10
69aac10e1b0c1bff0a817c40,BOX-MUM-03,4.58,53.08,01-01-2025 18:20
69aac10e1b0c1bff0a817c41,BOX-MUM-03,4.4,49.82,01-01-2025 18:30
69aac10e1b0c1bff0a817c42,BOX-MUM-03,4.47,55.89,01-01-2025 18:40
69aac10e1b0c1bff0a817c43,BOX-MUM-03,4.74,56.36,01-01-2025 18:50
69aac10e1b0c1bff0a817c44,BOX-MUM-03,4.58,51.4,01-01-2025 19:00
69aac10e1b0c1bff0a817c45,BOX-MUM-03,4.31,52.25,01-01-2025 19:10
69aac10e1b0c1bff0a817c46,BOX-MUM-03,4.61,50.81,01-01-2025 19:20
69aac10e1b0c1bff0a817c47,BOX-MUM-03,4.63,50.31,01-01-2025 19:30
69aac10e1b0c1bff0a817c48,BOX-MUM-03,4.41,45.99,01-01-2025 19:40
69aac10e1b0c1bff0a817c49,BOX-MUM-03,4.3,47.15,01-01-2025 19:50
69aac10e1b0c1bff0a817c4a,BOX-MUM-03,4.08,53.13,01-01-2025 20:00
69aac10e1b0c1bff0a817c4b,BOX-MUM-03,3.8,50.62,01-01-2025 20:10
69aac10e1b0c1bff0a817c4c,BOX-MUM-03,3.56,49.86,01-01-2025 20:20
69aac10e1b0c1bff0a817c4d,BOX-MUM-03,3.66,47.89,01-01-2025 20:30
69aac10e1b0c1bff0a817c4e,BOX-MUM-03,3.71,47.57,01-01-2025 20:40
69aac10e1b0c1bff0a817c4f,BOX-MUM-03,3.88,46.95,01-01-2025 20:50
69aac10e1b0c1bff0a817c50,BOX-MUM-03,3.61,53.22,01-01-2025 21:00
69aac10e1b0c1bff0a817c51,BOX-MUM-03,3.84,59.82,01-01-2025 21:10
69aac10e1b0c1bff0a817c52,BOX-MUM-03,3.82,55.9,01-01-2025 21:20
69aac10e1b0c1bff0a817c53,BOX-MUM-03,3.85,59.49,01-01-2025 21:30
69aac10e1b0c1bff0a817c54,BOX-MUM-03,3.85,49.51,01-01-2025 21:40
69aac10e1b0c1bff0a817c55,BOX-MUM-03,3.65,58,01-01-2025 21:50
69aac10e1b0c1bff0a817c56,BOX-MUM-03,3.54,50.42,01-01-2025 22:00
69aac10e1b0c1bff0a817c57,BOX-MUM-03,3.78,43.95,01-01-2025 22:10
69aac10e1b0c1bff0a817c58,BOX-MUM-03,3.87,45.16,01-01-2025 22:20
69aac10e1b0c1bff0a817c59,BOX-MUM-03,3.9,42.98,01-01-2025 22:30
69aac10e1b0c1bff0a817c5a,BOX-MUM-03,3.74,44.89,01-01-2025 22:40
69aac10e1b0c1bff0a817c5b,BOX-MUM-03,3.71,52.19,01-01-2025 22:50
69aac10e1b0c1bff0a817c5c,BOX-MUM-03,3.7,55.33,01-01-2025 23:00
69aac10e1b0c1bff0a817c5d,BOX-MUM-03,3.58,48.84,01-01-2025 23:10
69aac10e1b0c1bff0a817c5e,BOX-MUM-03,3.44,55.84,01-01-2025 23:20
69aac10e1b0c1bff0a817c5f,BOX-MUM-03,3.49,43.47,01-01-2025 23:30
69aac10e1b0c1bff0a817c60,BOX-MUM-03,3.77,50.09,01-01-2025 23:40
69aac10e1b0c1bff0a817c61,BOX-MUM-03,3.86,59.21,01-01-2025 23:50
69aac10e1b0c1bff0a817c62,BOX-MUM-03,3.78,45.18,02-01-2025 00:00
69aac10e1b0c1bff0a817c63,BOX-MUM-03,3.99,50.18,02-01-2025 00:10
69aac10e1b0c1bff0a817c64,BOX-MUM-03,4.17,40.3,02-01-2025 00:20
69aac10e1b0c1bff0a817c65,BOX-MUM-03,4.24,45.27,02-01-2025 00:30
69aac10e1b0c1bff0a817c66,BOX-MUM-03,4.42,56.04,02-01-2025 00:40
69aac10e1b0c1bff0a817c67,BOX-MUM-03,4.68,58.85,02-01-2025 00:50
69aac10e1b0c1bff0a817c68,BOX-MUM-03,4.46,40.22,02-01-2025 01:00
69aac10e1b0c1bff0a817c69,BOX-MUM-03,4.44,48.73,02-01-2025 01:10
69aac10e1b0c1bff0a817c6a,BOX-MUM-03,4.65,50.2,02-01-2025 01:20
69aac10e1b0c1bff0a817c6b,BOX-MUM-03,4.82,56.45,02-01-2025 01:30
69aac10e1b0c1bff0a817c6c,BOX-MUM-03,4.86,45.94,02-01-2025 01:40
69aac10e1b0c1bff0a817c6d,BOX-MUM-03,4.67,41.66,02-01-2025 01:50
69aac10e1b0c1bff0a817c6e,BOX-MUM-03,4.93,51.04,02-01-2025 02:00
69aac10e1b0c1bff0a817c6f,BOX-MUM-03,4.64,59.02,02-01-2025 02:10
69aac10e1b0c1bff0a817c70,BOX-MUM-03,4.74,50.15,02-01-2025 02:20
69aac10e1b0c1bff0a817c71,BOX-MUM-03,4.82,43.6,02-01-2025 02:30
69aac10e1b0c1bff0a817c72,BOX-MUM-03,4.77,51.73,02-01-2025 02:40
69aac10e1b0c1bff0a817c73,BOX-MUM-03,4.55,43.32,02-01-2025 02:50
69aac10e1b0c1bff0a817c74,BOX-MUM-03,4.41,42.35,02-01-2025 03:00
69aac10e1b0c1bff0a817c75,BOX-MUM-03,4.22,57.03,02-01-2025 03:10
69aac10e1b0c1bff0a817c76,BOX-MUM-03,3.99,50.77,02-01-2025 03:20
69aac10e1b0c1bff0a817c77,BOX-MUM-03,3.99,47.73,02-01-2025 03:30
69aac10e1b0c1bff0a817c78,BOX-MUM-03,3.74,40.13,02-01-2025 03:40
69aac10e1b0c1bff0a817c79,BOX-MUM-03,3.73,58.85,02-01-2025 03:50
69aac10e1b0c1bff0a817c7a,BOX-MUM-03,3.61,49.25,02-01-2025 04:00
69aac10e1b0c1bff0a817c7b,BOX-MUM-03,3.83,48.91,02-01-2025 04:10
69aac10e1b0c1bff0a817c7c,BOX-MUM-03,4.12,44.16,02-01-2025 04:20
69aac10e1b0c1bff0a817c7d,BOX-MUM-03,4.13,44.03,02-01-2025 04:30
69aac10e1b0c1bff0a817c7e,BOX-MUM-03,4.02,44.29,02-01-2025 04:40
69aac10e1b0c1bff0a817c7f,BOX-MUM-03,4.18,59.75,02-01-2025 04:50
69aac10e1b0c1bff0a817c80,BOX-MUM-03,3.94,46.51,02-01-2025 05:00
69aac10e1b0c1bff0a817c81,BOX-MUM-03,3.98,49.92,02-01-2025 05:10
69aac10e1b0c1bff0a817c82,BOX-MUM-03,3.68,56.28,02-01-2025 05:20
69aac10e1b0c1bff0a817c83,BOX-MUM-03,3.48,52,02-01-2025 05:30
69aac10e1b0c1bff0a817c84,BOX-MUM-03,3.55,52.84,02-01-2025 05:40
69aac10e1b0c1bff0a817c85,BOX-MUM-03,3.72,55.46,02-01-2025 05:50
69aac10e1b0c1bff0a817c86,BOX-MUM-03,3.79,53.42,02-01-2025 06:00
69aac10e1b0c1bff0a817c87,BOX-MUM-03,4.09,49.65,02-01-2025 06:10
69aac10e1b0c1bff0a817c88,BOX-MUM-03,4.16,50.87,02-01-2025 06:20
69aac10e1b0c1bff0a817c89,BOX-MUM-03,3.96,48.78,02-01-2025 06:30
69aac10e1b0c1bff0a817c8a,BOX-MUM-03,3.67,45.68,02-01-2025 06:40
69aac10e1b0c1bff0a817c8b,BOX-MUM-03,3.91,52.2,02-01-2025 06:50
69aac10e1b0c1bff0a817c8c,BOX-MUM-03,3.69,44.94,02-01-2025 07:00
69aac10e1b0c1bff0a817c8d,BOX-MUM-03,3.82,43.51,02-01-2025 07:10
69aac10e1b0c1bff0a817c8e,BOX-MUM-03,3.75,42.28,02-01-2025 07:20
69aac10e1b0c1bff0a817c8f,BOX-MUM-03,3.83,55.21,02-01-2025 07:30
69aac10e1b0c1bff0a817c90,BOX-MUM-03,3.57,45.78,02-01-2025 07:40
69aac10e1b0c1bff0a817c91,BOX-MUM-03,3.71,51.4,02-01-2025 07:50
69aac10e1b0c1bff0a817c92,BOX-MUM-03,3.77,55.76,02-01-2025 08:00
69aac10e1b0c1bff0a817c93,BOX-MUM-03,3.83,40.89,02-01-2025 08:10
69aac10e1b0c1bff0a817c94,BOX-MUM-03,3.83,43.33,02-01-2025 08:20
69aac10e1b0c1bff0a817c95,BOX-MUM-03,3.53,59.69,02-01-2025 08:30
69aac10e1b0c1bff0a817c96,BOX-MUM-03,3.8,49.67,02-01-2025 08:40
69aac10e1b0c1bff0a817c97,BOX-MUM-03,4,46.74,02-01-2025 08:50
69aac10e1b0c1bff0a817c98,BOX-MUM-03,3.86,59.59,02-01-2025 09:00
69aac10e1b0c1bff0a817c99,BOX-MUM-03,3.9,42.86,02-01-2025 09:10
69aac10e1b0c1bff0a817c9a,BOX-MUM-03,3.88,46.93,02-01-2025 09:20
69aac10e1b0c1bff0a817c9b,BOX-MUM-03,4.13,41.76,02-01-2025 09:30
69aac10e1b0c1bff0a817c9c,BOX-MUM-03,4.24,44.52,02-01-2025 09:40
69aac10e1b0c1bff0a817c9d,BOX-MUM-03,4.44,43.02,02-01-2025 09:50
69aac10e1b0c1bff0a817c9e,BOX-MUM-03,4.54,46.75,02-01-2025 10:00
69aac10e1b0c1bff0a817c9f,BOX-MUM-03,4.66,57.91,02-01-2025 10:10
69aac10e1b0c1bff0a817ca0,BOX-MUM-03,4.86,54.01,02-01-2025 10:20
69aac10e1b0c1bff0a817ca1,BOX-MUM-03,4.84,45.47,02-01-2025 10:30
69aac10e1b0c1bff0a817ca2,BOX-MUM-03,4.64,59.24,02-01-2025 10:40
69aac10e1b0c1bff0a817ca3,BOX-MUM-03,4.75,46.19,02-01-2025 10:50
69aac10e1b0c1bff0a817ca4,BOX-MUM-03,4.82,45.81,02-01-2025 11:00
69aac10e1b0c1bff0a817ca5,BOX-MUM-03,4.73,47.3,02-01-2025 11:10
69aac10e1b0c1bff0a817ca6,BOX-MUM-03,4.69,42.92,02-01-2025 11:20
69aac10e1b0c1bff0a817ca7,BOX-MUM-03,4.87,55.32,02-01-2025 11:30
69aac10e1b0c1bff0a817ca8,BOX-MUM-03,4.94,55.92,02-01-2025 11:40
69aac10e1b0c1bff0a817ca9,BOX-MUM-03,4.71,51.67,02-01-2025 11:50
69aac10e1b0c1bff0a817caa,BOX-MUM-03,4.61,51.45,02-01-2025 12:00
69aac10e1b0c1bff0a817cab,BOX-MUM-03,4.49,50.05,02-01-2025 12:10
69aac10e1b0c1bff0a817cac,BOX-MUM-03,4.44,57.49,02-01-2025 12:20
69aac10e1b0c1bff0a817cad,BOX-MUM-03,4.5,42.57,02-01-2025 12:30
69aac10e1b0c1bff0a817cae,BOX-MUM-03,4.41,59.37,02-01-2025 12:40
69aac10e1b0c1bff0a817caf,BOX-MUM-03,4.28,50.72,02-01-2025 12:50
69aac10e1b0c1bff0a817cb0,BOX-MUM-03,4.26,54.67,02-01-2025 13:00
69aac10e1b0c1bff0a817cb1,BOX-MUM-03,4.2,48.78,02-01-2025 13:10
69aac10e1b0c1bff0a817cb2,BOX-MUM-03,4.34,55.09,02-01-2025 13:20
69aac10e1b0c1bff0a817cb3,BOX-MUM-03,4.4,40.47,02-01-2025 13:30
69aac10e1b0c1bff0a817cb4,BOX-MUM-03,4.46,52.58,02-01-2025 13:40
69aac10e1b0c1bff0a817cb5,BOX-MUM-03,4.29,40.42,02-01-2025 13:50
69aac10e1b0c1bff0a817cb6,BOX-MUM-03,4.16,52.28,02-01-2025 14:00
69aac10e1b0c1bff0a817cb7,BOX-MUM-03,3.86,55.23,02-01-2025 14:10
69aac10e1b0c1bff0a817cb8,BOX-MUM-03,4.13,56.08,02-01-2025 14:20
69aac10e1b0c1bff0a817cb9,BOX-MUM-03,3.98,51.51,02-01-2025 14:30
69aac10e1b0c1bff0a817cba,BOX-MUM-03,4.1,51.25,02-01-2025 14:40
69aac10e1b0c1bff0a817cbb,BOX-MUM-03,3.84,59.87,02-01-2025 14:50
69aac10e1b0c1bff0a817cbc,BOX-MUM-03,4.03,43.06,02-01-2025 15:00
69aac10e1b0c1bff0a817cbd,BOX-MUM-03,4.31,41.59,02-01-2025 15:10
69aac10e1b0c1bff0a817cbe,BOX-MUM-03,4.22,48.25,02-01-2025 15:20
69aac10e1b0c1bff0a817cbf,BOX-MUM-03,4.16,52.51,02-01-2025 15:30
69aac10e1b0c1bff0a817cc0,BOX-MUM-03,4.25,42.58,02-01-2025 15:40
69aac10e1b0c1bff0a817cc1,BOX-MUM-03,4.22,48.76,02-01-2025 15:50
69aac10e1b0c1bff0a817cc2,BOX-MUM-03,4.22,52.93,02-01-2025 16:00
69aac10e1b0c1bff0a817cc3,BOX-MUM-03,4.16,41.39,02-01-2025 16:10
69aac10e1b0c1bff0a817cc4,BOX-MUM-03,4.22,40.21,02-01-2025 16:20
69aac10e1b0c1bff0a817cc5,BOX-MUM-03,3.96,44.92,02-01-2025 16:30
69aac10e1b0c1bff0a817cc6,BOX-MUM-03,4.2,41.56,02-01-2025 16:40
69aac10e1b0c1bff0a817cc7,BOX-MUM-03,4.21,40.26,02-01-2025 16:50
69aac10e1b0c1bff0a817cc8,BOX-MUM-03,4.11,53.53,02-01-2025 17:00
69aac10e1b0c1bff0a817cc9,BOX-MUM-03,4.33,41.54,02-01-2025 17:10
69aac10e1b0c1bff0a817cca,BOX-MUM-03,4.17,58.25,02-01-2025 17:20
69aac10e1b0c1bff0a817ccb,BOX-MUM-03,4.32,42.08,02-01-2025 17:30
69aac10e1b0c1bff0a817ccc,BOX-MUM-03,4.07,56.03,02-01-2025 17:40
69aac10e1b0c1bff0a817ccd,BOX-MUM-03,4.12,58.07,02-01-2025 17:50
69aac10e1b0c1bff0a817cce,BOX-MUM-03,3.92,48.9,02-01-2025 18:00
69aac10e1b0c1bff0a817ccf,BOX-MUM-03,3.92,46.52,02-01-2025 18:10
69aac10e1b0c1bff0a817cd0,BOX-MUM-03,3.82,56.73,02-01-2025 18:20
69aac10e1b0c1bff0a817cd1,BOX-MUM-03,3.92,56.59,02-01-2025 18:30
69aac10e1b0c1bff0a817cd2,BOX-MUM-03,4.02,41.55,02-01-2025 18:40
69aac10e1b0c1bff0a817cd3,BOX-MUM-03,4.32,44.55,02-01-2025 18:50
69aac10e1b0c1bff0a817cd4,BOX-MUM-03,4.57,59.11,02-01-2025 19:00
69aac10e1b0c1bff0a817cd5,BOX-MUM-03,4.74,42.19,02-01-2025 19:10
69aac10e1b0c1bff0a817cd6,BOX-MUM-03,4.79,51.77,02-01-2025 19:20
69aac10e1b0c1bff0a817cd7,BOX-MUM-03,4.68,58.09,02-01-2025 19:30
69aac10e1b0c1bff0a817cd8,BOX-MUM-03,4.98,40.3,02-01-2025 19:40
69aac10e1b0c1bff0a817cd9,BOX-MUM-03,5.16,45.23,02-01-2025 19:50
69aac10e1b0c1bff0a817cda,BOX-MUM-03,5.26,48.71,02-01-2025 20:00
69aac10e1b0c1bff0a817cdb,BOX-MUM-03,5.38,49.04,02-01-2025 20:10
69aac10e1b0c1bff0a817cdc,BOX-MUM-03,5.25,44.38,02-01-2025 20:20
69aac10e1b0c1bff0a817cdd,BOX-MUM-03,5.35,58.17,02-01-2025 20:30
69aac10e1b0c1bff0a817cde,BOX-MUM-03,5.58,41.58,02-01-2025 20:40
69aac10e1b0c1bff0a817cdf,BOX-MUM-03,5.39,50.56,02-01-2025 20:50
69aac10e1b0c1bff0a817ce0,BOX-MUM-03,5.22,59.2,02-01-2025 21:00
69aac10e1b0c1bff0a817ce1,BOX-MUM-03,5.03,41.64,02-01-2025 21:10
69aac10e1b0c1bff0a817ce2,BOX-MUM-03,4.88,49.22,02-01-2025 21:20
69aac10e1b0c1bff0a817ce3,BOX-MUM-03,4.91,49.34,02-01-2025 21:30
69aac10e1b0c1bff0a817ce4,BOX-MUM-03,4.74,42.08,02-01-2025 21:40
69aac10e1b0c1bff0a817ce5,BOX-MUM-03,4.72,47.34,02-01-2025 21:50
69aac10e1b0c1bff0a817ce6,BOX-MUM-03,4.96,50.58,02-01-2025 22:00
69aac10e1b0c1bff0a817ce7,BOX-MUM-03,4.97,46.95,02-01-2025 22:10
69aac10e1b0c1bff0a817ce8,BOX-MUM-03,4.69,59.23,02-01-2025 22:20
69aac10e1b0c1bff0a817ce9,BOX-MUM-03,4.52,52.99,02-01-2025 22:30
69aac10e1b0c1bff0a817cea,BOX-MUM-03,4.48,58.43,02-01-2025 22:40
69aac10e1b0c1bff0a817ceb,BOX-MUM-03,4.25,52.16,02-01-2025 22:50
69aac10e1b0c1bff0a817cec,BOX-MUM-03,4.02,44.64,02-01-2025 23:00
69aac10e1b0c1bff0a817ced,BOX-MUM-03,3.72,54,02-01-2025 23:10
69aac10e1b0c1bff0a817cee,BOX-MUM-03,3.82,59.71,02-01-2025 23:20
69aac10e1b0c1bff0a817cef,BOX-MUM-03,3.98,54.42,02-01-2025 23:30
69aac10e1b0c1bff0a817cf0,BOX-MUM-03,3.95,49.79,02-01-2025 23:40
69aac10e1b0c1bff0a817cf1,BOX-MUM-03,3.94,46.06,02-01-2025 23:50
69aac10e1b0c1bff0a817cf2,BOX-MUM-03,4.09,56.9,03-01-2025 00:00
69aac10e1b0c1bff0a817cf3,BOX-MUM-03,4.05,56.58,03-01-2025 00:10
69aac10e1b0c1bff0a817cf4,BOX-MUM-03,4.04,43.16,03-01-2025 00:20
69aac10e1b0c1bff0a817cf5,BOX-MUM-03,3.77,51.59,03-01-2025 00:30
69aac10e1b0c1bff0a817cf6,BOX-MUM-03,4.04,46.12,03-01-2025 00:40
69aac10e1b0c1bff0a817cf7,BOX-MUM-03,3.77,42.31,03-01-2025 00:50
69aac10e1b0c1bff0a817cf8,BOX-MUM-03,3.92,53.05,03-01-2025 01:00
69aac10e1b0c1bff0a817cf9,BOX-MUM-03,3.81,59.61,03-01-2025 01:10
69aac10e1b0c1bff0a817cfa,BOX-MUM-03,3.94,48.58,03-01-2025 01:20
69aac10e1b0c1bff0a817cfb,BOX-MUM-03,4.12,45.75,03-01-2025 01:30
69aac10e1b0c1bff0a817cfc,BOX-MUM-03,3.89,59.1,03-01-2025 01:40
69aac10e1b0c1bff0a817cfd,BOX-MUM-03,4.15,40.85,03-01-2025 01:50
69aac10e1b0c1bff0a817cfe,BOX-MUM-03,4.26,41.45,03-01-2025 02:00
69aac10e1b0c1bff0a817cff,BOX-MUM-03,4.4,53.49,03-01-2025 02:10
69aac10e1b0c1bff0a817d00,BOX-MUM-03,4.27,55.42,03-01-2025 02:20
69aac10e1b0c1bff0a817d01,BOX-MUM-03,4.42,41.62,03-01-2025 02:30
69aac10e1b0c1bff0a817d02,BOX-MUM-03,4.7,55.93,03-01-2025 02:40
69aac10e1b0c1bff0a817d03,BOX-MUM-03,4.88,47.67,03-01-2025 02:50
69aac10e1b0c1bff0a817d04,BOX-MUM-03,4.92,50.03,03-01-2025 03:00
69aac10e1b0c1bff0a817d05,BOX-MUM-03,4.7,54.3,03-01-2025 03:10
69aac10e1b0c1bff0a817d06,BOX-MUM-03,4.99,49.25,03-01-2025 03:20
69aac10e1b0c1bff0a817d07,BOX-MUM-03,5.19,58.75,03-01-2025 03:30
69aac10e1b0c1bff0a817d08,BOX-MUM-03,5.41,40.73,03-01-2025 03:40
69aac10e1b0c1bff0a817d09,BOX-MUM-03,5.38,53.96,03-01-2025 03:50
69aac10e1b0c1bff0a817d0a,BOX-MUM-03,5.42,54.4,03-01-2025 04:00
69aac10e1b0c1bff0a817d0b,BOX-MUM-03,5.4,40.78,03-01-2025 04:10
69aac10e1b0c1bff0a817d0c,BOX-MUM-03,5.38,52.56,03-01-2025 04:20
69aac10e1b0c1bff0a817d0d,BOX-MUM-03,5.37,40.19,03-01-2025 04:30
69aac10e1b0c1bff0a817d0e,BOX-MUM-03,5.41,41.9,03-01-2025 04:40
69aac10e1b0c1bff0a817d0f,BOX-MUM-03,5.28,47.86,03-01-2025 04:50
69aac10e1b0c1bff0a817d10,BOX-MUM-03,5.22,52.79,03-01-2025 05:00
69aac10e1b0c1bff0a817d11,BOX-MUM-03,4.95,55.65,03-01-2025 05:10
69aac10e1b0c1bff0a817d12,BOX-MUM-03,4.67,51.68,03-01-2025 05:20
69aac10e1b0c1bff0a817d13,BOX-MUM-03,4.61,48.53,03-01-2025 05:30
69aac10e1b0c1bff0a817d14,BOX-MUM-03,4.34,51.47,03-01-2025 05:40
69aac10e1b0c1bff0a817d15,BOX-MUM-03,4.07,43.15,03-01-2025 05:50
69aac10e1b0c1bff0a817d16,BOX-MUM-03,4.09,59.71,03-01-2025 06:00
69aac10e1b0c1bff0a817d17,BOX-MUM-03,4.36,52.95,03-01-2025 06:10
69aac10e1b0c1bff0a817d18,BOX-MUM-03,4.64,57.03,03-01-2025 06:20
69aac10e1b0c1bff0a817d19,BOX-MUM-03,4.9,41.17,03-01-2025 06:30
69aac10e1b0c1bff0a817d1a,BOX-MUM-03,5.01,50.85,03-01-2025 06:40
69aac10e1b0c1bff0a817d1b,BOX-MUM-03,4.79,42.36,03-01-2025 06:50
69aac10e1b0c1bff0a817d1c,BOX-MUM-03,5.06,49.58,03-01-2025 07:00
69aac10e1b0c1bff0a817d1d,BOX-MUM-03,5.27,54.59,03-01-2025 07:10
69aac10e1b0c1bff0a817d1e,BOX-MUM-03,5.46,58.19,03-01-2025 07:20
69aac10e1b0c1bff0a817d1f,BOX-MUM-03,5.39,52.74,03-01-2025 07:30
69aac10e1b0c1bff0a817d20,BOX-MUM-03,5.16,41,03-01-2025 07:40
69aac10e1b0c1bff0a817d21,BOX-MUM-03,4.93,40.26,03-01-2025 07:50
69aac10e1b0c1bff0a817d22,BOX-MUM-03,4.63,55.77,03-01-2025 08:00
69aac10e1b0c1bff0a817d23,BOX-MUM-03,4.74,44.71,03-01-2025 08:10
69aac10e1b0c1bff0a817d24,BOX-MUM-03,4.8,50.48,03-01-2025 08:20
69aac10e1b0c1bff0a817d25,BOX-MUM-03,4.58,59.56,03-01-2025 08:30
69aac10e1b0c1bff0a817d26,BOX-MUM-03,4.74,42.83,03-01-2025 08:40
69aac10e1b0c1bff0a817d27,BOX-MUM-03,4.75,53.38,03-01-2025 08:50
69aac10e1b0c1bff0a817d28,BOX-MUM-03,4.9,50.13,03-01-2025 09:00
69aac10e1b0c1bff0a817d29,BOX-MUM-03,4.77,41.25,03-01-2025 09:10
69aac10e1b0c1bff0a817d2a,BOX-MUM-03,4.54,47.53,03-01-2025 09:20
69aac10e1b0c1bff0a817d2b,BOX-MUM-03,4.27,43.99,03-01-2025 09:30
69aac10e1b0c1bff0a817d2c,BOX-MUM-03,4.43,41.14,03-01-2025 09:40
69aac10e1b0c1bff0a817d2d,BOX-MUM-03,4.4,59,03-01-2025 09:50
69aac10e1b0c1bff0a817d2e,BOX-MUM-03,4.14,43.79,03-01-2025 10:00
69aac10e1b0c1bff0a817d2f,BOX-MUM-03,3.94,50.59,03-01-2025 10:10
69aac10e1b0c1bff0a817d30,BOX-MUM-03,3.96,40.98,03-01-2025 10:20
69aac10e1b0c1bff0a817d31,BOX-MUM-03,4.13,40.94,03-01-2025 10:30
69aac10e1b0c1bff0a817d32,BOX-MUM-03,3.93,57.24,03-01-2025 10:40
69aac10e1b0c1bff0a817d33,BOX-MUM-03,3.65,49.67,03-01-2025 10:50
69aac10e1b0c1bff0a817d34,BOX-MUM-03,3.74,44.03,03-01-2025 11:00
69aac10e1b0c1bff0a817d35,BOX-MUM-03,3.58,43.21,03-01-2025 11:10
69aac10e1b0c1bff0a817d36,BOX-MUM-03,3.85,53.53,03-01-2025 11:20
69aac10e1b0c1bff0a817d37,BOX-MUM-03,3.92,51.1,03-01-2025 11:30
69aac10e1b0c1bff0a817d38,BOX-MUM-03,3.77,41.09,03-01-2025 11:40
69aac10e1b0c1bff0a817d39,BOX-MUM-03,3.85,59.19,03-01-2025 11:50
69aac10e1b0c1bff0a817d3a,BOX-MUM-03,3.89,56.89,03-01-2025 12:00
69aac10e1b0c1bff0a817d3b,BOX-MUM-03,3.74,54.31,03-01-2025 12:10
69aac10e1b0c1bff0a817d3c,BOX-MUM-03,4,49.05,03-01-2025 12:20
69aac10e1b0c1bff0a817d3d,BOX-MUM-03,4.28,50.46,03-01-2025 12:30
69aac10e1b0c1bff0a817d3e,BOX-MUM-03,4.06,51.72,03-01-2025 12:40
69aac10e1b0c1bff0a817d3f,BOX-MUM-03,4.04,40.22,03-01-2025 12:50
69aac10e1b0c1bff0a817d40,BOX-MUM-03,4.16,54.59,03-01-2025 13:00
69aac10e1b0c1bff0a817d41,BOX-MUM-03,3.97,44.34,03-01-2025 13:10
69aac10e1b0c1bff0a817d42,BOX-MUM-03,3.97,52.03,03-01-2025 13:20
69aac10e1b0c1bff0a817d43,BOX-MUM-03,4.15,46.64,03-01-2025 13:30
69aac10e1b0c1bff0a817d44,BOX-MUM-03,4.45,48.79,03-01-2025 13:40
69aac10e1b0c1bff0a817d45,BOX-MUM-03,4.39,54.3,03-01-2025 13:50
69aac10e1b0c1bff0a817d46,BOX-MUM-03,4.14,58.03,03-01-2025 14:00
69aac10e1b0c1bff0a817d47,BOX-MUM-03,4.41,40.17,03-01-2025 14:10
69aac10e1b0c1bff0a817d48,BOX-MUM-03,4.36,56.93,03-01-2025 14:20
69aac10e1b0c1bff0a817d49,BOX-MUM-03,4.15,58.41,03-01-2025 14:30
69aac10e1b0c1bff0a817d4a,BOX-MUM-03,3.88,40.1,03-01-2025 14:40
69aac10e1b0c1bff0a817d4b,BOX-MUM-03,3.78,55.79,03-01-2025 14:50
69aac10e1b0c1bff0a817d4c,BOX-MUM-03,3.56,54.01,03-01-2025 15:00
69aac10e1b0c1bff0a817d4d,BOX-MUM-03,3.41,42.01,03-01-2025 15:10
69aac10e1b0c1bff0a817d4e,BOX-MUM-03,3.59,49.04,03-01-2025 15:20
69aac10e1b0c1bff0a817d4f,BOX-MUM-03,3.65,54.55,03-01-2025 15:30
69aac10e1b0c1bff0a817d50,BOX-MUM-03,3.47,51.14,03-01-2025 15:40
69aac10e1b0c1bff0a817d51,BOX-MUM-03,3.49,58.36,03-01-2025 15:50
69aac10e1b0c1bff0a817d52,BOX-MUM-03,3.27,52.47,03-01-2025 16:00
69aac10e1b0c1bff0a817d53,BOX-MUM-03,2.99,55.96,03-01-2025 16:10
69aac10e1b0c1bff0a817d54,BOX-MUM-03,3.18,41.76,03-01-2025 16:20
69aac10e1b0c1bff0a817d55,BOX-MUM-03,3.05,46.89,03-01-2025 16:30
69aac10e1b0c1bff0a817d56,BOX-MUM-03,3.3,44.62,03-01-2025 16:40
69aac10e1b0c1bff0a817d57,BOX-MUM-03,3.07,54.89,03-01-2025 16:50
69aac10e1b0c1bff0a817d58,BOX-MUM-03,2.92,48.37,03-01-2025 17:00
69aac10e1b0c1bff0a817d59,BOX-MUM-03,2.83,41.58,03-01-2025 17:10
69aac10e1b0c1bff0a817d5a,BOX-MUM-03,2.64,56.02,03-01-2025 17:20
69aac10e1b0c1bff0a817d5b,BOX-MUM-03,2.79,55.58,03-01-2025 17:30
69aac10e1b0c1bff0a817d5c,BOX-MUM-03,2.67,47.37,03-01-2025 17:40
69aac10e1b0c1bff0a817d5d,BOX-MUM-03,2.46,58.78,03-01-2025 17:50
69aac10e1b0c1bff0a817d5e,BOX-MUM-03,2.42,48.44,03-01-2025 18:00
69aac10e1b0c1bff0a817d5f,BOX-MUM-03,2.43,45.66,03-01-2025 18:10
69aac10e1b0c1bff0a817d60,BOX-MUM-03,2.18,45.82,03-01-2025 18:20
69aac10e1b0c1bff0a817d61,BOX-MUM-03,2,44.76,03-01-2025 18:30
69aac10e1b0c1bff0a817d62,BOX-MUM-03,1.94,48.52,03-01-2025 18:40
69aac10e1b0c1bff0a817d63,BOX-MUM-03,2.18,47.21,03-01-2025 18:50
69aac10e1b0c1bff0a817d64,BOX-MUM-03,1.96,50.72,03-01-2025 19:00
69aac10e1b0c1bff0a817d65,BOX-MUM-03,1.83,46.76,03-01-2025 19:10
69aac10e1b0c1bff0a817d66,BOX-MUM-03,1.62,40.92,03-01-2025 19:20
69aac10e1b0c1bff0a817d67,BOX-MUM-03,1.35,54.42,03-01-2025 19:30
69aac10e1b0c1bff0a817d68,BOX-MUM-03,1.51,57.32,03-01-2025 19:40
69aac10e1b0c1bff0a817d69,BOX-MUM-03,1.27,58.01,03-01-2025 19:50
69aac10e1b0c1bff0a817d6a,BOX-MUM-03,1.51,45.58,03-01-2025 20:00
69aac10e1b0c1bff0a817d6b,BOX-MUM-03,1.8,44.12,03-01-2025 20:10
69aac10e1b0c1bff0a817d6c,BOX-MUM-03,1.57,58.68,03-01-2025 20:20
69aac10e1b0c1bff0a817d6d,BOX-MUM-03,1.7,58.15,03-01-2025 20:30
69aac10e1b0c1bff0a817d6e,BOX-MUM-03,1.75,41.64,03-01-2025 20:40
69aac10e1b0c1bff0a817d6f,BOX-MUM-03,1.51,58.92,03-01-2025 20:50
69aac10e1b0c1bff0a817d70,BOX-MUM-03,1.41,51.83,03-01-2025 21:00
69aac10e1b0c1bff0a817d71,BOX-MUM-03,1.46,44.37,03-01-2025 21:10
69aac10e1b0c1bff0a817d72,BOX-MUM-03,1.47,44.82,03-01-2025 21:20
69aac10e1b0c1bff0a817d73,BOX-MUM-03,1.74,42.3,03-01-2025 21:30
69aac10e1b0c1bff0a817d74,BOX-MUM-03,1.54,42.53,03-01-2025 21:40
69aac10e1b0c1bff0a817d75,BOX-MUM-03,1.65,40.47,03-01-2025 21:50
69aac10e1b0c1bff0a817d76,BOX-MUM-03,1.64,40.5,03-01-2025 22:00
69aac10e1b0c1bff0a817d77,BOX-MUM-03,1.77,49.33,03-01-2025 22:10
69aac10e1b0c1bff0a817d78,BOX-MUM-03,1.83,59.91,03-01-2025 22:20
69aac10e1b0c1bff0a817d79,BOX-MUM-03,1.84,42.12,03-01-2025 22:30
69aac10e1b0c1bff0a817d7a,BOX-MUM-03,1.67,46.15,03-01-2025 22:40
69aac10e1b0c1bff0a817d7b,BOX-MUM-03,1.95,54.54,03-01-2025 22:50
69aac10e1b0c1bff0a817d7c,BOX-MUM-03,2,52.67,03-01-2025 23:00
69aac10e1b0c1bff0a817d7d,BOX-MUM-03,1.89,55.97,03-01-2025 23:10
69aac10e1b0c1bff0a817d7e,BOX-MUM-03,1.83,44.41,03-01-2025 23:20
69aac10e1b0c1bff0a817d7f,BOX-MUM-03,2.11,52.97,03-01-2025 23:30
69aac10e1b0c1bff0a817d80,BOX-MUM-03,1.97,40.25,03-01-2025 23:40
69aac10e1b0c1bff0a817d81,BOX-MUM-03,2.18,52.34,03-01-2025 23:50
69aac10e1b0c1bff0a817d82,BOX-MUM-03,2.03,49.79,04-01-2025 00:00
69aac10e1b0c1bff0a817d83,BOX-MUM-03,2.13,49.49,04-01-2025 00:10
69aac10e1b0c1bff0a817d84,BOX-MUM-03,2.06,57.4,04-01-2025 00:20
69aac10e1b0c1bff0a817d85,BOX-MUM-03,2.27,51.03,04-01-2025 00:30
69aac10e1b0c1bff0a817d86,BOX-MUM-03,2.15,47.83,04-01-2025 00:40
69aac10e1b0c1bff0a817d87,BOX-MUM-03,1.89,43.2,04-01-2025 00:50
69aac10e1b0c1bff0a817d88,BOX-MUM-03,2.09,59.47,04-01-2025 01:00
69aac10e1b0c1bff0a817d89,BOX-MUM-03,1.91,47.09,04-01-2025 01:10
69aac10e1b0c1bff0a817d8a,BOX-MUM-03,1.72,45.79,04-01-2025 01:20
69aac10e1b0c1bff0a817d8b,BOX-MUM-03,1.92,47.3,04-01-2025 01:30
69aac10e1b0c1bff0a817d8c,BOX-MUM-03,1.87,45.73,04-01-2025 01:40
69aac10e1b0c1bff0a817d8d,BOX-MUM-03,1.88,54.05,04-01-2025 01:50
69aac10e1b0c1bff0a817d8e,BOX-MUM-03,1.65,48.15,04-01-2025 02:00
69aac10e1b0c1bff0a817d8f,BOX-MUM-03,1.57,49.37,04-01-2025 02:10
69aac10e1b0c1bff0a817d90,BOX-MUM-03,1.63,41.68,04-01-2025 02:20
69aac10e1b0c1bff0a817d91,BOX-MUM-03,1.69,49.83,04-01-2025 02:30
69aac10e1b0c1bff0a817d92,BOX-MUM-03,1.64,57.61,04-01-2025 02:40
69aac10e1b0c1bff0a817d93,BOX-MUM-03,1.54,41.61,04-01-2025 02:50
69aac10e1b0c1bff0a817d94,BOX-MUM-03,1.29,46.31,04-01-2025 03:00
69aac10e1b0c1bff0a817d95,BOX-MUM-03,1.51,58.33,04-01-2025 03:10
69aac10e1b0c1bff0a817d96,BOX-MUM-03,1.4,54.7,04-01-2025 03:20
69aac10e1b0c1bff0a817d97,BOX-MUM-03,1.67,50.2,04-01-2025 03:30
69aac10e1b0c1bff0a817d98,BOX-MUM-03,1.68,50.04,04-01-2025 03:40
69aac10e1b0c1bff0a817d99,BOX-MUM-03,1.47,58.53,04-01-2025 03:50
69aac10e1b0c1bff0a817d9a,BOX-MUM-03,1.54,46.48,04-01-2025 04:00
69aac10e1b0c1bff0a817d9b,BOX-MUM-03,1.31,46.72,04-01-2025 04:10
69aac10e1b0c1bff0a817d9c,BOX-MUM-03,1.04,42.39,04-01-2025 04:20
69aac10e1b0c1bff0a817d9d,BOX-MUM-03,1.01,59.03,04-01-2025 04:30
69aac10e1b0c1bff0a817d9e,BOX-MUM-03,0.91,54.44,04-01-2025 04:40
69aac10e1b0c1bff0a817d9f,BOX-MUM-03,1.06,45.65,04-01-2025 04:50
69aac10e1b0c1bff0a817da0,BOX-MUM-03,0.76,59.94,04-01-2025 05:00
69aac10e1b0c1bff0a817da1,BOX-MUM-03,0.94,58.52,04-01-2025 05:10
69aac10e1b0c1bff0a817da2,BOX-MUM-03,1.13,55.64,04-01-2025 05:20
69aac10e1b0c1bff0a817da3,BOX-MUM-03,0.93,58.07,04-01-2025 05:30
69aac10e1b0c1bff0a817da4,BOX-MUM-03,0.79,41.22,04-01-2025 05:40
69aac10e1b0c1bff0a817da5,BOX-MUM-03,0.82,53.67,04-01-2025 05:50
69aac10e1b0c1bff0a817da6,BOX-MUM-03,0.77,42.47,04-01-2025 06:00
69aac10e1b0c1bff0a817da7,BOX-MUM-03,0.87,58.76,04-01-2025 06:10
69aac10e1b0c1bff0a817da8,BOX-MUM-03,1,57.87,04-01-2025 06:20
69aac10e1b0c1bff0a817da9,BOX-MUM-03,1.11,52.45,04-01-2025 06:30
69aac10e1b0c1bff0a817daa,BOX-MUM-03,1.4,56.5,04-01-2025 06:40
69aac10e1b0c1bff0a817dab,BOX-MUM-03,1.31,56.9,04-01-2025 06:50
69aac10e1b0c1bff0a817dac,BOX-MUM-03,1.43,54.41,04-01-2025 07:00
69aac10e1b0c1bff0a817dad,BOX-MUM-03,1.68,48.5,04-01-2025 07:10
69aac10e1b0c1bff0a817dae,BOX-MUM-03,1.42,53.12,04-01-2025 07:20
69aac10e1b0c1bff0a817daf,BOX-MUM-03,1.15,47.96,04-01-2025 07:30
69aac10e1b0c1bff0a817db0,BOX-MUM-03,0.98,40.44,04-01-2025 07:40
69aac10e1b0c1bff0a817db1,BOX-MUM-03,0.84,43.92,04-01-2025 07:50
69aac10e1b0c1bff0a817db2,BOX-MUM-03,1.1,41.21,04-01-2025 08:00
69aac10e1b0c1bff0a817db3,BOX-MUM-03,1.23,53.11,04-01-2025 08:10
69aac10e1b0c1bff0a817db4,BOX-MUM-03,1.47,46.03,04-01-2025 08:20
69aac10e1b0c1bff0a817db5,BOX-MUM-03,1.38,46.91,04-01-2025 08:30
69aac10e1b0c1bff0a817db6,BOX-MUM-03,1.38,49.73,04-01-2025 08:40
69aac10e1b0c1bff0a817db7,BOX-MUM-03,1.38,44.19,04-01-2025 08:50
69aac10e1b0c1bff0a817db8,BOX-MUM-03,1.45,55.6,04-01-2025 09:00
69aac10e1b0c1bff0a817db9,BOX-MUM-03,1.44,41.06,04-01-2025 09:10
69aac10e1b0c1bff0a817dba,BOX-MUM-03,1.16,58.24,04-01-2025 09:20
69aac10e1b0c1bff0a817dbb,BOX-MUM-03,1.33,47.21,04-01-2025 09:30
69aac10e1b0c1bff0a817dbc,BOX-MUM-03,1.43,44.66,04-01-2025 09:40
69aac10e1b0c1bff0a817dbd,BOX-MUM-03,1.14,42.48,04-01-2025 09:50
69aac10e1b0c1bff0a817dbe,BOX-MUM-03,0.92,51.39,04-01-2025 10:00
69aac10e1b0c1bff0a817dbf,BOX-MUM-03,0.95,46.44,04-01-2025 10:10
69aac10e1b0c1bff0a817dc0,BOX-MUM-03,0.76,58.21,04-01-2025 10:20
69aac10e1b0c1bff0a817dc1,BOX-MUM-03,0.8,46.82,04-01-2025 10:30
69aac10e1b0c1bff0a817dc2,BOX-MUM-03,1.07,42.96,04-01-2025 10:40
69aac10e1b0c1bff0a817dc3,BOX-MUM-03,1.03,50.78,04-01-2025 10:50
69aac10e1b0c1bff0a817dc4,BOX-MUM-03,0.79,59.54,04-01-2025 11:00
69aac10e1b0c1bff0a817dc5,BOX-MUM-03,0.98,41.14,04-01-2025 11:10
69aac10e1b0c1bff0a817dc6,BOX-MUM-03,0.83,49.71,04-01-2025 11:20
69aac10e1b0c1bff0a817dc7,BOX-MUM-03,0.85,50.49,04-01-2025 11:30
69aac10e1b0c1bff0a817dc8,BOX-MUM-03,0.9,49.96,04-01-2025 11:40
69aac10e1b0c1bff0a817dc9,BOX-MUM-03,0.98,52.29,04-01-2025 11:50
69aac10e1b0c1bff0a817dca,BOX-MUM-03,0.73,59.82,04-01-2025 12:00
69aac10e1b0c1bff0a817dcb,BOX-MUM-03,0.48,57.26,04-01-2025 12:10
69aac10e1b0c1bff0a817dcc,BOX-MUM-03,0.32,58.56,04-01-2025 12:20
69aac10e1b0c1bff0a817dcd,BOX-MUM-03,0.48,48.86,04-01-2025 12:30
69aac10e1b0c1bff0a817dce,BOX-MUM-03,0.28,46.7,04-01-2025 12:40
69aac10e1b0c1bff0a817dcf,BOX-MUM-03,0.05,42.78,04-01-2025 12:50
69aac10e1b0c1bff0a817dd0,BOX-MUM-03,-0.02,58.41,04-01-2025 13:00
69aac10e1b0c1bff0a817dd1,BOX-MUM-03,0.21,51.04,04-01-2025 13:10
69aac10e1b0c1bff0a817dd2,BOX-MUM-03,0.14,43.02,04-01-2025 13:20
69aac10e1b0c1bff0a817dd3,BOX-MUM-03,0.18,57.52,04-01-2025 13:30
69aac10e1b0c1bff0a817dd4,BOX-MUM-03,0.2,56.3,04-01-2025 13:40
69aac10e1b0c1bff0a817dd5,BOX-MUM-03,0.41,43.97,04-01-2025 13:50
69aac10e1b0c1bff0a817dd6,BOX-MUM-03,0.48,58.65,04-01-2025 14:00
69aac10e1b0c1bff0a817dd7,BOX-MUM-03,0.47,57.46,04-01-2025 14:10
69aac10e1b0c1bff0a817dd8,BOX-MUM-03,0.56,42.85,04-01-2025 14:20
69aac10e1b0c1bff0a817dd9,BOX-MUM-03,0.38,46.36,04-01-2025 14:30
69aac10e1b0c1bff0a817dda,BOX-MUM-03,0.39,54.69,04-01-2025 14:40
69aac10e1b0c1bff0a817ddb,BOX-MUM-03,0.19,49.15,04-01-2025 14:50
69aac10e1b0c1bff0a817ddc,BOX-MUM-03,-0.1,42.3,04-01-2025 15:00
69aac10e1b0c1bff0a817ddd,BOX-MUM-03,-0.11,57.45,04-01-2025 15:10
69aac10e1b0c1bff0a817dde,BOX-MUM-03,-0.16,52.14,04-01-2025 15:20
69aac10e1b0c1bff0a817ddf,BOX-MUM-03,-0.01,41.33,04-01-2025 15:30
69aac10e1b0c1bff0a817de0,BOX-MUM-03,0.24,42.64,04-01-2025 15:40
69aac10e1b0c1bff0a817de1,BOX-MUM-03,-0.01,51.15,04-01-2025 15:50
69aac10e1b0c1bff0a817de2,BOX-MUM-03,0.2,49.91,04-01-2025 16:00
69aac10e1b0c1bff0a817de3,BOX-MUM-03,0.39,52.21,04-01-2025 16:10
69aac10e1b0c1bff0a817de4,BOX-MUM-03,0.45,55.68,04-01-2025 16:20
69aac10e1b0c1bff0a817de5,BOX-MUM-03,0.43,49.54,04-01-2025 16:30
69aac10e1b0c1bff0a817de6,BOX-MUM-03,0.35,59.67,04-01-2025 16:40
69aac10e1b0c1bff0a817de7,BOX-MUM-03,0.1,48.19,04-01-2025 16:50
69aac10e1b0c1bff0a817de8,BOX-MUM-03,-0.13,49.96,04-01-2025 17:00
69aac10e1b0c1bff0a817de9,BOX-MUM-03,-0.09,57.41,04-01-2025 17:10
69aac10e1b0c1bff0a817dea,BOX-MUM-03,-0.12,59.93,04-01-2025 17:20
69aac10e1b0c1bff0a817deb,BOX-MUM-03,0.05,53.01,04-01-2025 17:30
69aac10e1b0c1bff0a817dec,BOX-MUM-03,0.17,40.5,04-01-2025 17:40
69aac10e1b0c1bff0a817ded,BOX-MUM-03,-0.09,45.86,04-01-2025 17:50
69aac10e1b0c1bff0a817dee,BOX-MUM-03,-0.11,49.5,04-01-2025 18:00
69aac10e1b0c1bff0a817def,BOX-MUM-03,-0.06,57.14,04-01-2025 18:10
69aac10e1b0c1bff0a817df0,BOX-MUM-03,-0.09,41.32,04-01-2025 18:20
69aac10e1b0c1bff0a817df1,BOX-MUM-03,0.19,51.57,04-01-2025 18:30
69aac10e1b0c1bff0a817df2,BOX-MUM-03,-0.08,47.85,04-01-2025 18:40
69aac10e1b0c1bff0a817df3,BOX-MUM-03,0.2,42.11,04-01-2025 18:50
69aac10e1b0c1bff0a817df4,BOX-MUM-03,0.13,44.57,04-01-2025 19:00
69aac10e1b0c1bff0a817df5,BOX-MUM-03,-0.06,55.88,04-01-2025 19:10
69aac10e1b0c1bff0a817df6,BOX-MUM-03,0.08,42.24,04-01-2025 19:20
69aac10e1b0c1bff0a817df7,BOX-MUM-03,0.31,53.9,04-01-2025 19:30
69aac10e1b0c1bff0a817df8,BOX-MUM-03,0.17,45.13,04-01-2025 19:40
69aac10e1b0c1bff0a817df9,BOX-MUM-03,0.11,54.34,04-01-2025 19:50
69aac10e1b0c1bff0a817dfa,BOX-MUM-03,-0.14,55.01,04-01-2025 20:00
69aac10e1b0c1bff0a817dfb,BOX-MUM-03,-0.42,48.92,04-01-2025 20:10
69aac10e1b0c1bff0a817dfc,BOX-MUM-03,-0.18,51.61,04-01-2025 20:20
69aac10e1b0c1bff0a817dfd,BOX-MUM-03,-0.02,47.52,04-01-2025 20:30
69aac10e1b0c1bff0a817dfe,BOX-MUM-03,-0.12,59.91,04-01-2025 20:40
69aac10e1b0c1bff0a817dff,BOX-MUM-03,0.03,56.74,04-01-2025 20:50
69aac10e1b0c1bff0a817e00,BOX-MUM-03,0.09,51.03,04-01-2025 21:00
69aac10e1b0c1bff0a817e01,BOX-MUM-03,0.16,53.27,04-01-2025 21:10
69aac10e1b0c1bff0a817e02,BOX-MUM-03,0.19,45.01,04-01-2025 21:20
69aac10e1b0c1bff0a817e03,BOX-MUM-03,0.06,49.71,04-01-2025 21:30
69aac10e1b0c1bff0a817e04,BOX-MUM-03,0.23,56.19,04-01-2025 21:40
69aac10e1b0c1bff0a817e05,BOX-MUM-03,0.51,45.96,04-01-2025 21:50
69aac10e1b0c1bff0a817e06,BOX-MUM-03,0.5,49.39,04-01-2025 22:00
69aac10e1b0c1bff0a817e07,BOX-MUM-03,0.23,40.19,04-01-2025 22:10
69aac10e1b0c1bff0a817e08,BOX-MUM-03,0.14,50.93,04-01-2025 22:20
69aac10e1b0c1bff0a817e09,BOX-MUM-03,0.15,49.62,04-01-2025 22:30
69aac10e1b0c1bff0a817e0a,BOX-MUM-03,-0.11,49.04,04-01-2025 22:40
69aac10e1b0c1bff0a817e0b,BOX-MUM-03,-0.26,41.33,04-01-2025 22:50
69aac10e1b0c1bff0a817e0c,BOX-MUM-03,-0.02,43.34,04-01-2025 23:00
69aac10e1b0c1bff0a817e0d,BOX-MUM-03,0.22,49.47,04-01-2025 23:10
69aac10e1b0c1bff0a817e0e,BOX-MUM-03,0.07,59.8,04-01-2025 23:20
69aac10e1b0c1bff0a817e0f,BOX-MUM-03,-0.21,51.4,04-01-2025 23:30
69aac10e1b0c1bff0a817e10,BOX-MUM-03,-0.2,48.18,04-01-2025 23:40
69aac10e1b0c1bff0a817e11,BOX-MUM-03,0.08,59.81,04-01-2025 23:50
69aac10e1b0c1bff0a817e12,BOX-MUM-03,-0.09,40.84,05-01-2025 00:00
69aac10e1b0c1bff0a817e13,BOX-MUM-03,-0.17,55.94,05-01-2025 00:10
69aac10e1b0c1bff0a817e14,BOX-MUM-03,-0.03,40.79,05-01-2025 00:20
69aac10e1b0c1bff0a817e15,BOX-MUM-03,-0.07,55.12,05-01-2025 00:30
69aac10e1b0c1bff0a817e16,BOX-MUM-03,-0.34,44.83,05-01-2025 00:40
69aac10e1b0c1bff0a817e17,BOX-MUM-03,-0.13,44.67,05-01-2025 00:50
69aac10e1b0c1bff0a817e18,BOX-MUM-03,-0.12,51.63,05-01-2025 01:00
69aac10e1b0c1bff0a817e19,BOX-MUM-03,0.04,59.31,05-01-2025 01:10
69aac10e1b0c1bff0a817e1a,BOX-MUM-03,0.28,52.95,05-01-2025 01:20
69aac10e1b0c1bff0a817e1b,BOX-MUM-03,0.52,56.38,05-01-2025 01:30
69aac10e1b0c1bff0a817e1c,BOX-MUM-03,0.64,52.39,05-01-2025 01:40
69aac10e1b0c1bff0a817e1d,BOX-MUM-03,0.57,50.19,05-01-2025 01:50
69aac10e1b0c1bff0a817e1e,BOX-MUM-03,0.69,50.23,05-01-2025 02:00
69aac10e1b0c1bff0a817e1f,BOX-MUM-03,0.83,50.8,05-01-2025 02:10
69aac10e1b0c1bff0a817e20,BOX-MUM-03,1.12,40.65,05-01-2025 02:20
69aac10e1b0c1bff0a817e21,BOX-MUM-03,1.39,52.35,05-01-2025 02:30
69aac10e1b0c1bff0a817e22,BOX-MUM-03,1.17,48.04,05-01-2025 02:40
69aac10e1b0c1bff0a817e23,BOX-MUM-03,0.98,54.79,05-01-2025 02:50
69aac10e1b0c1bff0a817e24,BOX-MUM-03,1.16,55.63,05-01-2025 03:00
69aac10e1b0c1bff0a817e25,BOX-MUM-03,0.96,42.16,05-01-2025 03:10
69aac10e1b0c1bff0a817e26,BOX-MUM-03,0.94,46.93,05-01-2025 03:20
69aac10e1b0c1bff0a817e27,BOX-MUM-03,0.85,53.76,05-01-2025 03:30
69aac10e1b0c1bff0a817e28,BOX-MUM-03,0.72,57.14,05-01-2025 03:40
69aac10e1b0c1bff0a817e29,BOX-MUM-03,1,56.63,05-01-2025 03:50
69aac10e1b0c1bff0a817e2a,BOX-MUM-03,1.14,54,05-01-2025 04:00
69aac10e1b0c1bff0a817e2b,BOX-MUM-03,1.06,47.15,05-01-2025 04:10
69aac10e1b0c1bff0a817e2c,BOX-MUM-03,1.19,48.09,05-01-2025 04:20
69aac10e1b0c1bff0a817e2d,BOX-MUM-03,1.47,48.49,05-01-2025 04:30
69aac10e1b0c1bff0a817e2e,BOX-MUM-03,1.73,57.01,05-01-2025 04:40
69aac10e1b0c1bff0a817e2f,BOX-MUM-03,1.92,58.49,05-01-2025 04:50
69aac10e1b0c1bff0a817e30,BOX-MUM-03,1.87,47.95,05-01-2025 05:00
69aac10e1b0c1bff0a817e31,BOX-MUM-03,1.81,42.94,05-01-2025 05:10
69aac10e1b0c1bff0a817e32,BOX-MUM-03,1.69,50.73,05-01-2025 05:20
69aac10e1b0c1bff0a817e33,BOX-MUM-03,1.72,41.97,05-01-2025 05:30
69aac10e1b0c1bff0a817e34,BOX-MUM-03,1.79,53.53,05-01-2025 05:40
69aac10e1b0c1bff0a817e35,BOX-MUM-03,1.57,58.93,05-01-2025 05:50
69aac10e1b0c1bff0a817e36,BOX-MUM-03,1.68,48.02,05-01-2025 06:00
69aac10e1b0c1bff0a817e37,BOX-MUM-03,1.65,53.98,05-01-2025 06:10
69aac10e1b0c1bff0a817e38,BOX-MUM-03,1.78,47.97,05-01-2025 06:20
69aac10e1b0c1bff0a817e39,BOX-MUM-03,1.65,54.69,05-01-2025 06:30
69aac10e1b0c1bff0a817e3a,BOX-MUM-03,1.77,54.69,05-01-2025 06:40
69aac10e1b0c1bff0a817e3b,BOX-MUM-03,1.72,44.83,05-01-2025 06:50
69aac10e1b0c1bff0a817e3c,BOX-MUM-03,1.61,52.01,05-01-2025 07:00
69aac10e1b0c1bff0a817e3d,BOX-MUM-03,1.8,57.04,05-01-2025 07:10
69aac10e1b0c1bff0a817e3e,BOX-MUM-03,2.09,50.71,05-01-2025 07:20
69aac10e1b0c1bff0a817e3f,BOX-MUM-03,2.03,47.09,05-01-2025 07:30
69aac10e1b0c1bff0a817e40,BOX-MUM-03,2.06,57.15,05-01-2025 07:40
69aac10e1b0c1bff0a817e41,BOX-MUM-03,1.77,43.2,05-01-2025 07:50
69aac10e1b0c1bff0a817e42,BOX-MUM-03,1.93,52.49,05-01-2025 08:00
69aac10e1b0c1bff0a817e43,BOX-MUM-03,1.66,58.69,05-01-2025 08:10
69aac10e1b0c1bff0a817e44,BOX-MUM-03,1.52,55.15,05-01-2025 08:20
69aac10e1b0c1bff0a817e45,BOX-MUM-03,1.8,49.78,05-01-2025 08:30
69aac10e1b0c1bff0a817e46,BOX-MUM-03,1.96,50.79,05-01-2025 08:40
69aac10e1b0c1bff0a817e47,BOX-MUM-03,1.66,40.71,05-01-2025 08:50
69aac10e1b0c1bff0a817e48,BOX-MUM-03,1.57,45.4,05-01-2025 09:00
69aac10e1b0c1bff0a817e49,BOX-MUM-03,1.71,49.48,05-01-2025 09:10
69aac10e1b0c1bff0a817e4a,BOX-MUM-03,1.48,55.88,05-01-2025 09:20
69aac10e1b0c1bff0a817e4b,BOX-MUM-03,1.58,49.1,05-01-2025 09:30
69aac10e1b0c1bff0a817e4c,BOX-MUM-03,1.58,40.43,05-01-2025 09:40
69aac10e1b0c1bff0a817e4d,BOX-MUM-03,1.76,51.66,05-01-2025 09:50
69aac10e1b0c1bff0a817e4e,BOX-MUM-03,1.65,53.1,05-01-2025 10:00
69aac10e1b0c1bff0a817e4f,BOX-MUM-03,1.81,52.03,05-01-2025 10:10
69aac10e1b0c1bff0a817e50,BOX-MUM-03,1.8,59.54,05-01-2025 10:20
69aac10e1b0c1bff0a817e51,BOX-MUM-03,1.64,44.37,05-01-2025 10:30
69aac10e1b0c1bff0a817e52,BOX-MUM-03,1.62,54.83,05-01-2025 10:40
69aac10e1b0c1bff0a817e53,BOX-MUM-03,1.34,48.19,05-01-2025 10:50
69aac10e1b0c1bff0a817e54,BOX-MUM-03,1.45,55.45,05-01-2025 11:00
69aac10e1b0c1bff0a817e55,BOX-MUM-03,1.4,51.43,05-01-2025 11:10
69aac10e1b0c1bff0a817e56,BOX-MUM-03,1.17,43.97,05-01-2025 11:20
69aac10e1b0c1bff0a817e57,BOX-MUM-03,1.09,53.22,05-01-2025 11:30
69aac10e1b0c1bff0a817e58,BOX-MUM-03,0.83,58.7,05-01-2025 11:40
69aac10e1b0c1bff0a817e59,BOX-MUM-03,0.64,48.09,05-01-2025 11:50
69aac10e1b0c1bff0a817e5a,BOX-MUM-03,0.8,55.68,05-01-2025 12:00
69aac10e1b0c1bff0a817e5b,BOX-MUM-03,1,41.28,05-01-2025 12:10
69aac10e1b0c1bff0a817e5c,BOX-MUM-03,1.29,40.54,05-01-2025 12:20
69aac10e1b0c1bff0a817e5d,BOX-MUM-03,1.08,57.2,05-01-2025 12:30
69aac10e1b0c1bff0a817e5e,BOX-MUM-03,0.85,47.03,05-01-2025 12:40
69aac10e1b0c1bff0a817e5f,BOX-MUM-03,0.75,54.61,05-01-2025 12:50
69aac10e1b0c1bff0a817e60,BOX-MUM-03,0.84,43.45,05-01-2025 13:00
69aac10e1b0c1bff0a817e61,BOX-MUM-03,0.58,47.32,05-01-2025 13:10
69aac10e1b0c1bff0a817e62,BOX-MUM-03,0.87,59.95,05-01-2025 13:20
69aac10e1b0c1bff0a817e63,BOX-MUM-03,0.75,43.21,05-01-2025 13:30
69aac10e1b0c1bff0a817e64,BOX-MUM-03,0.56,40.43,05-01-2025 13:40
69aac10e1b0c1bff0a817e65,BOX-MUM-03,0.73,59.83,05-01-2025 13:50
69aac10e1b0c1bff0a817e66,BOX-MUM-03,0.65,46.64,05-01-2025 14:00
69aac10e1b0c1bff0a817e67,BOX-MUM-03,0.7,40.82,05-01-2025 14:10
69aac10e1b0c1bff0a817e68,BOX-MUM-03,0.58,54.52,05-01-2025 14:20
69aac10e1b0c1bff0a817e69,BOX-MUM-03,0.79,59.81,05-01-2025 14:30
69aac10e1b0c1bff0a817e6a,BOX-MUM-03,0.8,42.2,05-01-2025 14:40
69aac10e1b0c1bff0a817e6b,BOX-MUM-03,0.88,46.1,05-01-2025 14:50
69aac10e1b0c1bff0a817e6c,BOX-MUM-03,0.93,54.3,05-01-2025 15:00
69aac10e1b0c1bff0a817e6d,BOX-MUM-03,0.78,47.55,05-01-2025 15:10
69aac10e1b0c1bff0a817e6e,BOX-MUM-03,0.75,44.35,05-01-2025 15:20
69aac10e1b0c1bff0a817e6f,BOX-MUM-03,0.47,59.26,05-01-2025 15:30
69aac10e1b0c1bff0a817e70,BOX-MUM-03,0.35,55.05,05-01-2025 15:40
69aac10e1b0c1bff0a817e71,BOX-MUM-03,0.2,53.13,05-01-2025 15:50
69aac10e1b0c1bff0a817e72,BOX-MUM-03,0.33,54.96,05-01-2025 16:00
69aac10e1b0c1bff0a817e73,BOX-MUM-03,0.23,48.76,05-01-2025 16:10
69aac10e1b0c1bff0a817e74,BOX-MUM-03,0.45,47.78,05-01-2025 16:20
69aac10e1b0c1bff0a817e75,BOX-MUM-03,0.55,47.74,05-01-2025 16:30
69aac10e1b0c1bff0a817e76,BOX-MUM-03,0.52,40.34,05-01-2025 16:40
69aac10e1b0c1bff0a817e77,BOX-MUM-03,0.29,53.6,05-01-2025 16:50
69aac10e1b0c1bff0a817e78,BOX-MUM-03,0.51,48.13,05-01-2025 17:00
69aac10e1b0c1bff0a817e79,BOX-MUM-03,0.31,40.95,05-01-2025 17:10
69aac10e1b0c1bff0a817e7a,BOX-MUM-03,0.54,48.61,05-01-2025 17:20
69aac10e1b0c1bff0a817e7b,BOX-MUM-03,0.43,40.47,05-01-2025 17:30
69aac10e1b0c1bff0a817e7c,BOX-MUM-03,0.2,48.99,05-01-2025 17:40
69aac10e1b0c1bff0a817e7d,BOX-MUM-03,0.24,44.9,05-01-2025 17:50
69aac10e1b0c1bff0a817e7e,BOX-MUM-03,0,44.11,05-01-2025 18:00
69aac10e1b0c1bff0a817e7f,BOX-MUM-03,0.02,46.39,05-01-2025 18:10
69aac10e1b0c1bff0a817e80,BOX-MUM-03,0.03,41.38,05-01-2025 18:20
69aac10e1b0c1bff0a817e81,BOX-MUM-03,-0.23,41.87,05-01-2025 18:30
69aac10e1b0c1bff0a817e82,BOX-MUM-03,-0.18,43.54,05-01-2025 18:40
69aac10e1b0c1bff0a817e83,BOX-MUM-03,0.01,56.38,05-01-2025 18:50
69aac10e1b0c1bff0a817e84,BOX-MUM-03,-0.16,51.31,05-01-2025 19:00
69aac10e1b0c1bff0a817e85,BOX-MUM-03,-0.06,49.09,05-01-2025 19:10
69aac10e1b0c1bff0a817e86,BOX-MUM-03,0.08,46.26,05-01-2025 19:20
69aac10e1b0c1bff0a817e87,BOX-MUM-03,0.36,41.67,05-01-2025 19:30
69aac10e1b0c1bff0a817e88,BOX-MUM-03,0.6,40.36,05-01-2025 19:40
69aac10e1b0c1bff0a817e89,BOX-MUM-03,0.59,51.1,05-01-2025 19:50
69aac10e1b0c1bff0a817e8a,BOX-MUM-03,0.87,55.81,05-01-2025 20:00
69aac10e1b0c1bff0a817e8b,BOX-MUM-03,1.05,54.49,05-01-2025 20:10
69aac10e1b0c1bff0a817e8c,BOX-MUM-03,0.8,54.56,05-01-2025 20:20
69aac10e1b0c1bff0a817e8d,BOX-MUM-03,0.93,56.1,05-01-2025 20:30
69aac10e1b0c1bff0a817e8e,BOX-MUM-03,0.9,56.9,05-01-2025 20:40
69aac10e1b0c1bff0a817e8f,BOX-MUM-03,0.95,56.35,05-01-2025 20:50
69aac10e1b0c1bff0a817e90,BOX-MUM-03,0.76,49.34,05-01-2025 21:00
69aac10e1b0c1bff0a817e91,BOX-MUM-03,0.94,47.44,05-01-2025 21:10
69aac10e1b0c1bff0a817e92,BOX-MUM-03,1.01,49.34,05-01-2025 21:20
69aac10e1b0c1bff0a817e93,BOX-MUM-03,0.76,46.33,05-01-2025 21:30
69aac10e1b0c1bff0a817e94,BOX-MUM-03,0.84,54.87,05-01-2025 21:40
69aac10e1b0c1bff0a817e95,BOX-MUM-03,1.13,52.66,05-01-2025 21:50
69aac10e1b0c1bff0a817e96,BOX-MUM-03,1.21,40.22,05-01-2025 22:00
69aac10e1b0c1bff0a817e97,BOX-MUM-03,0.97,51.01,05-01-2025 22:10
69aac10e1b0c1bff0a817e98,BOX-MUM-03,0.98,43.08,05-01-2025 22:20
69aac10e1b0c1bff0a817e99,BOX-MUM-03,0.85,48.67,05-01-2025 22:30
69aac10e1b0c1bff0a817e9a,BOX-MUM-03,0.64,43.79,05-01-2025 22:40
69aac10e1b0c1bff0a817e9b,BOX-MUM-03,0.43,40.73,05-01-2025 22:50
69aac10e1b0c1bff0a817e9c,BOX-MUM-03,0.28,52,05-01-2025 23:00
69aac10e1b0c1bff0a817e9d,BOX-MUM-03,0.48,58.39,05-01-2025 23:10
69aac10e1b0c1bff0a817e9e,BOX-MUM-03,0.44,43.54,05-01-2025 23:20
69aac10e1b0c1bff0a817e9f,BOX-MUM-03,0.26,41.38,05-01-2025 23:30
69aac10e1b0c1bff0a817ea0,BOX-MUM-03,0.54,43.59,05-01-2025 23:40
69aac10e1b0c1bff0a817ea1,BOX-MUM-03,0.47,41.21,05-01-2025 23:50
69aac10e1b0c1bff0a817ea2,BOX-MUM-03,0.64,46.07,06-01-2025 00:00
69aac10e1b0c1bff0a817ea3,BOX-MUM-03,0.7,47.35,06-01-2025 00:10
69aac10e1b0c1bff0a817ea4,BOX-MUM-03,0.46,45.86,06-01-2025 00:20
69aac10e1b0c1bff0a817ea5,BOX-MUM-03,0.32,43.24,06-01-2025 00:30
69aac10e1b0c1bff0a817ea6,BOX-MUM-03,0.13,43.11,06-01-2025 00:40
69aac10e1b0c1bff0a817ea7,BOX-MUM-03,0.37,51.22,06-01-2025 00:50
69aac10e1b0c1bff0a817ea8,BOX-MUM-03,0.3,42.04,06-01-2025 01:00
69aac10e1b0c1bff0a817ea9,BOX-MUM-03,0.13,55.97,06-01-2025 01:10
69aac10e1b0c1bff0a817eaa,BOX-MUM-03,0.32,42.47,06-01-2025 01:20
69aac10e1b0c1bff0a817eab,BOX-MUM-03,0.09,42.18,06-01-2025 01:30
69aac10e1b0c1bff0a817eac,BOX-MUM-03,-0.04,46.75,06-01-2025 01:40
69aac10e1b0c1bff0a817ead,BOX-MUM-03,-0.11,45.76,06-01-2025 01:50
69aac10e1b0c1bff0a817eae,BOX-MUM-03,0,48.24,06-01-2025 02:00
69aac10e1b0c1bff0a817eaf,BOX-MUM-03,0.15,46.96,06-01-2025 02:10
69aac10e1b0c1bff0a817eb0,BOX-MUM-03,0.17,55.35,06-01-2025 02:20
69aac10e1b0c1bff0a817eb1,BOX-MUM-03,-0.12,50.75,06-01-2025 02:30
69aac10e1b0c1bff0a817eb2,BOX-MUM-03,0.09,57.94,06-01-2025 02:40
69aac10e1b0c1bff0a817eb3,BOX-MUM-03,0.18,53.13,06-01-2025 02:50
69aac10e1b0c1bff0a817eb4,BOX-MUM-03,0.47,41.35,06-01-2025 03:00
69aac10e1b0c1bff0a817eb5,BOX-MUM-03,0.49,54.58,06-01-2025 03:10
69aac10e1b0c1bff0a817eb6,BOX-MUM-03,0.53,50.79,06-01-2025 03:20
69aac10e1b0c1bff0a817eb7,BOX-MUM-03,0.56,58.7,06-01-2025 03:30
69aac10e1b0c1bff0a817eb8,BOX-MUM-03,0.64,48.6,06-01-2025 03:40
69aac10e1b0c1bff0a817eb9,BOX-MUM-03,0.47,50.05,06-01-2025 03:50
69aac10e1b0c1bff0a817eba,BOX-MUM-03,0.71,58.35,06-01-2025 04:00
69aac10e1b0c1bff0a817ebb,BOX-MUM-03,0.58,58.71,06-01-2025 04:10
69aac10e1b0c1bff0a817ebc,BOX-MUM-03,0.33,48.56,06-01-2025 04:20
69aac10e1b0c1bff0a817ebd,BOX-MUM-03,0.49,41.39,06-01-2025 04:30
69aac10e1b0c1bff0a817ebe,BOX-MUM-03,0.59,46.33,06-01-2025 04:40
69aac10e1b0c1bff0a817ebf,BOX-MUM-03,0.63,49.65,06-01-2025 04:50
69aac10e1b0c1bff0a817ec0,BOX-MUM-03,0.77,58.04,06-01-2025 05:00
69aac10e1b0c1bff0a817ec1,BOX-MUM-03,0.75,52.86,06-01-2025 05:10
69aac10e1b0c1bff0a817ec2,BOX-MUM-03,0.48,49.59,06-01-2025 05:20
69aac10e1b0c1bff0a817ec3,BOX-MUM-03,0.64,50.48,06-01-2025 05:30
69aac10e1b0c1bff0a817ec4,BOX-MUM-03,0.71,44.29,06-01-2025 05:40
69aac10e1b0c1bff0a817ec5,BOX-MUM-03,0.77,53.58,06-01-2025 05:50
69aac10e1b0c1bff0a817ec6,BOX-MUM-03,0.72,40.45,06-01-2025 06:00
69aac10e1b0c1bff0a817ec7,BOX-MUM-03,0.86,55.02,06-01-2025 06:10
69aac10e1b0c1bff0a817ec8,BOX-MUM-03,0.59,57.97,06-01-2025 06:20
69aac10e1b0c1bff0a817ec9,BOX-MUM-03,0.64,50.62,06-01-2025 06:30
69aac10e1b0c1bff0a817eca,BOX-MUM-03,0.79,44.78,06-01-2025 06:40
69aac10e1b0c1bff0a817ecb,BOX-MUM-03,1.02,44.24,06-01-2025 06:50
69aac10e1b0c1bff0a817ecc,BOX-MUM-03,1.05,53.76,06-01-2025 07:00
69aac10e1b0c1bff0a817ecd,BOX-MUM-03,0.8,53.3,06-01-2025 07:10
69aac10e1b0c1bff0a817ece,BOX-MUM-03,0.7,46.34,06-01-2025 07:20
69aac10e1b0c1bff0a817ecf,BOX-MUM-03,0.92,58.42,06-01-2025 07:30
69aac10e1b0c1bff0a817ed0,BOX-MUM-03,0.84,56.05,06-01-2025 07:40
69aac10e1b0c1bff0a817ed1,BOX-MUM-03,1.08,52.91,06-01-2025 07:50
69aac10e1b0c1bff0a817ed2,BOX-MUM-03,0.9,45.41,06-01-2025 08:00
69aac10e1b0c1bff0a817ed3,BOX-MUM-03,0.63,40.56,06-01-2025 08:10
69aac10e1b0c1bff0a817ed4,BOX-MUM-03,0.76,41.15,06-01-2025 08:20
69aac10e1b0c1bff0a817ed5,BOX-MUM-03,0.8,49.31,06-01-2025 08:30
69aac10e1b0c1bff0a817ed6,BOX-MUM-03,1.01,49.22,06-01-2025 08:40
69aac10e1b0c1bff0a817ed7,BOX-MUM-03,1.22,40.9,06-01-2025 08:50
69aac10e1b0c1bff0a817ed8,BOX-MUM-03,0.97,53.38,06-01-2025 09:00
69aac10e1b0c1bff0a817ed9,BOX-MUM-03,1.21,56.53,06-01-2025 09:10
69aac10e1b0c1bff0a817eda,BOX-MUM-03,1.34,54.8,06-01-2025 09:20
69aac10e1b0c1bff0a817edb,BOX-MUM-03,1.49,47.07,06-01-2025 09:30
69aac10e1b0c1bff0a817edc,BOX-MUM-03,1.28,54.4,06-01-2025 09:40
69aac10e1b0c1bff0a817edd,BOX-MUM-03,1.36,54.17,06-01-2025 09:50
69aac10e1b0c1bff0a817ede,BOX-MUM-03,1.09,42.24,06-01-2025 10:00
69aac10e1b0c1bff0a817edf,BOX-MUM-03,1.24,57.77,06-01-2025 10:10
69aac10e1b0c1bff0a817ee0,BOX-MUM-03,1.28,46.72,06-01-2025 10:20
69aac10e1b0c1bff0a817ee1,BOX-MUM-03,1.15,59.85,06-01-2025 10:30
69aac10e1b0c1bff0a817ee2,BOX-MUM-03,0.95,54.03,06-01-2025 10:40
69aac10e1b0c1bff0a817ee3,BOX-MUM-03,0.65,59.1,06-01-2025 10:50
69aac10e1b0c1bff0a817ee4,BOX-MUM-03,0.39,55.48,06-01-2025 11:00
69aac10e1b0c1bff0a817ee5,BOX-MUM-03,0.11,48.96,06-01-2025 11:10
69aac10e1b0c1bff0a817ee6,BOX-MUM-03,0.38,44.26,06-01-2025 11:20
69aac10e1b0c1bff0a817ee7,BOX-MUM-03,0.58,48.06,06-01-2025 11:30
69aac10e1b0c1bff0a817ee8,BOX-MUM-03,0.41,56.09,06-01-2025 11:40
69aac10e1b0c1bff0a817ee9,BOX-MUM-03,0.16,57.14,06-01-2025 11:50
69aac10e1b0c1bff0a817eea,BOX-MUM-03,0.23,52.99,06-01-2025 12:00
69aac10e1b0c1bff0a817eeb,BOX-MUM-03,0.37,47.06,06-01-2025 12:10
69aac10e1b0c1bff0a817eec,BOX-MUM-03,0.52,57.31,06-01-2025 12:20
69aac10e1b0c1bff0a817eed,BOX-MUM-03,0.42,59.1,06-01-2025 12:30
69aac10e1b0c1bff0a817eee,BOX-MUM-03,0.33,53.3,06-01-2025 12:40
69aac10e1b0c1bff0a817eef,BOX-MUM-03,0.25,47.51,06-01-2025 12:50
69aac10e1b0c1bff0a817ef0,BOX-MUM-03,0.41,59.82,06-01-2025 13:00
69aac10e1b0c1bff0a817ef1,BOX-MUM-03,0.5,43.38,06-01-2025 13:10
69aac10e1b0c1bff0a817ef2,BOX-MUM-03,0.78,46.39,06-01-2025 13:20
69aac10e1b0c1bff0a817ef3,BOX-MUM-03,0.6,40.63,06-01-2025 13:30
69aac10e1b0c1bff0a817ef4,BOX-MUM-03,0.87,58.07,06-01-2025 13:40
69aac10e1b0c1bff0a817ef5,BOX-MUM-03,1.13,47.25,06-01-2025 13:50
69aac10e1b0c1bff0a817ef6,BOX-MUM-03,1.1,47.54,06-01-2025 14:00
69aac10e1b0c1bff0a817ef7,BOX-MUM-03,1.09,45.98,06-01-2025 14:10
69aac10e1b0c1bff0a817ef8,BOX-MUM-03,1.26,58.29,06-01-2025 14:20
69aac10e1b0c1bff0a817ef9,BOX-MUM-03,1.16,58.98,06-01-2025 14:30
69aac10e1b0c1bff0a817efa,BOX-MUM-03,0.98,58.06,06-01-2025 14:40
69aac10e1b0c1bff0a817efb,BOX-MUM-03,0.81,58.06,06-01-2025 14:50
69aac10e1b0c1bff0a817efc,BOX-MUM-03,0.94,59.32,06-01-2025 15:00
69aac10e1b0c1bff0a817efd,BOX-MUM-03,0.92,56.76,06-01-2025 15:10
69aac10e1b0c1bff0a817efe,BOX-MUM-03,1.05,49.18,06-01-2025 15:20
69aac10e1b0c1bff0a817eff,BOX-MUM-03,1.17,51.71,06-01-2025 15:30
69aac10e1b0c1bff0a817f00,BOX-MUM-03,0.94,54.1,06-01-2025 15:40
69aac10e1b0c1bff0a817f01,BOX-MUM-03,1,49.39,06-01-2025 15:50
69aac10e1b0c1bff0a817f02,BOX-MUM-03,1.06,49.87,06-01-2025 16:00
69aac10e1b0c1bff0a817f03,BOX-MUM-03,1.24,42.69,06-01-2025 16:10
69aac10e1b0c1bff0a817f04,BOX-MUM-03,1.37,55.2,06-01-2025 16:20
69aac10e1b0c1bff0a817f05,BOX-MUM-03,1.37,57.68,06-01-2025 16:30
69aac10e1b0c1bff0a817f06,BOX-MUM-03,1.5,55.61,06-01-2025 16:40
69aac10e1b0c1bff0a817f07,BOX-MUM-03,1.37,57.31,06-01-2025 16:50
69aac10e1b0c1bff0a817f08,BOX-MUM-03,1.23,40.9,06-01-2025 17:00
69aac10e1b0c1bff0a817f09,BOX-MUM-03,1.31,51.97,06-01-2025 17:10
69aac10e1b0c1bff0a817f0a,BOX-MUM-03,1.12,45.12,06-01-2025 17:20
69aac10e1b0c1bff0a817f0b,BOX-MUM-03,1.1,45.89,06-01-2025 17:30
69aac10e1b0c1bff0a817f0c,BOX-MUM-03,1.06,50.57,06-01-2025 17:40
69aac10e1b0c1bff0a817f0d,BOX-MUM-03,0.93,44.61,06-01-2025 17:50
69aac10e1b0c1bff0a817f0e,BOX-MUM-03,0.78,43.24,06-01-2025 18:00
69aac10e1b0c1bff0a817f0f,BOX-MUM-03,0.55,58.71,06-01-2025 18:10
69aac10e1b0c1bff0a817f10,BOX-MUM-03,0.27,59.96,06-01-2025 18:20
69aac10e1b0c1bff0a817f11,BOX-MUM-03,0.45,51.9,06-01-2025 18:30
69aac10e1b0c1bff0a817f12,BOX-MUM-03,0.16,48.34,06-01-2025 18:40
69aac10e1b0c1bff0a817f13,BOX-MUM-03,0.15,55.1,06-01-2025 18:50
69aac10e1b0c1bff0a817f14,BOX-MUM-03,-0.14,51.81,06-01-2025 19:00
69aac10e1b0c1bff0a817f15,BOX-MUM-03,-0.2,47.78,06-01-2025 19:10
69aac10e1b0c1bff0a817f16,BOX-MUM-03,0.09,48.56,06-01-2025 19:20
69aac10e1b0c1bff0a817f17,BOX-MUM-03,0.17,46.39,06-01-2025 19:30
69aac10e1b0c1bff0a817f18,BOX-MUM-03,0.07,53.8,06-01-2025 19:40
69aac10e1b0c1bff0a817f19,BOX-MUM-03,-0.16,43.47,06-01-2025 19:50
69aac10e1b0c1bff0a817f1a,BOX-MUM-03,-0.18,57.85,06-01-2025 20:00
69aac10e1b0c1bff0a817f1b,BOX-MUM-03,0.05,59.62,06-01-2025 20:10
69aac10e1b0c1bff0a817f1c,BOX-MUM-03,-0.03,59.87,06-01-2025 20:20
69aac10e1b0c1bff0a817f1d,BOX-MUM-03,-0.08,41,06-01-2025 20:30
69aac10e1b0c1bff0a817f1e,BOX-MUM-03,-0.16,54.13,06-01-2025 20:40
69aac10e1b0c1bff0a817f1f,BOX-MUM-03,-0.08,57.49,06-01-2025 20:50
69aac10e1b0c1bff0a817f20,BOX-MUM-03,-0.3,47.39,06-01-2025 21:00
69aac10e1b0c1bff0a817f21,BOX-MUM-03,-0.04,52.21,06-01-2025 21:10
69aac10e1b0c1bff0a817f22,BOX-MUM-03,-0.08,48.45,06-01-2025 21:20
69aac10e1b0c1bff0a817f23,BOX-MUM-03,0.06,41.24,06-01-2025 21:30
69aac10e1b0c1bff0a817f24,BOX-MUM-03,0.12,48.39,06-01-2025 21:40
69aac10e1b0c1bff0a817f25,BOX-MUM-03,0.15,54.76,06-01-2025 21:50
69aac10e1b0c1bff0a817f26,BOX-MUM-03,0.36,54.02,06-01-2025 22:00
69aac10e1b0c1bff0a817f27,BOX-MUM-03,0.19,55.56,06-01-2025 22:10
69aac10e1b0c1bff0a817f28,BOX-MUM-03,0.15,44.05,06-01-2025 22:20
69aac10e1b0c1bff0a817f29,BOX-MUM-03,-0.04,48.13,06-01-2025 22:30
69aac10e1b0c1bff0a817f2a,BOX-MUM-03,-0.07,49.78,06-01-2025 22:40
69aac10e1b0c1bff0a817f2b,BOX-MUM-03,-0.22,52.78,06-01-2025 22:50
69aac10e1b0c1bff0a817f2c,BOX-MUM-03,0.05,41.93,06-01-2025 23:00
69aac10e1b0c1bff0a817f2d,BOX-MUM-03,-0.08,49.34,06-01-2025 23:10
69aac10e1b0c1bff0a817f2e,BOX-MUM-03,0.08,45.2,06-01-2025 23:20
69aac10e1b0c1bff0a817f2f,BOX-MUM-03,0.13,50.81,06-01-2025 23:30
69aac10e1b0c1bff0a817f30,BOX-MUM-03,0,46.78,06-01-2025 23:40
69aac10e1b0c1bff0a817f31,BOX-MUM-03,0.16,44.89,06-01-2025 23:50
69aac10e1b0c1bff0a817f32,BOX-MUM-03,0.07,52.41,07-01-2025 00:00
69aac10e1b0c1bff0a817f33,BOX-MUM-03,-0.11,56.86,07-01-2025 00:10
69aac10e1b0c1bff0a817f34,BOX-MUM-03,0.1,47.89,07-01-2025 00:20
69aac10e1b0c1bff0a817f35,BOX-MUM-03,0.33,48.13,07-01-2025 00:30
69aac10e1b0c1bff0a817f36,BOX-MUM-03,0.19,40.21,07-01-2025 00:40
69aac10e1b0c1bff0a817f37,BOX-MUM-03,-0.02,58.64,07-01-2025 00:50
69aac10e1b0c1bff0a817f38,BOX-MUM-03,-0.24,59.91,07-01-2025 01:00
69aac10e1b0c1bff0a817f39,BOX-MUM-03,-0.48,41.79,07-01-2025 01:10
69aac10e1b0c1bff0a817f3a,BOX-MUM-03,-0.47,57.74,07-01-2025 01:20
69aac10e1b0c1bff0a817f3b,BOX-MUM-03,-0.6,52.09,07-01-2025 01:30
69aac10e1b0c1bff0a817f3c,BOX-MUM-03,-0.87,56.28,07-01-2025 01:40
69aac10e1b0c1bff0a817f3d,BOX-MUM-03,-0.58,56.09,07-01-2025 01:50
69aac10e1b0c1bff0a817f3e,BOX-MUM-03,-0.42,59.09,07-01-2025 02:00
69aac10e1b0c1bff0a817f3f,BOX-MUM-03,-0.15,48.96,07-01-2025 02:10
69aac10e1b0c1bff0a817f40,BOX-MUM-03,-0.14,59.52,07-01-2025 02:20
69aac10e1b0c1bff0a817f41,BOX-MUM-03,0.02,40.04,07-01-2025 02:30
69aac10e1b0c1bff0a817f42,BOX-MUM-03,-0.27,49.85,07-01-2025 02:40
69aac10e1b0c1bff0a817f43,BOX-MUM-03,-0.35,42.21,07-01-2025 02:50
69aac10e1b0c1bff0a817f44,BOX-MUM-03,-0.62,47.87,07-01-2025 03:00
69aac10e1b0c1bff0a817f45,BOX-MUM-03,-0.41,53.52,07-01-2025 03:10
69aac10e1b0c1bff0a817f46,BOX-MUM-03,-0.64,47.95,07-01-2025 03:20
69aac10e1b0c1bff0a817f47,BOX-MUM-03,-0.78,42.03,07-01-2025 03:30
69aac10e1b0c1bff0a817f48,BOX-MUM-03,-0.91,57.8,07-01-2025 03:40
69aac10e1b0c1bff0a817f49,BOX-MUM-03,-1.14,49.13,07-01-2025 03:50
69aac10e1b0c1bff0a817f4a,BOX-MUM-03,-1.37,56.06,07-01-2025 04:00
69aac10e1b0c1bff0a817f4b,BOX-MUM-03,-1.56,49.95,07-01-2025 04:10
69aac10e1b0c1bff0a817f4c,BOX-MUM-03,-1.3,47.21,07-01-2025 04:20
69aac10e1b0c1bff0a817f4d,BOX-MUM-03,-1.33,58.02,07-01-2025 04:30
69aac10e1b0c1bff0a817f4e,BOX-MUM-03,-1.15,55.02,07-01-2025 04:40
69aac10e1b0c1bff0a817f4f,BOX-MUM-03,-1.19,58.03,07-01-2025 04:50
69aac10e1b0c1bff0a817f50,BOX-MUM-03,-1.41,43.02,07-01-2025 05:00
69aac10e1b0c1bff0a817f51,BOX-MUM-03,-1.12,48.07,07-01-2025 05:10
69aac10e1b0c1bff0a817f52,BOX-MUM-03,-1.03,58.59,07-01-2025 05:20
69aac10e1b0c1bff0a817f53,BOX-MUM-03,-1.2,57.86,07-01-2025 05:30
69aac10e1b0c1bff0a817f54,BOX-MUM-03,-1.24,40.38,07-01-2025 05:40
69aac10e1b0c1bff0a817f55,BOX-MUM-03,-1.53,43.09,07-01-2025 05:50
69aac10e1b0c1bff0a817f56,BOX-MUM-03,-1.82,45.51,07-01-2025 06:00
69aac10e1b0c1bff0a817f57,BOX-MUM-03,-2.05,43.71,07-01-2025 06:10
69aac10e1b0c1bff0a817f58,BOX-MUM-03,-2.2,52.88,07-01-2025 06:20
69aac10e1b0c1bff0a817f59,BOX-MUM-03,-2.48,46.35,07-01-2025 06:30
69aac10e1b0c1bff0a817f5a,BOX-MUM-03,-2.69,57.31,07-01-2025 06:40
69aac10e1b0c1bff0a817f5b,BOX-MUM-03,-2.86,57.33,07-01-2025 06:50
69aac10e1b0c1bff0a817f5c,BOX-MUM-03,-2.93,51.49,07-01-2025 07:00
69aac10e1b0c1bff0a817f5d,BOX-MUM-03,-2.92,42.72,07-01-2025 07:10
69aac10e1b0c1bff0a817f5e,BOX-MUM-03,-2.9,40.44,07-01-2025 07:20
69aac10e1b0c1bff0a817f5f,BOX-MUM-03,-3.13,49.05,07-01-2025 07:30
69aac10e1b0c1bff0a817f60,BOX-MUM-03,-3.2,52.86,07-01-2025 07:40
69aac10e1b0c1bff0a817f61,BOX-MUM-03,-2.98,51.42,07-01-2025 07:50
69aac10e1b0c1bff0a817f62,BOX-MUM-03,-2.87,57.92,07-01-2025 08:00
69aac10e1b0c1bff0a817f63,BOX-MUM-03,-2.88,58.59,07-01-2025 08:10
69aac10e1b0c1bff0a817f64,BOX-MUM-03,-2.86,40.56,07-01-2025 08:20
69aac10e1b0c1bff0a817f65,BOX-MUM-03,-3.15,57.66,07-01-2025 08:30
69aac10e1b0c1bff0a817f66,BOX-MUM-03,-3.19,43.53,07-01-2025 08:40
69aac10e1b0c1bff0a817f67,BOX-MUM-03,-3.4,51.89,07-01-2025 08:50
69aac10e1b0c1bff0a817f68,BOX-MUM-03,-3.24,43.28,07-01-2025 09:00
69aac10e1b0c1bff0a817f69,BOX-MUM-03,-3.07,54.92,07-01-2025 09:10
69aac10e1b0c1bff0a817f6a,BOX-MUM-03,-3.29,40.26,07-01-2025 09:20
69aac10e1b0c1bff0a817f6b,BOX-MUM-03,-3.35,53.46,07-01-2025 09:30
69aac10e1b0c1bff0a817f6c,BOX-MUM-03,-3.29,41.44,07-01-2025 09:40
69aac10e1b0c1bff0a817f6d,BOX-MUM-03,-3.1,59.13,07-01-2025 09:50
69aac10e1b0c1bff0a817f6e,BOX-MUM-03,-3.32,48.08,07-01-2025 10:00
69aac10e1b0c1bff0a817f6f,BOX-MUM-03,-3.46,54.38,07-01-2025 10:10
69aac10e1b0c1bff0a817f70,BOX-MUM-03,-3.44,55.3,07-01-2025 10:20
69aac10e1b0c1bff0a817f71,BOX-MUM-03,-3.35,51.68,07-01-2025 10:30
69aac10e1b0c1bff0a817f72,BOX-MUM-03,-3.06,49.5,07-01-2025 10:40
69aac10e1b0c1bff0a817f73,BOX-MUM-03,-2.97,48.5,07-01-2025 10:50
69aac10e1b0c1bff0a817f74,BOX-MUM-03,-2.71,59.15,07-01-2025 11:00
69aac10e1b0c1bff0a817f75,BOX-MUM-03,-2.81,59.01,07-01-2025 11:10
69aac10e1b0c1bff0a817f76,BOX-MUM-03,-2.54,41.81,07-01-2025 11:20
69aac10e1b0c1bff0a817f77,BOX-MUM-03,-2.83,54.6,07-01-2025 11:30
69aac10e1b0c1bff0a817f78,BOX-MUM-03,-2.65,42.68,07-01-2025 11:40
69aac10e1b0c1bff0a817f79,BOX-MUM-03,-2.88,54.78,07-01-2025 11:50
69aac10e1b0c1bff0a817f7a,BOX-MUM-03,-3.01,43.65,07-01-2025 12:00
69aac10e1b0c1bff0a817f7b,BOX-MUM-03,-3.25,59.86,07-01-2025 12:10
69aac10e1b0c1bff0a817f7c,BOX-MUM-03,-3.36,40.77,07-01-2025 12:20
69aac10e1b0c1bff0a817f7d,BOX-MUM-03,-3.15,43.45,07-01-2025 12:30
69aac10e1b0c1bff0a817f7e,BOX-MUM-03,-3.34,55.51,07-01-2025 12:40
69aac10e1b0c1bff0a817f7f,BOX-MUM-03,-3.54,55.54,07-01-2025 12:50
69aac10e1b0c1bff0a817f80,BOX-MUM-03,-3.52,56.96,07-01-2025 13:00
69aac10e1b0c1bff0a817f81,BOX-MUM-03,-3.48,55.08,07-01-2025 13:10
69aac10e1b0c1bff0a817f82,BOX-MUM-03,-3.52,53.83,07-01-2025 13:20
69aac10e1b0c1bff0a817f83,BOX-MUM-03,-3.76,54.72,07-01-2025 13:30
69aac10e1b0c1bff0a817f84,BOX-MUM-03,-3.74,58.84,07-01-2025 13:40
69aac10e1b0c1bff0a817f85,BOX-MUM-03,-3.87,49.8,07-01-2025 13:50
69aac10e1b0c1bff0a817f86,BOX-MUM-03,-3.74,48.46,07-01-2025 14:00
69aac10e1b0c1bff0a817f87,BOX-MUM-03,-3.88,54.62,07-01-2025 14:10
69aac10e1b0c1bff0a817f88,BOX-MUM-03,-3.99,54.85,07-01-2025 14:20
69aac10e1b0c1bff0a817f89,BOX-MUM-03,-3.96,47.85,07-01-2025 14:30
69aac10e1b0c1bff0a817f8a,BOX-MUM-03,-4.16,54.34,07-01-2025 14:40
69aac10e1b0c1bff0a817f8b,BOX-MUM-03,-3.87,51.01,07-01-2025 14:50
69aac10e1b0c1bff0a817f8c,BOX-MUM-03,-4.04,52.07,07-01-2025 15:00
69aac10e1b0c1bff0a817f8d,BOX-MUM-03,-4.31,56.01,07-01-2025 15:10
69aac10e1b0c1bff0a817f8e,BOX-MUM-03,-4.39,53.9,07-01-2025 15:20
69aac10e1b0c1bff0a817f8f,BOX-MUM-03,-4.58,51.04,07-01-2025 15:30
69aac10e1b0c1bff0a817f90,BOX-MUM-03,-4.79,55.56,07-01-2025 15:40
69aac10e1b0c1bff0a817f91,BOX-MUM-03,-4.77,47.37,07-01-2025 15:50
69aac10e1b0c1bff0a817f92,BOX-MUM-03,-4.61,40.79,07-01-2025 16:00
69aac10e1b0c1bff0a817f93,BOX-MUM-03,-4.56,50.13,07-01-2025 16:10
69aac10e1b0c1bff0a817f94,BOX-MUM-03,-4.7,42.85,07-01-2025 16:20
69aac10e1b0c1bff0a817f95,BOX-MUM-03,-4.72,49.17,07-01-2025 16:30
69aac10e1b0c1bff0a817f96,BOX-MUM-03,-4.6,47.96,07-01-2025 16:40
69aac10e1b0c1bff0a817f97,BOX-MUM-03,-4.55,56.7,07-01-2025 16:50
69aac10e1b0c1bff0a817f98,BOX-MUM-03,-4.78,58.73,07-01-2025 17:00
69aac10e1b0c1bff0a817f99,BOX-MUM-03,-4.81,49.45,07-01-2025 17:10
69aac10e1b0c1bff0a817f9a,BOX-MUM-03,-5.07,42.84,07-01-2025 17:20
69aac10e1b0c1bff0a817f9b,BOX-MUM-03,-5.27,55.04,07-01-2025 17:30
69aac10e1b0c1bff0a817f9c,BOX-MUM-03,-5.47,41.29,07-01-2025 17:40
69aac10e1b0c1bff0a817f9d,BOX-MUM-03,-5.67,50.07,07-01-2025 17:50
69aac10e1b0c1bff0a817f9e,BOX-MUM-03,-5.88,49.86,07-01-2025 18:00
69aac10e1b0c1bff0a817f9f,BOX-MUM-03,-5.78,46.98,07-01-2025 18:10
69aac10e1b0c1bff0a817fa0,BOX-MUM-03,-5.83,57.74,07-01-2025 18:20
69aac10e1b0c1bff0a817fa1,BOX-MUM-03,-5.76,56.34,07-01-2025 18:30
69aac10e1b0c1bff0a817fa2,BOX-MUM-03,-5.81,52.77,07-01-2025 18:40
69aac10e1b0c1bff0a817fa3,BOX-MUM-03,-5.77,48.93,07-01-2025 18:50
69aac10e1b0c1bff0a817fa4,BOX-MUM-03,-5.87,46.2,07-01-2025 19:00
69aac10e1b0c1bff0a817fa5,BOX-MUM-03,-5.67,57.66,07-01-2025 19:10
69aac10e1b0c1bff0a817fa6,BOX-MUM-03,-5.52,49.91,07-01-2025 19:20
69aac10e1b0c1bff0a817fa7,BOX-MUM-03,-5.79,53.8,07-01-2025 19:30
69aac10e1b0c1bff0a817fa8,BOX-MUM-03,-5.86,58.06,07-01-2025 19:40
69aac10e1b0c1bff0a817fa9,BOX-MUM-03,-5.77,47.09,07-01-2025 19:50
69aac10e1b0c1bff0a817faa,BOX-MUM-03,-5.58,55.45,07-01-2025 20:00
69aac10e1b0c1bff0a817fab,BOX-MUM-03,-5.3,49.89,07-01-2025 20:10
69aac10e1b0c1bff0a817fac,BOX-MUM-03,-5.13,44.18,07-01-2025 20:20
69aac10e1b0c1bff0a817fad,BOX-MUM-03,-5.02,54.73,07-01-2025 20:30
69aac10e1b0c1bff0a817fae,BOX-MUM-03,-4.75,44.67,07-01-2025 20:40
69aac10e1b0c1bff0a817faf,BOX-MUM-03,-4.87,56.19,07-01-2025 20:50
69aac10e1b0c1bff0a817fb0,BOX-MUM-03,-4.71,45.45,07-01-2025 21:00
69aac10e1b0c1bff0a817fb1,BOX-MUM-03,-4.76,43.29,07-01-2025 21:10
69aac10e1b0c1bff0a817fb2,BOX-MUM-03,-4.67,50.41,07-01-2025 21:20
69aac10e1b0c1bff0a817fb3,BOX-MUM-03,-4.77,40.15,07-01-2025 21:30
69aac10e1b0c1bff0a817fb4,BOX-MUM-03,-4.54,59.14,07-01-2025 21:40
69aac10e1b0c1bff0a817fb5,BOX-MUM-03,-4.26,44.79,07-01-2025 21:50
69aac10e1b0c1bff0a817fb6,BOX-MUM-03,-4.19,49.79,07-01-2025 22:00
69aac10e1b0c1bff0a817fb7,BOX-MUM-03,-4.14,42.05,07-01-2025 22:10
69aac10e1b0c1bff0a817fb8,BOX-MUM-03,-4.27,50.69,07-01-2025 22:20
69aac10e1b0c1bff0a817fb9,BOX-MUM-03,-4.24,52.17,07-01-2025 22:30
69aac10e1b0c1bff0a817fba,BOX-BLR-04,5.95,41.66,01-01-2025 00:00
69aac10e1b0c1bff0a817fbb,BOX-BLR-04,5.83,45.71,01-01-2025 00:10
69aac10e1b0c1bff0a817fbc,BOX-BLR-04,6,40.27,01-01-2025 00:20
69aac10e1b0c1bff0a817fbd,BOX-BLR-04,6.16,56.77,01-01-2025 00:30
69aac10e1b0c1bff0a817fbe,BOX-BLR-04,6.02,49.28,01-01-2025 00:40
69aac10e1b0c1bff0a817fbf,BOX-BLR-04,6.12,47.55,01-01-2025 00:50
69aac10e1b0c1bff0a817fc0,BOX-BLR-04,6.09,58.37,01-01-2025 01:00
69aac10e1b0c1bff0a817fc1,BOX-BLR-04,6.1,55.52,01-01-2025 01:10
69aac10e1b0c1bff0a817fc2,BOX-BLR-04,6.26,41.29,01-01-2025 01:20
69aac10e1b0c1bff0a817fc3,BOX-BLR-04,6.5,43.85,01-01-2025 01:30
69aac10e1b0c1bff0a817fc4,BOX-BLR-04,6.37,42.91,01-01-2025 01:40
69aac10e1b0c1bff0a817fc5,BOX-BLR-04,6.44,46.71,01-01-2025 01:50
69aac10e1b0c1bff0a817fc6,BOX-BLR-04,6.4,42.41,01-01-2025 02:00
69aac10e1b0c1bff0a817fc7,BOX-BLR-04,6.37,55.24,01-01-2025 02:10
69aac10e1b0c1bff0a817fc8,BOX-BLR-04,6.21,51.56,01-01-2025 02:20
69aac10e1b0c1bff0a817fc9,BOX-BLR-04,6.04,51.93,01-01-2025 02:30
69aac10e1b0c1bff0a817fca,BOX-BLR-04,6.29,56.06,01-01-2025 02:40
69aac10e1b0c1bff0a817fcb,BOX-BLR-04,6.06,41.5,01-01-2025 02:50
69aac10e1b0c1bff0a817fcc,BOX-BLR-04,5.85,53.55,01-01-2025 03:00
69aac10e1b0c1bff0a817fcd,BOX-BLR-04,5.85,42.02,01-01-2025 03:10
69aac10e1b0c1bff0a817fce,BOX-BLR-04,5.69,56.48,01-01-2025 03:20
69aac10e1b0c1bff0a817fcf,BOX-BLR-04,5.69,51.9,01-01-2025 03:30
69aac10e1b0c1bff0a817fd0,BOX-BLR-04,5.44,56.54,01-01-2025 03:40
69aac10e1b0c1bff0a817fd1,BOX-BLR-04,5.17,57.62,01-01-2025 03:50
69aac10e1b0c1bff0a817fd2,BOX-BLR-04,4.92,47.77,01-01-2025 04:00
69aac10e1b0c1bff0a817fd3,BOX-BLR-04,4.82,52.99,01-01-2025 04:10
69aac10e1b0c1bff0a817fd4,BOX-BLR-04,4.79,58.16,01-01-2025 04:20
69aac10e1b0c1bff0a817fd5,BOX-BLR-04,4.51,59.62,01-01-2025 04:30
69aac10e1b0c1bff0a817fd6,BOX-BLR-04,4.77,57.25,01-01-2025 04:40
69aac10e1b0c1bff0a817fd7,BOX-BLR-04,4.68,41.45,01-01-2025 04:50
69aac10e1b0c1bff0a817fd8,BOX-BLR-04,4.89,42.04,01-01-2025 05:00
69aac10e1b0c1bff0a817fd9,BOX-BLR-04,4.69,55.09,01-01-2025 05:10
69aac10e1b0c1bff0a817fda,BOX-BLR-04,4.92,50.47,01-01-2025 05:20
69aac10e1b0c1bff0a817fdb,BOX-BLR-04,4.66,59.67,01-01-2025 05:30
69aac10e1b0c1bff0a817fdc,BOX-BLR-04,4.4,56.47,01-01-2025 05:40
69aac10e1b0c1bff0a817fdd,BOX-BLR-04,4.66,41.87,01-01-2025 05:50
69aac10e1b0c1bff0a817fde,BOX-BLR-04,4.71,53.95,01-01-2025 06:00
69aac10e1b0c1bff0a817fdf,BOX-BLR-04,4.55,40.11,01-01-2025 06:10
69aac10e1b0c1bff0a817fe0,BOX-BLR-04,4.75,55.68,01-01-2025 06:20
69aac10e1b0c1bff0a817fe1,BOX-BLR-04,4.7,42.24,01-01-2025 06:30
69aac10e1b0c1bff0a817fe2,BOX-BLR-04,4.76,55.91,01-01-2025 06:40
69aac10e1b0c1bff0a817fe3,BOX-BLR-04,4.84,41.59,01-01-2025 06:50
69aac10e1b0c1bff0a817fe4,BOX-BLR-04,4.92,58.81,01-01-2025 07:00
69aac10e1b0c1bff0a817fe5,BOX-BLR-04,4.9,44.81,01-01-2025 07:10
69aac10e1b0c1bff0a817fe6,BOX-BLR-04,5.02,55.67,01-01-2025 07:20
69aac10e1b0c1bff0a817fe7,BOX-BLR-04,4.88,53.64,01-01-2025 07:30
69aac10e1b0c1bff0a817fe8,BOX-BLR-04,4.77,45.39,01-01-2025 07:40
69aac10e1b0c1bff0a817fe9,BOX-BLR-04,5,40.5,01-01-2025 07:50
69aac10e1b0c1bff0a817fea,BOX-BLR-04,4.94,58.57,01-01-2025 08:00
69aac10e1b0c1bff0a817feb,BOX-BLR-04,5.2,45.69,01-01-2025 08:10
69aac10e1b0c1bff0a817fec,BOX-BLR-04,5.02,58.11,01-01-2025 08:20
69aac10e1b0c1bff0a817fed,BOX-BLR-04,5.14,53.24,01-01-2025 08:30
69aac10e1b0c1bff0a817fee,BOX-BLR-04,5.28,59.46,01-01-2025 08:40
69aac10e1b0c1bff0a817fef,BOX-BLR-04,5.43,50.75,01-01-2025 08:50
69aac10e1b0c1bff0a817ff0,BOX-BLR-04,5.29,53.76,01-01-2025 09:00
69aac10e1b0c1bff0a817ff1,BOX-BLR-04,5.14,45.37,01-01-2025 09:10
69aac10e1b0c1bff0a817ff2,BOX-BLR-04,5.33,57.98,01-01-2025 09:20
69aac10e1b0c1bff0a817ff3,BOX-BLR-04,5.3,47.01,01-01-2025 09:30
69aac10e1b0c1bff0a817ff4,BOX-BLR-04,5.4,46.79,01-01-2025 09:40
69aac10e1b0c1bff0a817ff5,BOX-BLR-04,5.55,46.07,01-01-2025 09:50
69aac10e1b0c1bff0a817ff6,BOX-BLR-04,5.26,45.76,01-01-2025 10:00
69aac10e1b0c1bff0a817ff7,BOX-BLR-04,5.16,51.78,01-01-2025 10:10
69aac10e1b0c1bff0a817ff8,BOX-BLR-04,5.35,47.68,01-01-2025 10:20
69aac10e1b0c1bff0a817ff9,BOX-BLR-04,5.54,40.83,01-01-2025 10:30
69aac10e1b0c1bff0a817ffa,BOX-BLR-04,5.35,56.59,01-01-2025 10:40
69aac10e1b0c1bff0a817ffb,BOX-BLR-04,5.6,57.41,01-01-2025 10:50
69aac10e1b0c1bff0a817ffc,BOX-BLR-04,5.57,48.18,01-01-2025 11:00
69aac10e1b0c1bff0a817ffd,BOX-BLR-04,5.46,40.14,01-01-2025 11:10
69aac10e1b0c1bff0a817ffe,BOX-BLR-04,5.43,59.15,01-01-2025 11:20
69aac10e1b0c1bff0a817fff,BOX-BLR-04,5.24,48.87,01-01-2025 11:30
69aac10e1b0c1bff0a818000,BOX-BLR-04,5.5,56.94,01-01-2025 11:40
69aac10e1b0c1bff0a818001,BOX-BLR-04,5.29,54.74,01-01-2025 11:50
69aac10e1b0c1bff0a818002,BOX-BLR-04,5.46,43.19,01-01-2025 12:00
69aac10e1b0c1bff0a818003,BOX-BLR-04,5.25,46.3,01-01-2025 12:10
69aac10e1b0c1bff0a818004,BOX-BLR-04,5.33,53.15,01-01-2025 12:20
69aac10e1b0c1bff0a818005,BOX-BLR-04,5.15,56.72,01-01-2025 12:30
69aac10e1b0c1bff0a818006,BOX-BLR-04,5.23,56.89,01-01-2025 12:40
69aac10e1b0c1bff0a818007,BOX-BLR-04,5.01,54.92,01-01-2025 12:50
69aac10e1b0c1bff0a818008,BOX-BLR-04,4.73,45.36,01-01-2025 13:00
69aac10e1b0c1bff0a818009,BOX-BLR-04,5.01,59.78,01-01-2025 13:10
69aac10e1b0c1bff0a81800a,BOX-BLR-04,5.04,49.49,01-01-2025 13:20
69aac10e1b0c1bff0a81800b,BOX-BLR-04,4.89,42.07,01-01-2025 13:30
69aac10e1b0c1bff0a81800c,BOX-BLR-04,4.66,45.28,01-01-2025 13:40
69aac10e1b0c1bff0a81800d,BOX-BLR-04,4.46,42.01,01-01-2025 13:50
69aac10e1b0c1bff0a81800e,BOX-BLR-04,4.23,50.2,01-01-2025 14:00
69aac10e1b0c1bff0a81800f,BOX-BLR-04,4.28,54.95,01-01-2025 14:10
69aac10e1b0c1bff0a818010,BOX-BLR-04,4.08,50.11,01-01-2025 14:20
69aac10e1b0c1bff0a818011,BOX-BLR-04,4.2,58.25,01-01-2025 14:30
69aac10e1b0c1bff0a818012,BOX-BLR-04,4.4,45.52,01-01-2025 14:40
69aac10e1b0c1bff0a818013,BOX-BLR-04,4.43,56.91,01-01-2025 14:50
69aac10e1b0c1bff0a818014,BOX-BLR-04,4.38,49.56,01-01-2025 15:00
69aac10e1b0c1bff0a818015,BOX-BLR-04,4.47,49.6,01-01-2025 15:10
69aac10e1b0c1bff0a818016,BOX-BLR-04,4.54,49.69,01-01-2025 15:20
69aac10e1b0c1bff0a818017,BOX-BLR-04,4.66,43.91,01-01-2025 15:30
69aac10e1b0c1bff0a818018,BOX-BLR-04,4.7,59.05,01-01-2025 15:40
69aac10e1b0c1bff0a818019,BOX-BLR-04,4.8,51.63,01-01-2025 15:50
69aac10e1b0c1bff0a81801a,BOX-BLR-04,5.09,51.39,01-01-2025 16:00
69aac10e1b0c1bff0a81801b,BOX-BLR-04,4.9,49.02,01-01-2025 16:10
69aac10e1b0c1bff0a81801c,BOX-BLR-04,4.67,55.69,01-01-2025 16:20
69aac10e1b0c1bff0a81801d,BOX-BLR-04,4.53,44.57,01-01-2025 16:30
69aac10e1b0c1bff0a81801e,BOX-BLR-04,4.46,48.51,01-01-2025 16:40
69aac10e1b0c1bff0a81801f,BOX-BLR-04,4.24,43,01-01-2025 16:50
69aac10e1b0c1bff0a818020,BOX-BLR-04,4.36,44.83,01-01-2025 17:00
69aac10e1b0c1bff0a818021,BOX-BLR-04,4.35,49.09,01-01-2025 17:10
69aac10e1b0c1bff0a818022,BOX-BLR-04,4.3,58.39,01-01-2025 17:20
69aac10e1b0c1bff0a818023,BOX-BLR-04,4.24,58.25,01-01-2025 17:30
69aac10e1b0c1bff0a818024,BOX-BLR-04,4.42,58.13,01-01-2025 17:40
69aac10e1b0c1bff0a818025,BOX-BLR-04,4.19,50.27,01-01-2025 17:50
69aac10e1b0c1bff0a818026,BOX-BLR-04,4.13,58.47,01-01-2025 18:00
69aac10e1b0c1bff0a818027,BOX-BLR-04,4.15,45.31,01-01-2025 18:10
69aac10e1b0c1bff0a818028,BOX-BLR-04,4.09,48.39,01-01-2025 18:20
69aac10e1b0c1bff0a818029,BOX-BLR-04,4.32,46.59,01-01-2025 18:30
69aac10e1b0c1bff0a81802a,BOX-BLR-04,4.02,41.6,01-01-2025 18:40
69aac10e1b0c1bff0a81802b,BOX-BLR-04,4.15,49.84,01-01-2025 18:50
69aac10e1b0c1bff0a81802c,BOX-BLR-04,4.44,45.89,01-01-2025 19:00
69aac10e1b0c1bff0a81802d,BOX-BLR-04,4.62,42.58,01-01-2025 19:10
69aac10e1b0c1bff0a81802e,BOX-BLR-04,4.63,55.43,01-01-2025 19:20
69aac10e1b0c1bff0a81802f,BOX-BLR-04,4.72,46.29,01-01-2025 19:30
69aac10e1b0c1bff0a818030,BOX-BLR-04,4.65,53.25,01-01-2025 19:40
69aac10e1b0c1bff0a818031,BOX-BLR-04,4.43,40.76,01-01-2025 19:50
69aac10e1b0c1bff0a818032,BOX-BLR-04,4.4,57.11,01-01-2025 20:00
69aac10e1b0c1bff0a818033,BOX-BLR-04,4.64,40.64,01-01-2025 20:10
69aac10e1b0c1bff0a818034,BOX-BLR-04,4.51,53.61,01-01-2025 20:20
69aac10e1b0c1bff0a818035,BOX-BLR-04,4.35,57.87,01-01-2025 20:30
69aac10e1b0c1bff0a818036,BOX-BLR-04,4.24,58.89,01-01-2025 20:40
69aac10e1b0c1bff0a818037,BOX-BLR-04,4.19,52.74,01-01-2025 20:50
69aac10e1b0c1bff0a818038,BOX-BLR-04,4.09,47.55,01-01-2025 21:00
69aac10e1b0c1bff0a818039,BOX-BLR-04,4.25,51.57,01-01-2025 21:10
69aac10e1b0c1bff0a81803a,BOX-BLR-04,4,41.55,01-01-2025 21:20
69aac10e1b0c1bff0a81803b,BOX-BLR-04,3.81,52.86,01-01-2025 21:30
69aac10e1b0c1bff0a81803c,BOX-BLR-04,3.79,57.34,01-01-2025 21:40
69aac10e1b0c1bff0a81803d,BOX-BLR-04,3.56,49.49,01-01-2025 21:50
69aac10e1b0c1bff0a81803e,BOX-BLR-04,3.27,49.56,01-01-2025 22:00
69aac10e1b0c1bff0a81803f,BOX-BLR-04,3.19,59.21,01-01-2025 22:10
69aac10e1b0c1bff0a818040,BOX-BLR-04,3.01,47.97,01-01-2025 22:20
69aac10e1b0c1bff0a818041,BOX-BLR-04,3.19,44.18,01-01-2025 22:30
69aac10e1b0c1bff0a818042,BOX-BLR-04,3.41,47.88,01-01-2025 22:40
69aac10e1b0c1bff0a818043,BOX-BLR-04,3.22,58.45,01-01-2025 22:50
69aac10e1b0c1bff0a818044,BOX-BLR-04,3.15,41.61,01-01-2025 23:00
69aac10e1b0c1bff0a818045,BOX-BLR-04,2.94,53.81,01-01-2025 23:10
69aac10e1b0c1bff0a818046,BOX-BLR-04,3.04,56.66,01-01-2025 23:20
69aac10e1b0c1bff0a818047,BOX-BLR-04,3.03,48.4,01-01-2025 23:30
69aac10e1b0c1bff0a818048,BOX-BLR-04,2.74,50.25,01-01-2025 23:40
69aac10e1b0c1bff0a818049,BOX-BLR-04,2.6,49.27,01-01-2025 23:50
69aac10e1b0c1bff0a81804a,BOX-BLR-04,2.38,43.53,02-01-2025 00:00
69aac10e1b0c1bff0a81804b,BOX-BLR-04,2.46,51.35,02-01-2025 00:10
69aac10e1b0c1bff0a81804c,BOX-BLR-04,2.36,44.1,02-01-2025 00:20
69aac10e1b0c1bff0a81804d,BOX-BLR-04,2.29,44.18,02-01-2025 00:30
69aac10e1b0c1bff0a81804e,BOX-BLR-04,2.39,57.83,02-01-2025 00:40
69aac10e1b0c1bff0a81804f,BOX-BLR-04,2.38,54.19,02-01-2025 00:50
69aac10e1b0c1bff0a818050,BOX-BLR-04,2.64,56.86,02-01-2025 01:00
69aac10e1b0c1bff0a818051,BOX-BLR-04,2.44,58.61,02-01-2025 01:10
69aac10e1b0c1bff0a818052,BOX-BLR-04,2.24,51.48,02-01-2025 01:20
69aac10e1b0c1bff0a818053,BOX-BLR-04,2.53,56.01,02-01-2025 01:30
69aac10e1b0c1bff0a818054,BOX-BLR-04,2.59,48.98,02-01-2025 01:40
69aac10e1b0c1bff0a818055,BOX-BLR-04,2.65,57.25,02-01-2025 01:50
69aac10e1b0c1bff0a818056,BOX-BLR-04,2.91,57.1,02-01-2025 02:00
69aac10e1b0c1bff0a818057,BOX-BLR-04,2.97,43.03,02-01-2025 02:10
69aac10e1b0c1bff0a818058,BOX-BLR-04,2.71,40.34,02-01-2025 02:20
69aac10e1b0c1bff0a818059,BOX-BLR-04,2.6,41.41,02-01-2025 02:30
69aac10e1b0c1bff0a81805a,BOX-BLR-04,2.58,56.08,02-01-2025 02:40
69aac10e1b0c1bff0a81805b,BOX-BLR-04,2.45,49.27,02-01-2025 02:50
69aac10e1b0c1bff0a81805c,BOX-BLR-04,2.57,40.63,02-01-2025 03:00
69aac10e1b0c1bff0a81805d,BOX-BLR-04,2.61,42.87,02-01-2025 03:10
69aac10e1b0c1bff0a81805e,BOX-BLR-04,2.7,51.34,02-01-2025 03:20
69aac10e1b0c1bff0a81805f,BOX-BLR-04,2.42,40.68,02-01-2025 03:30
69aac10e1b0c1bff0a818060,BOX-BLR-04,2.3,55.65,02-01-2025 03:40
69aac10e1b0c1bff0a818061,BOX-BLR-04,2.3,54.58,02-01-2025 03:50
69aac10e1b0c1bff0a818062,BOX-BLR-04,2.04,43.22,02-01-2025 04:00
69aac10e1b0c1bff0a818063,BOX-BLR-04,1.96,44.98,02-01-2025 04:10
69aac10e1b0c1bff0a818064,BOX-BLR-04,2.05,41.9,02-01-2025 04:20
69aac10e1b0c1bff0a818065,BOX-BLR-04,2.32,46.67,02-01-2025 04:30
69aac10e1b0c1bff0a818066,BOX-BLR-04,2.39,46.75,02-01-2025 04:40
69aac10e1b0c1bff0a818067,BOX-BLR-04,2.25,51.77,02-01-2025 04:50
69aac10e1b0c1bff0a818068,BOX-BLR-04,2.45,45.47,02-01-2025 05:00
69aac10e1b0c1bff0a818069,BOX-BLR-04,2.75,44.09,02-01-2025 05:10
69aac10e1b0c1bff0a81806a,BOX-BLR-04,2.48,50.72,02-01-2025 05:20
69aac10e1b0c1bff0a81806b,BOX-BLR-04,2.34,49.94,02-01-2025 05:30
69aac10e1b0c1bff0a81806c,BOX-BLR-04,2.2,44.34,02-01-2025 05:40
69aac10e1b0c1bff0a81806d,BOX-BLR-04,2.31,40.79,02-01-2025 05:50
69aac10e1b0c1bff0a81806e,BOX-BLR-04,2.3,46.72,02-01-2025 06:00
69aac10e1b0c1bff0a81806f,BOX-BLR-04,2.22,51.72,02-01-2025 06:10
69aac10e1b0c1bff0a818070,BOX-BLR-04,2,45.19,02-01-2025 06:20
69aac10e1b0c1bff0a818071,BOX-BLR-04,1.96,42.96,02-01-2025 06:30
69aac10e1b0c1bff0a818072,BOX-BLR-04,1.7,55.08,02-01-2025 06:40
69aac10e1b0c1bff0a818073,BOX-BLR-04,1.94,46.95,02-01-2025 06:50
69aac10e1b0c1bff0a818074,BOX-BLR-04,1.89,59.53,02-01-2025 07:00
69aac10e1b0c1bff0a818075,BOX-BLR-04,2.08,42.86,02-01-2025 07:10
69aac10e1b0c1bff0a818076,BOX-BLR-04,2.2,41.09,02-01-2025 07:20
69aac10e1b0c1bff0a818077,BOX-BLR-04,2.36,58.76,02-01-2025 07:30
69aac10e1b0c1bff0a818078,BOX-BLR-04,2.1,48.96,02-01-2025 07:40
69aac10e1b0c1bff0a818079,BOX-BLR-04,1.96,53.05,02-01-2025 07:50
69aac10e1b0c1bff0a81807a,BOX-BLR-04,1.75,46.72,02-01-2025 08:00
69aac10e1b0c1bff0a81807b,BOX-BLR-04,1.82,50.52,02-01-2025 08:10
69aac10e1b0c1bff0a81807c,BOX-BLR-04,1.83,53.46,02-01-2025 08:20
69aac10e1b0c1bff0a81807d,BOX-BLR-04,2.08,47.03,02-01-2025 08:30
69aac10e1b0c1bff0a81807e,BOX-BLR-04,2.1,41.37,02-01-2025 08:40
69aac10e1b0c1bff0a81807f,BOX-BLR-04,2.38,49.62,02-01-2025 08:50
69aac10e1b0c1bff0a818080,BOX-BLR-04,2.55,49.41,02-01-2025 09:00
69aac10e1b0c1bff0a818081,BOX-BLR-04,2.62,43.47,02-01-2025 09:10
69aac10e1b0c1bff0a818082,BOX-BLR-04,2.83,46.69,02-01-2025 09:20
69aac10e1b0c1bff0a818083,BOX-BLR-04,2.85,58.14,02-01-2025 09:30
69aac10e1b0c1bff0a818084,BOX-BLR-04,2.67,45.22,02-01-2025 09:40
69aac10e1b0c1bff0a818085,BOX-BLR-04,2.9,40.17,02-01-2025 09:50
69aac10e1b0c1bff0a818086,BOX-BLR-04,2.64,40.68,02-01-2025 10:00
69aac10e1b0c1bff0a818087,BOX-BLR-04,2.84,52.66,02-01-2025 10:10
69aac10e1b0c1bff0a818088,BOX-BLR-04,2.72,54.09,02-01-2025 10:20
69aac10e1b0c1bff0a818089,BOX-BLR-04,2.89,49.28,02-01-2025 10:30
69aac10e1b0c1bff0a81808a,BOX-BLR-04,2.9,50.62,02-01-2025 10:40
69aac10e1b0c1bff0a81808b,BOX-BLR-04,2.66,45.02,02-01-2025 10:50
69aac10e1b0c1bff0a81808c,BOX-BLR-04,2.5,46.01,02-01-2025 11:00
69aac10e1b0c1bff0a81808d,BOX-BLR-04,2.34,54.57,02-01-2025 11:10
69aac10e1b0c1bff0a81808e,BOX-BLR-04,2.3,47.23,02-01-2025 11:20
69aac10e1b0c1bff0a81808f,BOX-BLR-04,2.55,53.64,02-01-2025 11:30
69aac10e1b0c1bff0a818090,BOX-BLR-04,2.51,58.97,02-01-2025 11:40
69aac10e1b0c1bff0a818091,BOX-BLR-04,2.63,51.91,02-01-2025 11:50
69aac10e1b0c1bff0a818092,BOX-BLR-04,2.82,54.24,02-01-2025 12:00
69aac10e1b0c1bff0a818093,BOX-BLR-04,2.76,42.39,02-01-2025 12:10
69aac10e1b0c1bff0a818094,BOX-BLR-04,2.86,46.6,02-01-2025 12:20
69aac10e1b0c1bff0a818095,BOX-BLR-04,2.9,48.13,02-01-2025 12:30
69aac10e1b0c1bff0a818096,BOX-BLR-04,3.02,43.9,02-01-2025 12:40
69aac10e1b0c1bff0a818097,BOX-BLR-04,2.93,58.45,02-01-2025 12:50
69aac10e1b0c1bff0a818098,BOX-BLR-04,3.16,50.01,02-01-2025 13:00
69aac10e1b0c1bff0a818099,BOX-BLR-04,3.4,53.99,02-01-2025 13:10
69aac10e1b0c1bff0a81809a,BOX-BLR-04,3.24,49.03,02-01-2025 13:20
69aac10e1b0c1bff0a81809b,BOX-BLR-04,3.24,51.19,02-01-2025 13:30
69aac10e1b0c1bff0a81809c,BOX-BLR-04,3.1,51.59,02-01-2025 13:40
69aac10e1b0c1bff0a81809d,BOX-BLR-04,3.25,55.96,02-01-2025 13:50
69aac10e1b0c1bff0a81809e,BOX-BLR-04,3.09,47.64,02-01-2025 14:00
69aac10e1b0c1bff0a81809f,BOX-BLR-04,2.97,43.54,02-01-2025 14:10
69aac10e1b0c1bff0a8180a0,BOX-BLR-04,3.03,47.9,02-01-2025 14:20
69aac10e1b0c1bff0a8180a1,BOX-BLR-04,2.75,44.21,02-01-2025 14:30
69aac10e1b0c1bff0a8180a2,BOX-BLR-04,2.74,52.11,02-01-2025 14:40
69aac10e1b0c1bff0a8180a3,BOX-BLR-04,2.98,52.56,02-01-2025 14:50
69aac10e1b0c1bff0a8180a4,BOX-BLR-04,3.11,43.52,02-01-2025 15:00
69aac10e1b0c1bff0a8180a5,BOX-BLR-04,3.03,57.55,02-01-2025 15:10
69aac10e1b0c1bff0a8180a6,BOX-BLR-04,3.14,44.07,02-01-2025 15:20
69aac10e1b0c1bff0a8180a7,BOX-BLR-04,3.22,48.51,02-01-2025 15:30
69aac10e1b0c1bff0a8180a8,BOX-BLR-04,3.09,46.86,02-01-2025 15:40
69aac10e1b0c1bff0a8180a9,BOX-BLR-04,2.98,58.29,02-01-2025 15:50
69aac10e1b0c1bff0a8180aa,BOX-BLR-04,2.99,50.54,02-01-2025 16:00
69aac10e1b0c1bff0a8180ab,BOX-BLR-04,3.22,44.62,02-01-2025 16:10
69aac10e1b0c1bff0a8180ac,BOX-BLR-04,3.4,48.42,02-01-2025 16:20
69aac10e1b0c1bff0a8180ad,BOX-BLR-04,3.13,57.32,02-01-2025 16:30
69aac10e1b0c1bff0a8180ae,BOX-BLR-04,2.96,48.9,02-01-2025 16:40
69aac10e1b0c1bff0a8180af,BOX-BLR-04,3.07,42.01,02-01-2025 16:50
69aac10e1b0c1bff0a8180b0,BOX-BLR-04,3.03,46.53,02-01-2025 17:00
69aac10e1b0c1bff0a8180b1,BOX-BLR-04,3.09,43.12,02-01-2025 17:10
69aac10e1b0c1bff0a8180b2,BOX-BLR-04,2.84,45.73,02-01-2025 17:20
69aac10e1b0c1bff0a8180b3,BOX-BLR-04,2.72,41.55,02-01-2025 17:30
69aac10e1b0c1bff0a8180b4,BOX-BLR-04,2.88,48.54,02-01-2025 17:40
69aac10e1b0c1bff0a8180b5,BOX-BLR-04,3.15,54.82,02-01-2025 17:50
69aac10e1b0c1bff0a8180b6,BOX-BLR-04,2.9,49.2,02-01-2025 18:00
69aac10e1b0c1bff0a8180b7,BOX-BLR-04,2.96,44.47,02-01-2025 18:10
69aac10e1b0c1bff0a8180b8,BOX-BLR-04,3.26,59.95,02-01-2025 18:20
69aac10e1b0c1bff0a8180b9,BOX-BLR-04,3,48.22,02-01-2025 18:30
69aac10e1b0c1bff0a8180ba,BOX-BLR-04,3.02,50.48,02-01-2025 18:40
69aac10e1b0c1bff0a8180bb,BOX-BLR-04,2.96,41.38,02-01-2025 18:50
69aac10e1b0c1bff0a8180bc,BOX-BLR-04,2.67,52.95,02-01-2025 19:00
69aac10e1b0c1bff0a8180bd,BOX-BLR-04,2.91,45.21,02-01-2025 19:10
69aac10e1b0c1bff0a8180be,BOX-BLR-04,3.09,43.27,02-01-2025 19:20
69aac10e1b0c1bff0a8180bf,BOX-BLR-04,2.87,56.75,02-01-2025 19:30
69aac10e1b0c1bff0a8180c0,BOX-BLR-04,2.6,51.59,02-01-2025 19:40
69aac10e1b0c1bff0a8180c1,BOX-BLR-04,2.68,59.82,02-01-2025 19:50
69aac10e1b0c1bff0a8180c2,BOX-BLR-04,2.97,49.89,02-01-2025 20:00
69aac10e1b0c1bff0a8180c3,BOX-BLR-04,2.99,54.97,02-01-2025 20:10
69aac10e1b0c1bff0a8180c4,BOX-BLR-04,3.05,57.01,02-01-2025 20:20
69aac10e1b0c1bff0a8180c5,BOX-BLR-04,2.86,55.41,02-01-2025 20:30
69aac10e1b0c1bff0a8180c6,BOX-BLR-04,2.96,41.71,02-01-2025 20:40
69aac10e1b0c1bff0a8180c7,BOX-BLR-04,3.01,56.4,02-01-2025 20:50
69aac10e1b0c1bff0a8180c8,BOX-BLR-04,3.16,53.69,02-01-2025 21:00
69aac10e1b0c1bff0a8180c9,BOX-BLR-04,3.24,45.89,02-01-2025 21:10
69aac10e1b0c1bff0a8180ca,BOX-BLR-04,2.99,40.94,02-01-2025 21:20
69aac10e1b0c1bff0a8180cb,BOX-BLR-04,3.17,55.82,02-01-2025 21:30
69aac10e1b0c1bff0a8180cc,BOX-BLR-04,3.46,58.57,02-01-2025 21:40
69aac10e1b0c1bff0a8180cd,BOX-BLR-04,3.34,48,02-01-2025 21:50
69aac10e1b0c1bff0a8180ce,BOX-BLR-04,3.4,45.89,02-01-2025 22:00
69aac10e1b0c1bff0a8180cf,BOX-BLR-04,3.4,51.17,02-01-2025 22:10
69aac10e1b0c1bff0a8180d0,BOX-BLR-04,3.4,57.79,02-01-2025 22:20
69aac10e1b0c1bff0a8180d1,BOX-BLR-04,3.52,44.62,02-01-2025 22:30
69aac10e1b0c1bff0a8180d2,BOX-BLR-04,3.75,46.04,02-01-2025 22:40
69aac10e1b0c1bff0a8180d3,BOX-BLR-04,3.99,44.52,02-01-2025 22:50
69aac10e1b0c1bff0a8180d4,BOX-BLR-04,3.76,56.13,02-01-2025 23:00
69aac10e1b0c1bff0a8180d5,BOX-BLR-04,3.78,47.01,02-01-2025 23:10
69aac10e1b0c1bff0a8180d6,BOX-BLR-04,3.65,51.14,02-01-2025 23:20
69aac10e1b0c1bff0a8180d7,BOX-BLR-04,3.72,59.08,02-01-2025 23:30
69aac10e1b0c1bff0a8180d8,BOX-BLR-04,3.67,53.24,02-01-2025 23:40
69aac10e1b0c1bff0a8180d9,BOX-BLR-04,3.39,56.64,02-01-2025 23:50
69aac10e1b0c1bff0a8180da,BOX-BLR-04,3.67,42.06,03-01-2025 00:00
69aac10e1b0c1bff0a8180db,BOX-BLR-04,3.46,58.42,03-01-2025 00:10
69aac10e1b0c1bff0a8180dc,BOX-BLR-04,3.62,43.07,03-01-2025 00:20
69aac10e1b0c1bff0a8180dd,BOX-BLR-04,3.36,52.42,03-01-2025 00:30
69aac10e1b0c1bff0a8180de,BOX-BLR-04,3.27,47.56,03-01-2025 00:40
69aac10e1b0c1bff0a8180df,BOX-BLR-04,3.05,41.37,03-01-2025 00:50
69aac10e1b0c1bff0a8180e0,BOX-BLR-04,2.9,48.19,03-01-2025 01:00
69aac10e1b0c1bff0a8180e1,BOX-BLR-04,2.98,50.27,03-01-2025 01:10
69aac10e1b0c1bff0a8180e2,BOX-BLR-04,2.91,47.53,03-01-2025 01:20
69aac10e1b0c1bff0a8180e3,BOX-BLR-04,2.73,51.44,03-01-2025 01:30
69aac10e1b0c1bff0a8180e4,BOX-BLR-04,2.76,44.83,03-01-2025 01:40
69aac10e1b0c1bff0a8180e5,BOX-BLR-04,2.88,44.47,03-01-2025 01:50
69aac10e1b0c1bff0a8180e6,BOX-BLR-04,3.15,53.45,03-01-2025 02:00
69aac10e1b0c1bff0a8180e7,BOX-BLR-04,3.21,58.84,03-01-2025 02:10
69aac10e1b0c1bff0a8180e8,BOX-BLR-04,3.05,49.94,03-01-2025 02:20
69aac10e1b0c1bff0a8180e9,BOX-BLR-04,3.1,57.22,03-01-2025 02:30
69aac10e1b0c1bff0a8180ea,BOX-BLR-04,3.21,58.26,03-01-2025 02:40
69aac10e1b0c1bff0a8180eb,BOX-BLR-04,3.35,44.15,03-01-2025 02:50
69aac10e1b0c1bff0a8180ec,BOX-BLR-04,3.63,54.92,03-01-2025 03:00
69aac10e1b0c1bff0a8180ed,BOX-BLR-04,3.67,59.11,03-01-2025 03:10
69aac10e1b0c1bff0a8180ee,BOX-BLR-04,3.82,51.63,03-01-2025 03:20
69aac10e1b0c1bff0a8180ef,BOX-BLR-04,3.72,51.94,03-01-2025 03:30
69aac10e1b0c1bff0a8180f0,BOX-BLR-04,3.91,40.02,03-01-2025 03:40
69aac10e1b0c1bff0a8180f1,BOX-BLR-04,4.17,44.15,03-01-2025 03:50
69aac10e1b0c1bff0a8180f2,BOX-BLR-04,4.33,58.6,03-01-2025 04:00
69aac10e1b0c1bff0a8180f3,BOX-BLR-04,4.19,45.22,03-01-2025 04:10
69aac10e1b0c1bff0a8180f4,BOX-BLR-04,4.02,41.14,03-01-2025 04:20
69aac10e1b0c1bff0a8180f5,BOX-BLR-04,4.28,53.43,03-01-2025 04:30
69aac10e1b0c1bff0a8180f6,BOX-BLR-04,4.36,58.99,03-01-2025 04:40
69aac10e1b0c1bff0a8180f7,BOX-BLR-04,4.15,46.35,03-01-2025 04:50
69aac10e1b0c1bff0a8180f8,BOX-BLR-04,4.04,54.4,03-01-2025 05:00
69aac10e1b0c1bff0a8180f9,BOX-BLR-04,3.88,59.51,03-01-2025 05:10
69aac10e1b0c1bff0a8180fa,BOX-BLR-04,3.84,47.89,03-01-2025 05:20
69aac10e1b0c1bff0a8180fb,BOX-BLR-04,3.94,54.09,03-01-2025 05:30
69aac10e1b0c1bff0a8180fc,BOX-BLR-04,3.96,42.33,03-01-2025 05:40
69aac10e1b0c1bff0a8180fd,BOX-BLR-04,4.18,48.79,03-01-2025 05:50
69aac10e1b0c1bff0a8180fe,BOX-BLR-04,4.18,46.38,03-01-2025 06:00
69aac10e1b0c1bff0a8180ff,BOX-BLR-04,4.29,49.03,03-01-2025 06:10
69aac10e1b0c1bff0a818100,BOX-BLR-04,4.49,44.94,03-01-2025 06:20
69aac10e1b0c1bff0a818101,BOX-BLR-04,4.22,42.48,03-01-2025 06:30
69aac10e1b0c1bff0a818102,BOX-BLR-04,4.3,57.34,03-01-2025 06:40
69aac10e1b0c1bff0a818103,BOX-BLR-04,4.58,55.93,03-01-2025 06:50
69aac10e1b0c1bff0a818104,BOX-BLR-04,4.75,41.58,03-01-2025 07:00
69aac10e1b0c1bff0a818105,BOX-BLR-04,4.57,43.38,03-01-2025 07:10
69aac10e1b0c1bff0a818106,BOX-BLR-04,4.79,50.39,03-01-2025 07:20
69aac10e1b0c1bff0a818107,BOX-BLR-04,4.84,54.05,03-01-2025 07:30
69aac10e1b0c1bff0a818108,BOX-BLR-04,4.95,54.63,03-01-2025 07:40
69aac10e1b0c1bff0a818109,BOX-BLR-04,4.97,57.63,03-01-2025 07:50
69aac10e1b0c1bff0a81810a,BOX-BLR-04,5.08,54.48,03-01-2025 08:00
69aac10e1b0c1bff0a81810b,BOX-BLR-04,5.31,49.52,03-01-2025 08:10
69aac10e1b0c1bff0a81810c,BOX-BLR-04,5.08,54.97,03-01-2025 08:20
69aac10e1b0c1bff0a81810d,BOX-BLR-04,4.96,42.71,03-01-2025 08:30
69aac10e1b0c1bff0a81810e,BOX-BLR-04,4.86,56.01,03-01-2025 08:40
69aac10e1b0c1bff0a81810f,BOX-BLR-04,4.59,59.09,03-01-2025 08:50
69aac10e1b0c1bff0a818110,BOX-BLR-04,4.45,52.44,03-01-2025 09:00
69aac10e1b0c1bff0a818111,BOX-BLR-04,4.62,48.2,03-01-2025 09:10
69aac10e1b0c1bff0a818112,BOX-BLR-04,4.51,56.41,03-01-2025 09:20
69aac10e1b0c1bff0a818113,BOX-BLR-04,4.74,45.97,03-01-2025 09:30
69aac10e1b0c1bff0a818114,BOX-BLR-04,4.96,47.54,03-01-2025 09:40
69aac10e1b0c1bff0a818115,BOX-BLR-04,4.97,41.21,03-01-2025 09:50
69aac10e1b0c1bff0a818116,BOX-BLR-04,4.76,47.79,03-01-2025 10:00
69aac10e1b0c1bff0a818117,BOX-BLR-04,4.87,43.7,03-01-2025 10:10
69aac10e1b0c1bff0a818118,BOX-BLR-04,5.15,59.45,03-01-2025 10:20
69aac10e1b0c1bff0a818119,BOX-BLR-04,5.01,46.79,03-01-2025 10:30
69aac10e1b0c1bff0a81811a,BOX-BLR-04,4.73,53.73,03-01-2025 10:40
69aac10e1b0c1bff0a81811b,BOX-BLR-04,4.92,47.84,03-01-2025 10:50
69aac10e1b0c1bff0a81811c,BOX-BLR-04,4.8,51.02,03-01-2025 11:00
69aac10e1b0c1bff0a81811d,BOX-BLR-04,4.61,42.09,03-01-2025 11:10
69aac10e1b0c1bff0a81811e,BOX-BLR-04,4.87,41.95,03-01-2025 11:20
69aac10e1b0c1bff0a81811f,BOX-BLR-04,5.13,46.44,03-01-2025 11:30
69aac10e1b0c1bff0a818120,BOX-BLR-04,5.2,41.14,03-01-2025 11:40
69aac10e1b0c1bff0a818121,BOX-BLR-04,4.92,59.24,03-01-2025 11:50
69aac10e1b0c1bff0a818122,BOX-BLR-04,5.09,45.33,03-01-2025 12:00
69aac10e1b0c1bff0a818123,BOX-BLR-04,5,53.43,03-01-2025 12:10
69aac10e1b0c1bff0a818124,BOX-BLR-04,4.77,53.75,03-01-2025 12:20
69aac10e1b0c1bff0a818125,BOX-BLR-04,4.87,40.84,03-01-2025 12:30
69aac10e1b0c1bff0a818126,BOX-BLR-04,4.87,59.96,03-01-2025 12:40
69aac10e1b0c1bff0a818127,BOX-BLR-04,4.7,44.6,03-01-2025 12:50
69aac10e1b0c1bff0a818128,BOX-BLR-04,4.93,59.61,03-01-2025 13:00
69aac10e1b0c1bff0a818129,BOX-BLR-04,5.01,53.44,03-01-2025 13:10
69aac10e1b0c1bff0a81812a,BOX-BLR-04,4.85,45.69,03-01-2025 13:20
69aac10e1b0c1bff0a81812b,BOX-BLR-04,4.75,59.17,03-01-2025 13:30
69aac10e1b0c1bff0a81812c,BOX-BLR-04,4.78,51.83,03-01-2025 13:40
69aac10e1b0c1bff0a81812d,BOX-BLR-04,4.79,42.74,03-01-2025 13:50
69aac10e1b0c1bff0a81812e,BOX-BLR-04,4.54,43.87,03-01-2025 14:00
69aac10e1b0c1bff0a81812f,BOX-BLR-04,4.56,58.17,03-01-2025 14:10
69aac10e1b0c1bff0a818130,BOX-BLR-04,4.33,49.58,03-01-2025 14:20
69aac10e1b0c1bff0a818131,BOX-BLR-04,4.44,42.91,03-01-2025 14:30
69aac10e1b0c1bff0a818132,BOX-BLR-04,4.43,57.89,03-01-2025 14:40
69aac10e1b0c1bff0a818133,BOX-BLR-04,4.47,53.15,03-01-2025 14:50
69aac10e1b0c1bff0a818134,BOX-BLR-04,4.58,52.71,03-01-2025 15:00
69aac10e1b0c1bff0a818135,BOX-BLR-04,4.65,54.97,03-01-2025 15:10
69aac10e1b0c1bff0a818136,BOX-BLR-04,4.79,54.09,03-01-2025 15:20
69aac10e1b0c1bff0a818137,BOX-BLR-04,5,49.22,03-01-2025 15:30
69aac10e1b0c1bff0a818138,BOX-BLR-04,5,44.57,03-01-2025 15:40
69aac10e1b0c1bff0a818139,BOX-BLR-04,4.88,43.2,03-01-2025 15:50
69aac10e1b0c1bff0a81813a,BOX-BLR-04,4.72,44.7,03-01-2025 16:00
69aac10e1b0c1bff0a81813b,BOX-BLR-04,4.61,49.2,03-01-2025 16:10
69aac10e1b0c1bff0a81813c,BOX-BLR-04,4.83,42.33,03-01-2025 16:20
69aac10e1b0c1bff0a81813d,BOX-BLR-04,4.72,47.57,03-01-2025 16:30
69aac10e1b0c1bff0a81813e,BOX-BLR-04,4.94,57.41,03-01-2025 16:40
69aac10e1b0c1bff0a81813f,BOX-BLR-04,5,51.05,03-01-2025 16:50
69aac10e1b0c1bff0a818140,BOX-BLR-04,4.72,50.74,03-01-2025 17:00
69aac10e1b0c1bff0a818141,BOX-BLR-04,4.43,50.26,03-01-2025 17:10
69aac10e1b0c1bff0a818142,BOX-BLR-04,4.33,48.65,03-01-2025 17:20
69aac10e1b0c1bff0a818143,BOX-BLR-04,4.63,49.75,03-01-2025 17:30
69aac10e1b0c1bff0a818144,BOX-BLR-04,4.72,54.07,03-01-2025 17:40
69aac10e1b0c1bff0a818145,BOX-BLR-04,5.02,50.54,03-01-2025 17:50
69aac10e1b0c1bff0a818146,BOX-BLR-04,4.88,54.24,03-01-2025 18:00
69aac10e1b0c1bff0a818147,BOX-BLR-04,5.13,53.71,03-01-2025 18:10
69aac10e1b0c1bff0a818148,BOX-BLR-04,5.08,51.9,03-01-2025 18:20
69aac10e1b0c1bff0a818149,BOX-BLR-04,5.08,47,03-01-2025 18:30
69aac10e1b0c1bff0a81814a,BOX-BLR-04,4.87,56.65,03-01-2025 18:40
69aac10e1b0c1bff0a81814b,BOX-BLR-04,4.83,51.01,03-01-2025 18:50
69aac10e1b0c1bff0a81814c,BOX-BLR-04,5.03,50.82,03-01-2025 19:00
69aac10e1b0c1bff0a81814d,BOX-BLR-04,4.84,48.86,03-01-2025 19:10
69aac10e1b0c1bff0a81814e,BOX-BLR-04,4.63,54.79,03-01-2025 19:20
69aac10e1b0c1bff0a81814f,BOX-BLR-04,4.67,45.58,03-01-2025 19:30
69aac10e1b0c1bff0a818150,BOX-BLR-04,4.62,44.53,03-01-2025 19:40
69aac10e1b0c1bff0a818151,BOX-BLR-04,4.57,48.51,03-01-2025 19:50
69aac10e1b0c1bff0a818152,BOX-BLR-04,4.66,46.53,03-01-2025 20:00
69aac10e1b0c1bff0a818153,BOX-BLR-04,4.55,50.58,03-01-2025 20:10
69aac10e1b0c1bff0a818154,BOX-BLR-04,4.54,40.77,03-01-2025 20:20
69aac10e1b0c1bff0a818155,BOX-BLR-04,4.6,47.7,03-01-2025 20:30
69aac10e1b0c1bff0a818156,BOX-BLR-04,4.76,45.34,03-01-2025 20:40
69aac10e1b0c1bff0a818157,BOX-BLR-04,4.57,57.77,03-01-2025 20:50
69aac10e1b0c1bff0a818158,BOX-BLR-04,4.62,47.49,03-01-2025 21:00
69aac10e1b0c1bff0a818159,BOX-BLR-04,4.5,51.42,03-01-2025 21:10
69aac10e1b0c1bff0a81815a,BOX-BLR-04,4.22,43.42,03-01-2025 21:20
69aac10e1b0c1bff0a81815b,BOX-BLR-04,4.12,41.4,03-01-2025 21:30
69aac10e1b0c1bff0a81815c,BOX-BLR-04,3.98,45.29,03-01-2025 21:40
69aac10e1b0c1bff0a81815d,BOX-BLR-04,4.19,49.05,03-01-2025 21:50
69aac10e1b0c1bff0a81815e,BOX-BLR-04,4.32,45.6,03-01-2025 22:00
69aac10e1b0c1bff0a81815f,BOX-BLR-04,4.42,57.1,03-01-2025 22:10
69aac10e1b0c1bff0a818160,BOX-BLR-04,4.3,43.11,03-01-2025 22:20
69aac10e1b0c1bff0a818161,BOX-BLR-04,4.45,44.41,03-01-2025 22:30
69aac10e1b0c1bff0a818162,BOX-BLR-04,4.3,56.12,03-01-2025 22:40
69aac10e1b0c1bff0a818163,BOX-BLR-04,4.54,54.9,03-01-2025 22:50
69aac10e1b0c1bff0a818164,BOX-BLR-04,4.46,50.54,03-01-2025 23:00
69aac10e1b0c1bff0a818165,BOX-BLR-04,4.46,44.12,03-01-2025 23:10
69aac10e1b0c1bff0a818166,BOX-BLR-04,4.5,51.53,03-01-2025 23:20
69aac10e1b0c1bff0a818167,BOX-BLR-04,4.54,48.79,03-01-2025 23:30
69aac10e1b0c1bff0a818168,BOX-BLR-04,4.47,44.66,03-01-2025 23:40
69aac10e1b0c1bff0a818169,BOX-BLR-04,4.18,59.3,03-01-2025 23:50
69aac10e1b0c1bff0a81816a,BOX-BLR-04,3.98,46.07,04-01-2025 00:00
69aac10e1b0c1bff0a81816b,BOX-BLR-04,4.18,57.25,04-01-2025 00:10
69aac10e1b0c1bff0a81816c,BOX-BLR-04,4.01,40.21,04-01-2025 00:20
69aac10e1b0c1bff0a81816d,BOX-BLR-04,3.83,47.07,04-01-2025 00:30
69aac10e1b0c1bff0a81816e,BOX-BLR-04,3.68,51.18,04-01-2025 00:40
69aac10e1b0c1bff0a81816f,BOX-BLR-04,3.48,52.5,04-01-2025 00:50
69aac10e1b0c1bff0a818170,BOX-BLR-04,3.29,43.44,04-01-2025 01:00
69aac10e1b0c1bff0a818171,BOX-BLR-04,3.18,56.61,04-01-2025 01:10
69aac10e1b0c1bff0a818172,BOX-BLR-04,3.24,41.59,04-01-2025 01:20
69aac10e1b0c1bff0a818173,BOX-BLR-04,3.14,50.16,04-01-2025 01:30
69aac10e1b0c1bff0a818174,BOX-BLR-04,3.27,47.16,04-01-2025 01:40
69aac10e1b0c1bff0a818175,BOX-BLR-04,3.14,55.74,04-01-2025 01:50
69aac10e1b0c1bff0a818176,BOX-BLR-04,3.29,53.54,04-01-2025 02:00
69aac10e1b0c1bff0a818177,BOX-BLR-04,3.31,51.03,04-01-2025 02:10
69aac10e1b0c1bff0a818178,BOX-BLR-04,3.16,50.89,04-01-2025 02:20
69aac10e1b0c1bff0a818179,BOX-BLR-04,3.29,54.98,04-01-2025 02:30
69aac10e1b0c1bff0a81817a,BOX-BLR-04,3.41,49.04,04-01-2025 02:40
69aac10e1b0c1bff0a81817b,BOX-BLR-04,3.35,51.68,04-01-2025 02:50
69aac10e1b0c1bff0a81817c,BOX-BLR-04,3.43,49.17,04-01-2025 03:00
69aac10e1b0c1bff0a81817d,BOX-BLR-04,3.15,41.39,04-01-2025 03:10
69aac10e1b0c1bff0a81817e,BOX-BLR-04,2.91,59.87,04-01-2025 03:20
69aac10e1b0c1bff0a81817f,BOX-BLR-04,2.91,49.14,04-01-2025 03:30
69aac10e1b0c1bff0a818180,BOX-BLR-04,2.8,52.04,04-01-2025 03:40
69aac10e1b0c1bff0a818181,BOX-BLR-04,2.55,47.44,04-01-2025 03:50
69aac10e1b0c1bff0a818182,BOX-BLR-04,2.64,59.86,04-01-2025 04:00
69aac10e1b0c1bff0a818183,BOX-BLR-04,2.84,49.81,04-01-2025 04:10
69aac10e1b0c1bff0a818184,BOX-BLR-04,2.6,56.32,04-01-2025 04:20
69aac10e1b0c1bff0a818185,BOX-BLR-04,2.88,51.03,04-01-2025 04:30
69aac10e1b0c1bff0a818186,BOX-BLR-04,3.02,47.2,04-01-2025 04:40
69aac10e1b0c1bff0a818187,BOX-BLR-04,2.81,52.49,04-01-2025 04:50
69aac10e1b0c1bff0a818188,BOX-BLR-04,3.09,40.33,04-01-2025 05:00
69aac10e1b0c1bff0a818189,BOX-BLR-04,2.92,58.67,04-01-2025 05:10
69aac10e1b0c1bff0a81818a,BOX-BLR-04,2.74,49.84,04-01-2025 05:20
69aac10e1b0c1bff0a81818b,BOX-BLR-04,2.99,53.49,04-01-2025 05:30
69aac10e1b0c1bff0a81818c,BOX-BLR-04,3.06,57.07,04-01-2025 05:40
69aac10e1b0c1bff0a81818d,BOX-BLR-04,2.88,54.55,04-01-2025 05:50
69aac10e1b0c1bff0a81818e,BOX-BLR-04,2.98,55.21,04-01-2025 06:00
69aac10e1b0c1bff0a81818f,BOX-BLR-04,2.77,41.44,04-01-2025 06:10
69aac10e1b0c1bff0a818190,BOX-BLR-04,2.65,53.74,04-01-2025 06:20
69aac10e1b0c1bff0a818191,BOX-BLR-04,2.92,57.88,04-01-2025 06:30
69aac10e1b0c1bff0a818192,BOX-BLR-04,3.1,55.13,04-01-2025 06:40
69aac10e1b0c1bff0a818193,BOX-BLR-04,3.14,48.65,04-01-2025 06:50
69aac10e1b0c1bff0a818194,BOX-BLR-04,2.95,52.94,04-01-2025 07:00
69aac10e1b0c1bff0a818195,BOX-BLR-04,2.83,41.88,04-01-2025 07:10
69aac10e1b0c1bff0a818196,BOX-BLR-04,3.08,44.9,04-01-2025 07:20
69aac10e1b0c1bff0a818197,BOX-BLR-04,3.06,55.94,04-01-2025 07:30
69aac10e1b0c1bff0a818198,BOX-BLR-04,2.77,59.95,04-01-2025 07:40
69aac10e1b0c1bff0a818199,BOX-BLR-04,2.96,47.59,04-01-2025 07:50
69aac10e1b0c1bff0a81819a,BOX-BLR-04,2.85,52.38,04-01-2025 08:00
69aac10e1b0c1bff0a81819b,BOX-BLR-04,2.66,49.06,04-01-2025 08:10
69aac10e1b0c1bff0a81819c,BOX-BLR-04,2.68,47.51,04-01-2025 08:20
69aac10e1b0c1bff0a81819d,BOX-BLR-04,2.41,48.71,04-01-2025 08:30
69aac10e1b0c1bff0a81819e,BOX-BLR-04,2.48,46.46,04-01-2025 08:40
69aac10e1b0c1bff0a81819f,BOX-BLR-04,2.4,42.97,04-01-2025 08:50
69aac10e1b0c1bff0a8181a0,BOX-BLR-04,2.22,45.98,04-01-2025 09:00
69aac10e1b0c1bff0a8181a1,BOX-BLR-04,1.94,48.37,04-01-2025 09:10
69aac10e1b0c1bff0a8181a2,BOX-BLR-04,1.97,45.65,04-01-2025 09:20
69aac10e1b0c1bff0a8181a3,BOX-BLR-04,1.81,44.71,04-01-2025 09:30
69aac10e1b0c1bff0a8181a4,BOX-BLR-04,1.86,48.56,04-01-2025 09:40
69aac10e1b0c1bff0a8181a5,BOX-BLR-04,1.99,49.97,04-01-2025 09:50
69aac10e1b0c1bff0a8181a6,BOX-BLR-04,2.13,52.65,04-01-2025 10:00
69aac10e1b0c1bff0a8181a7,BOX-BLR-04,2.15,55.96,04-01-2025 10:10
69aac10e1b0c1bff0a8181a8,BOX-BLR-04,2.22,59.72,04-01-2025 10:20
69aac10e1b0c1bff0a8181a9,BOX-BLR-04,2.15,50.56,04-01-2025 10:30
69aac10e1b0c1bff0a8181aa,BOX-BLR-04,2.3,54.99,04-01-2025 10:40
69aac10e1b0c1bff0a8181ab,BOX-BLR-04,2.21,48.92,04-01-2025 10:50
69aac10e1b0c1bff0a8181ac,BOX-BLR-04,2.49,56.48,04-01-2025 11:00
69aac10e1b0c1bff0a8181ad,BOX-BLR-04,2.48,53.04,04-01-2025 11:10
69aac10e1b0c1bff0a8181ae,BOX-BLR-04,2.61,42.56,04-01-2025 11:20
69aac10e1b0c1bff0a8181af,BOX-BLR-04,2.34,46.47,04-01-2025 11:30
69aac10e1b0c1bff0a8181b0,BOX-BLR-04,2.35,46.26,04-01-2025 11:40
69aac10e1b0c1bff0a8181b1,BOX-BLR-04,2.08,51.88,04-01-2025 11:50
69aac10e1b0c1bff0a8181b2,BOX-BLR-04,2.09,43.38,04-01-2025 12:00
69aac10e1b0c1bff0a8181b3,BOX-BLR-04,2.01,54.44,04-01-2025 12:10
69aac10e1b0c1bff0a8181b4,BOX-BLR-04,2.12,57.27,04-01-2025 12:20
69aac10e1b0c1bff0a8181b5,BOX-BLR-04,2.35,42.97,04-01-2025 12:30
69aac10e1b0c1bff0a8181b6,BOX-BLR-04,2.26,45.21,04-01-2025 12:40
69aac10e1b0c1bff0a8181b7,BOX-BLR-04,2.28,42.62,04-01-2025 12:50
69aac10e1b0c1bff0a8181b8,BOX-BLR-04,2.3,45.85,04-01-2025 13:00
69aac10e1b0c1bff0a8181b9,BOX-BLR-04,2.55,49.83,04-01-2025 13:10
69aac10e1b0c1bff0a8181ba,BOX-BLR-04,2.43,46.57,04-01-2025 13:20
69aac10e1b0c1bff0a8181bb,BOX-BLR-04,2.58,54.32,04-01-2025 13:30
69aac10e1b0c1bff0a8181bc,BOX-BLR-04,2.57,59.45,04-01-2025 13:40
69aac10e1b0c1bff0a8181bd,BOX-BLR-04,2.54,44.19,04-01-2025 13:50
69aac10e1b0c1bff0a8181be,BOX-BLR-04,2.75,46.21,04-01-2025 14:00
69aac10e1b0c1bff0a8181bf,BOX-BLR-04,2.66,40.6,04-01-2025 14:10
69aac10e1b0c1bff0a8181c0,BOX-BLR-04,2.37,57.13,04-01-2025 14:20
69aac10e1b0c1bff0a8181c1,BOX-BLR-04,2.19,52.2,04-01-2025 14:30
69aac10e1b0c1bff0a8181c2,BOX-BLR-04,2.16,48.21,04-01-2025 14:40
69aac10e1b0c1bff0a8181c3,BOX-BLR-04,2.19,52.19,04-01-2025 14:50
69aac10e1b0c1bff0a8181c4,BOX-BLR-04,2.27,56.32,04-01-2025 15:00
69aac10e1b0c1bff0a8181c5,BOX-BLR-04,2.46,40.18,04-01-2025 15:10
69aac10e1b0c1bff0a8181c6,BOX-BLR-04,2.67,44.81,04-01-2025 15:20
69aac10e1b0c1bff0a8181c7,BOX-BLR-04,2.95,44.64,04-01-2025 15:30
69aac10e1b0c1bff0a8181c8,BOX-BLR-04,3.12,40.73,04-01-2025 15:40
69aac10e1b0c1bff0a8181c9,BOX-BLR-04,3.14,46.19,04-01-2025 15:50
69aac10e1b0c1bff0a8181ca,BOX-BLR-04,3.07,45.54,04-01-2025 16:00
69aac10e1b0c1bff0a8181cb,BOX-BLR-04,2.98,56.9,04-01-2025 16:10
69aac10e1b0c1bff0a8181cc,BOX-BLR-04,3.2,49.64,04-01-2025 16:20
69aac10e1b0c1bff0a8181cd,BOX-BLR-04,3.06,40.73,04-01-2025 16:30
69aac10e1b0c1bff0a8181ce,BOX-BLR-04,3.18,42.12,04-01-2025 16:40
69aac10e1b0c1bff0a8181cf,BOX-BLR-04,3.35,46.23,04-01-2025 16:50
69aac10e1b0c1bff0a8181d0,BOX-BLR-04,3.31,41.75,04-01-2025 17:00
69aac10e1b0c1bff0a8181d1,BOX-BLR-04,3.35,41.26,04-01-2025 17:10
69aac10e1b0c1bff0a8181d2,BOX-BLR-04,3.44,41.9,04-01-2025 17:20
69aac10e1b0c1bff0a8181d3,BOX-BLR-04,3.2,55.42,04-01-2025 17:30
69aac10e1b0c1bff0a8181d4,BOX-BLR-04,3.38,50.2,04-01-2025 17:40
69aac10e1b0c1bff0a8181d5,BOX-BLR-04,3.1,54.86,04-01-2025 17:50
69aac10e1b0c1bff0a8181d6,BOX-BLR-04,3.32,51.28,04-01-2025 18:00
69aac10e1b0c1bff0a8181d7,BOX-BLR-04,3.56,59.75,04-01-2025 18:10
69aac10e1b0c1bff0a8181d8,BOX-BLR-04,3.57,53.77,04-01-2025 18:20
69aac10e1b0c1bff0a8181d9,BOX-BLR-04,3.31,41.89,04-01-2025 18:30
69aac10e1b0c1bff0a8181da,BOX-BLR-04,3.43,55.07,04-01-2025 18:40
69aac10e1b0c1bff0a8181db,BOX-BLR-04,3.47,48.95,04-01-2025 18:50
69aac10e1b0c1bff0a8181dc,BOX-BLR-04,3.55,47.73,04-01-2025 19:00
69aac10e1b0c1bff0a8181dd,BOX-BLR-04,3.26,57.78,04-01-2025 19:10
69aac10e1b0c1bff0a8181de,BOX-BLR-04,3.53,49.26,04-01-2025 19:20
69aac10e1b0c1bff0a8181df,BOX-BLR-04,3.66,41.84,04-01-2025 19:30
69aac10e1b0c1bff0a8181e0,BOX-BLR-04,3.89,59.93,04-01-2025 19:40
69aac10e1b0c1bff0a8181e1,BOX-BLR-04,3.64,49.06,04-01-2025 19:50
69aac10e1b0c1bff0a8181e2,BOX-BLR-04,3.93,54.4,04-01-2025 20:00
69aac10e1b0c1bff0a8181e3,BOX-BLR-04,3.71,57.77,04-01-2025 20:10
69aac10e1b0c1bff0a8181e4,BOX-BLR-04,3.76,44.6,04-01-2025 20:20
69aac10e1b0c1bff0a8181e5,BOX-BLR-04,3.82,50.66,04-01-2025 20:30
69aac10e1b0c1bff0a8181e6,BOX-BLR-04,3.65,58.4,04-01-2025 20:40
69aac10e1b0c1bff0a8181e7,BOX-BLR-04,3.8,57.26,04-01-2025 20:50
69aac10e1b0c1bff0a8181e8,BOX-BLR-04,3.99,50.6,04-01-2025 21:00
69aac10e1b0c1bff0a8181e9,BOX-BLR-04,3.91,55.99,04-01-2025 21:10
69aac10e1b0c1bff0a8181ea,BOX-BLR-04,3.89,52.39,04-01-2025 21:20
69aac10e1b0c1bff0a8181eb,BOX-BLR-04,4.16,43.73,04-01-2025 21:30
69aac10e1b0c1bff0a8181ec,BOX-BLR-04,4.15,56.44,04-01-2025 21:40
69aac10e1b0c1bff0a8181ed,BOX-BLR-04,4.32,44.86,04-01-2025 21:50
69aac10e1b0c1bff0a8181ee,BOX-BLR-04,4.45,57.63,04-01-2025 22:00
69aac10e1b0c1bff0a8181ef,BOX-BLR-04,4.2,49.25,04-01-2025 22:10
69aac10e1b0c1bff0a8181f0,BOX-BLR-04,3.9,49.87,04-01-2025 22:20
69aac10e1b0c1bff0a8181f1,BOX-BLR-04,3.69,57.43,04-01-2025 22:30
69aac10e1b0c1bff0a8181f2,BOX-BLR-04,3.94,50.43,04-01-2025 22:40
69aac10e1b0c1bff0a8181f3,BOX-BLR-04,3.85,45.39,04-01-2025 22:50
69aac10e1b0c1bff0a8181f4,BOX-BLR-04,3.81,56.51,04-01-2025 23:00
69aac10e1b0c1bff0a8181f5,BOX-BLR-04,4.07,43.05,04-01-2025 23:10
69aac10e1b0c1bff0a8181f6,BOX-BLR-04,3.97,55.41,04-01-2025 23:20
69aac10e1b0c1bff0a8181f7,BOX-BLR-04,4.23,47.35,04-01-2025 23:30
69aac10e1b0c1bff0a8181f8,BOX-BLR-04,4.15,59.47,04-01-2025 23:40
69aac10e1b0c1bff0a8181f9,BOX-BLR-04,3.88,41.44,04-01-2025 23:50
69aac10e1b0c1bff0a8181fa,BOX-BLR-04,4.08,58.77,05-01-2025 00:00
69aac10e1b0c1bff0a8181fb,BOX-BLR-04,3.98,56.6,05-01-2025 00:10
69aac10e1b0c1bff0a8181fc,BOX-BLR-04,3.82,50.68,05-01-2025 00:20
69aac10e1b0c1bff0a8181fd,BOX-BLR-04,3.8,47.96,05-01-2025 00:30
69aac10e1b0c1bff0a8181fe,BOX-BLR-04,3.64,52.15,05-01-2025 00:40
69aac10e1b0c1bff0a8181ff,BOX-BLR-04,3.41,42.98,05-01-2025 00:50
69aac10e1b0c1bff0a818200,BOX-BLR-04,3.11,41.23,05-01-2025 01:00
69aac10e1b0c1bff0a818201,BOX-BLR-04,3.2,50.58,05-01-2025 01:10
69aac10e1b0c1bff0a818202,BOX-BLR-04,3.22,54.2,05-01-2025 01:20
69aac10e1b0c1bff0a818203,BOX-BLR-04,3.39,53.44,05-01-2025 01:30
69aac10e1b0c1bff0a818204,BOX-BLR-04,3.43,48.46,05-01-2025 01:40
69aac10e1b0c1bff0a818205,BOX-BLR-04,3.26,50.68,05-01-2025 01:50
69aac10e1b0c1bff0a818206,BOX-BLR-04,3.4,47.5,05-01-2025 02:00
69aac10e1b0c1bff0a818207,BOX-BLR-04,3.37,46.57,05-01-2025 02:10
69aac10e1b0c1bff0a818208,BOX-BLR-04,3.63,42.69,05-01-2025 02:20
69aac10e1b0c1bff0a818209,BOX-BLR-04,3.67,52.87,05-01-2025 02:30
69aac10e1b0c1bff0a81820a,BOX-BLR-04,3.56,58.7,05-01-2025 02:40
69aac10e1b0c1bff0a81820b,BOX-BLR-04,3.43,50.78,05-01-2025 02:50
69aac10e1b0c1bff0a81820c,BOX-BLR-04,3.52,40.74,05-01-2025 03:00
69aac10e1b0c1bff0a81820d,BOX-BLR-04,3.73,49.29,05-01-2025 03:10
69aac10e1b0c1bff0a81820e,BOX-BLR-04,3.48,50.15,05-01-2025 03:20
69aac10e1b0c1bff0a81820f,BOX-BLR-04,3.35,51.73,05-01-2025 03:30
69aac10e1b0c1bff0a818210,BOX-BLR-04,3.42,40.81,05-01-2025 03:40
69aac10e1b0c1bff0a818211,BOX-BLR-04,3.66,47.55,05-01-2025 03:50
69aac10e1b0c1bff0a818212,BOX-BLR-04,3.38,58.4,05-01-2025 04:00
69aac10e1b0c1bff0a818213,BOX-BLR-04,3.57,56.63,05-01-2025 04:10
69aac10e1b0c1bff0a818214,BOX-BLR-04,3.49,45.77,05-01-2025 04:20
69aac10e1b0c1bff0a818215,BOX-BLR-04,3.25,40.57,05-01-2025 04:30
69aac10e1b0c1bff0a818216,BOX-BLR-04,3.01,40.16,05-01-2025 04:40
69aac10e1b0c1bff0a818217,BOX-BLR-04,2.85,46.34,05-01-2025 04:50
69aac10e1b0c1bff0a818218,BOX-BLR-04,2.98,53.31,05-01-2025 05:00
69aac10e1b0c1bff0a818219,BOX-BLR-04,3.22,54.41,05-01-2025 05:10
69aac10e1b0c1bff0a81821a,BOX-BLR-04,2.92,48.61,05-01-2025 05:20
69aac10e1b0c1bff0a81821b,BOX-BLR-04,2.72,57.07,05-01-2025 05:30
69aac10e1b0c1bff0a81821c,BOX-BLR-04,2.87,43.44,05-01-2025 05:40
69aac10e1b0c1bff0a81821d,BOX-BLR-04,2.95,42.48,05-01-2025 05:50
69aac10e1b0c1bff0a81821e,BOX-BLR-04,2.96,44.18,05-01-2025 06:00
69aac10e1b0c1bff0a81821f,BOX-BLR-04,3.04,59.79,05-01-2025 06:10
69aac10e1b0c1bff0a818220,BOX-BLR-04,3.28,59.66,05-01-2025 06:20
69aac10e1b0c1bff0a818221,BOX-BLR-04,2.99,57.21,05-01-2025 06:30
69aac10e1b0c1bff0a818222,BOX-BLR-04,2.81,59.75,05-01-2025 06:40
69aac10e1b0c1bff0a818223,BOX-BLR-04,2.83,40.05,05-01-2025 06:50
69aac10e1b0c1bff0a818224,BOX-BLR-04,2.73,40.31,05-01-2025 07:00
69aac10e1b0c1bff0a818225,BOX-BLR-04,2.72,52.83,05-01-2025 07:10
69aac10e1b0c1bff0a818226,BOX-BLR-04,2.62,42.09,05-01-2025 07:20
69aac10e1b0c1bff0a818227,BOX-BLR-04,2.38,53.56,05-01-2025 07:30
69aac10e1b0c1bff0a818228,BOX-BLR-04,2.09,53.7,05-01-2025 07:40
69aac10e1b0c1bff0a818229,BOX-BLR-04,2.05,49.06,05-01-2025 07:50
69aac10e1b0c1bff0a81822a,BOX-BLR-04,1.93,59.27,05-01-2025 08:00
69aac10e1b0c1bff0a81822b,BOX-BLR-04,2.04,53.06,05-01-2025 08:10
69aac10e1b0c1bff0a81822c,BOX-BLR-04,2.23,48.18,05-01-2025 08:20
69aac10e1b0c1bff0a81822d,BOX-BLR-04,2.18,41.45,05-01-2025 08:30
69aac10e1b0c1bff0a81822e,BOX-BLR-04,2.35,52.76,05-01-2025 08:40
69aac10e1b0c1bff0a81822f,BOX-BLR-04,2.08,52.93,05-01-2025 08:50
69aac10e1b0c1bff0a818230,BOX-BLR-04,1.94,53.23,05-01-2025 09:00
69aac10e1b0c1bff0a818231,BOX-BLR-04,1.82,53.11,05-01-2025 09:10
69aac10e1b0c1bff0a818232,BOX-BLR-04,1.52,56.7,05-01-2025 09:20
69aac10e1b0c1bff0a818233,BOX-BLR-04,1.35,49.77,05-01-2025 09:30
69aac10e1b0c1bff0a818234,BOX-BLR-04,1.29,42.25,05-01-2025 09:40
69aac10e1b0c1bff0a818235,BOX-BLR-04,1.53,53.43,05-01-2025 09:50
69aac10e1b0c1bff0a818236,BOX-BLR-04,1.77,50.04,05-01-2025 10:00
69aac10e1b0c1bff0a818237,BOX-BLR-04,1.98,41.66,05-01-2025 10:10
69aac10e1b0c1bff0a818238,BOX-BLR-04,1.87,51.89,05-01-2025 10:20
69aac10e1b0c1bff0a818239,BOX-BLR-04,1.77,45.24,05-01-2025 10:30
69aac10e1b0c1bff0a81823a,BOX-BLR-04,1.76,48.31,05-01-2025 10:40
69aac10e1b0c1bff0a81823b,BOX-BLR-04,1.84,56.36,05-01-2025 10:50
69aac10e1b0c1bff0a81823c,BOX-BLR-04,1.59,58.82,05-01-2025 11:00
69aac10e1b0c1bff0a81823d,BOX-BLR-04,1.55,48.18,05-01-2025 11:10
69aac10e1b0c1bff0a81823e,BOX-BLR-04,1.31,47.7,05-01-2025 11:20
69aac10e1b0c1bff0a81823f,BOX-BLR-04,1.13,57.39,05-01-2025 11:30
69aac10e1b0c1bff0a818240,BOX-BLR-04,1.23,44.35,05-01-2025 11:40
69aac10e1b0c1bff0a818241,BOX-BLR-04,0.97,53.31,05-01-2025 11:50
69aac10e1b0c1bff0a818242,BOX-BLR-04,1.22,44.99,05-01-2025 12:00
69aac10e1b0c1bff0a818243,BOX-BLR-04,1.2,50.7,05-01-2025 12:10
69aac10e1b0c1bff0a818244,BOX-BLR-04,1.41,59.09,05-01-2025 12:20
69aac10e1b0c1bff0a818245,BOX-BLR-04,1.26,42.45,05-01-2025 12:30
69aac10e1b0c1bff0a818246,BOX-BLR-04,1.02,45.1,05-01-2025 12:40
69aac10e1b0c1bff0a818247,BOX-BLR-04,0.94,40.64,05-01-2025 12:50
69aac10e1b0c1bff0a818248,BOX-BLR-04,1.13,55.93,05-01-2025 13:00
69aac10e1b0c1bff0a818249,BOX-BLR-04,0.91,40.99,05-01-2025 13:10
69aac10e1b0c1bff0a81824a,BOX-BLR-04,0.82,43.04,05-01-2025 13:20
69aac10e1b0c1bff0a81824b,BOX-BLR-04,0.98,53.57,05-01-2025 13:30
69aac10e1b0c1bff0a81824c,BOX-BLR-04,1.05,57.12,05-01-2025 13:40
69aac10e1b0c1bff0a81824d,BOX-BLR-04,1.16,46.61,05-01-2025 13:50
69aac10e1b0c1bff0a81824e,BOX-BLR-04,1.13,56.57,05-01-2025 14:00
69aac10e1b0c1bff0a81824f,BOX-BLR-04,1.02,46.98,05-01-2025 14:10
69aac10e1b0c1bff0a818250,BOX-BLR-04,0.77,43.32,05-01-2025 14:20
69aac10e1b0c1bff0a818251,BOX-BLR-04,0.96,59.8,05-01-2025 14:30
69aac10e1b0c1bff0a818252,BOX-BLR-04,1.13,45.06,05-01-2025 14:40
69aac10e1b0c1bff0a818253,BOX-BLR-04,0.88,41.75,05-01-2025 14:50
69aac10e1b0c1bff0a818254,BOX-BLR-04,0.76,48.31,05-01-2025 15:00
69aac10e1b0c1bff0a818255,BOX-BLR-04,0.77,42.37,05-01-2025 15:10
69aac10e1b0c1bff0a818256,BOX-BLR-04,0.99,47.79,05-01-2025 15:20
69aac10e1b0c1bff0a818257,BOX-BLR-04,1.01,58.28,05-01-2025 15:30
69aac10e1b0c1bff0a818258,BOX-BLR-04,1.07,51.74,05-01-2025 15:40
69aac10e1b0c1bff0a818259,BOX-BLR-04,1.32,54.42,05-01-2025 15:50
69aac10e1b0c1bff0a81825a,BOX-BLR-04,1.49,41.09,05-01-2025 16:00
69aac10e1b0c1bff0a81825b,BOX-BLR-04,1.32,53.35,05-01-2025 16:10
69aac10e1b0c1bff0a81825c,BOX-BLR-04,1.29,59.71,05-01-2025 16:20
69aac10e1b0c1bff0a81825d,BOX-BLR-04,1.08,51.54,05-01-2025 16:30
69aac10e1b0c1bff0a81825e,BOX-BLR-04,1.21,50.95,05-01-2025 16:40
69aac10e1b0c1bff0a81825f,BOX-BLR-04,1.32,58.25,05-01-2025 16:50
69aac10e1b0c1bff0a818260,BOX-BLR-04,1.57,57.56,05-01-2025 17:00
69aac10e1b0c1bff0a818261,BOX-BLR-04,1.33,57.17,05-01-2025 17:10
69aac10e1b0c1bff0a818262,BOX-BLR-04,1.48,45.1,05-01-2025 17:20
69aac10e1b0c1bff0a818263,BOX-BLR-04,1.66,59.79,05-01-2025 17:30
69aac10e1b0c1bff0a818264,BOX-BLR-04,1.54,44.34,05-01-2025 17:40
69aac10e1b0c1bff0a818265,BOX-BLR-04,1.35,46.17,05-01-2025 17:50
69aac10e1b0c1bff0a818266,BOX-BLR-04,1.23,44.12,05-01-2025 18:00
69aac10e1b0c1bff0a818267,BOX-BLR-04,1,40.33,05-01-2025 18:10
69aac10e1b0c1bff0a818268,BOX-BLR-04,1.26,49.26,05-01-2025 18:20
69aac10e1b0c1bff0a818269,BOX-BLR-04,1.13,53.91,05-01-2025 18:30
69aac10e1b0c1bff0a81826a,BOX-BLR-04,1.34,45.43,05-01-2025 18:40
69aac10e1b0c1bff0a81826b,BOX-BLR-04,1.19,51.96,05-01-2025 18:50
69aac10e1b0c1bff0a81826c,BOX-BLR-04,1.11,56.72,05-01-2025 19:00
69aac10e1b0c1bff0a81826d,BOX-BLR-04,1.02,57.99,05-01-2025 19:10
69aac10e1b0c1bff0a81826e,BOX-BLR-04,0.75,51.16,05-01-2025 19:20
69aac10e1b0c1bff0a81826f,BOX-BLR-04,0.6,42.17,05-01-2025 19:30
69aac10e1b0c1bff0a818270,BOX-BLR-04,0.33,50.78,05-01-2025 19:40
69aac10e1b0c1bff0a818271,BOX-BLR-04,0.48,47.2,05-01-2025 19:50
69aac10e1b0c1bff0a818272,BOX-BLR-04,0.49,54.69,05-01-2025 20:00
69aac10e1b0c1bff0a818273,BOX-BLR-04,0.44,54.13,05-01-2025 20:10
69aac10e1b0c1bff0a818274,BOX-BLR-04,0.22,59.79,05-01-2025 20:20
69aac10e1b0c1bff0a818275,BOX-BLR-04,0.32,54.23,05-01-2025 20:30
69aac10e1b0c1bff0a818276,BOX-BLR-04,0.5,42.64,05-01-2025 20:40
69aac10e1b0c1bff0a818277,BOX-BLR-04,0.45,56.28,05-01-2025 20:50
69aac10e1b0c1bff0a818278,BOX-BLR-04,0.61,46.98,05-01-2025 21:00
69aac10e1b0c1bff0a818279,BOX-BLR-04,0.66,50.28,05-01-2025 21:10
69aac10e1b0c1bff0a81827a,BOX-BLR-04,0.86,53.44,05-01-2025 21:20
69aac10e1b0c1bff0a81827b,BOX-BLR-04,0.72,55.52,05-01-2025 21:30
69aac10e1b0c1bff0a81827c,BOX-BLR-04,0.43,47.5,05-01-2025 21:40
69aac10e1b0c1bff0a81827d,BOX-BLR-04,0.47,52.14,05-01-2025 21:50
69aac10e1b0c1bff0a81827e,BOX-BLR-04,0.23,41.99,05-01-2025 22:00
69aac10e1b0c1bff0a81827f,BOX-BLR-04,0.41,41.56,05-01-2025 22:10
69aac10e1b0c1bff0a818280,BOX-BLR-04,0.54,56.14,05-01-2025 22:20
69aac10e1b0c1bff0a818281,BOX-BLR-04,0.29,46.43,05-01-2025 22:30
69aac10e1b0c1bff0a818282,BOX-BLR-04,0.3,45.74,05-01-2025 22:40
69aac10e1b0c1bff0a818283,BOX-BLR-04,0.26,52.95,05-01-2025 22:50
69aac10e1b0c1bff0a818284,BOX-BLR-04,0.36,52.51,05-01-2025 23:00
69aac10e1b0c1bff0a818285,BOX-BLR-04,0.64,43.03,05-01-2025 23:10
69aac10e1b0c1bff0a818286,BOX-BLR-04,0.78,43.82,05-01-2025 23:20
69aac10e1b0c1bff0a818287,BOX-BLR-04,0.54,48.59,05-01-2025 23:30
69aac10e1b0c1bff0a818288,BOX-BLR-04,0.44,48.32,05-01-2025 23:40
69aac10e1b0c1bff0a818289,BOX-BLR-04,0.15,46.79,05-01-2025 23:50
69aac10e1b0c1bff0a81828a,BOX-BLR-04,0.21,40.31,06-01-2025 00:00
69aac10e1b0c1bff0a81828b,BOX-BLR-04,-0.05,56.58,06-01-2025 00:10
69aac10e1b0c1bff0a81828c,BOX-BLR-04,-0.31,56.14,06-01-2025 00:20
69aac10e1b0c1bff0a81828d,BOX-BLR-04,-0.35,57.92,06-01-2025 00:30
69aac10e1b0c1bff0a81828e,BOX-BLR-04,-0.17,55.82,06-01-2025 00:40
69aac10e1b0c1bff0a81828f,BOX-BLR-04,0.05,56.84,06-01-2025 00:50
69aac10e1b0c1bff0a818290,BOX-BLR-04,-0.23,51.03,06-01-2025 01:00
69aac10e1b0c1bff0a818291,BOX-BLR-04,-0.35,44.99,06-01-2025 01:10
69aac10e1b0c1bff0a818292,BOX-BLR-04,-0.08,53.66,06-01-2025 01:20
69aac10e1b0c1bff0a818293,BOX-BLR-04,-0.32,47.74,06-01-2025 01:30
69aac10e1b0c1bff0a818294,BOX-BLR-04,-0.43,53.96,06-01-2025 01:40
69aac10e1b0c1bff0a818295,BOX-BLR-04,-0.63,46.84,06-01-2025 01:50
69aac10e1b0c1bff0a818296,BOX-BLR-04,-0.41,50.18,06-01-2025 02:00
69aac10e1b0c1bff0a818297,BOX-BLR-04,-0.5,47.83,06-01-2025 02:10
69aac10e1b0c1bff0a818298,BOX-BLR-04,-0.51,51.7,06-01-2025 02:20
69aac10e1b0c1bff0a818299,BOX-BLR-04,-0.27,42.06,06-01-2025 02:30
69aac10e1b0c1bff0a81829a,BOX-BLR-04,-0.48,41.96,06-01-2025 02:40
69aac10e1b0c1bff0a81829b,BOX-BLR-04,-0.47,49.88,06-01-2025 02:50
69aac10e1b0c1bff0a81829c,BOX-BLR-04,-0.53,44.61,06-01-2025 03:00
69aac10e1b0c1bff0a81829d,BOX-BLR-04,-0.71,55.98,06-01-2025 03:10
69aac10e1b0c1bff0a81829e,BOX-BLR-04,-0.84,44.28,06-01-2025 03:20
69aac10e1b0c1bff0a81829f,BOX-BLR-04,-0.67,43.77,06-01-2025 03:30
69aac10e1b0c1bff0a8182a0,BOX-BLR-04,-0.6,53.13,06-01-2025 03:40
69aac10e1b0c1bff0a8182a1,BOX-BLR-04,-0.31,49.15,06-01-2025 03:50
69aac10e1b0c1bff0a8182a2,BOX-BLR-04,-0.53,56.96,06-01-2025 04:00
69aac10e1b0c1bff0a8182a3,BOX-BLR-04,-0.58,41.03,06-01-2025 04:10
69aac10e1b0c1bff0a8182a4,BOX-BLR-04,-0.66,43.41,06-01-2025 04:20
69aac10e1b0c1bff0a8182a5,BOX-BLR-04,-0.44,46.81,06-01-2025 04:30
69aac10e1b0c1bff0a8182a6,BOX-BLR-04,-0.2,50.86,06-01-2025 04:40
69aac10e1b0c1bff0a8182a7,BOX-BLR-04,-0.38,57.92,06-01-2025 04:50
69aac10e1b0c1bff0a8182a8,BOX-BLR-04,-0.14,54.57,06-01-2025 05:00
69aac10e1b0c1bff0a8182a9,BOX-BLR-04,-0.13,50.14,06-01-2025 05:10
69aac10e1b0c1bff0a8182aa,BOX-BLR-04,-0.1,40.05,06-01-2025 05:20
69aac10e1b0c1bff0a8182ab,BOX-BLR-04,-0.17,45.13,06-01-2025 05:30
69aac10e1b0c1bff0a8182ac,BOX-BLR-04,0.09,46.28,06-01-2025 05:40
69aac10e1b0c1bff0a8182ad,BOX-BLR-04,-0.05,57.41,06-01-2025 05:50
69aac10e1b0c1bff0a8182ae,BOX-BLR-04,-0.06,49.8,06-01-2025 06:00
69aac10e1b0c1bff0a8182af,BOX-BLR-04,0.09,58.26,06-01-2025 06:10
69aac10e1b0c1bff0a8182b0,BOX-BLR-04,-0.1,51.48,06-01-2025 06:20
69aac10e1b0c1bff0a8182b1,BOX-BLR-04,0.15,45.85,06-01-2025 06:30
69aac10e1b0c1bff0a8182b2,BOX-BLR-04,0.17,46.11,06-01-2025 06:40
69aac10e1b0c1bff0a8182b3,BOX-BLR-04,0.46,42.54,06-01-2025 06:50
69aac10e1b0c1bff0a8182b4,BOX-BLR-04,0.53,47.4,06-01-2025 07:00
69aac10e1b0c1bff0a8182b5,BOX-BLR-04,0.53,58.19,06-01-2025 07:10
69aac10e1b0c1bff0a8182b6,BOX-BLR-04,0.41,46.54,06-01-2025 07:20
69aac10e1b0c1bff0a8182b7,BOX-BLR-04,0.53,42.36,06-01-2025 07:30
69aac10e1b0c1bff0a8182b8,BOX-BLR-04,0.34,47.51,06-01-2025 07:40
69aac10e1b0c1bff0a8182b9,BOX-BLR-04,0.32,42.5,06-01-2025 07:50
69aac10e1b0c1bff0a8182ba,BOX-BLR-04,0.24,53.49,06-01-2025 08:00
69aac10e1b0c1bff0a8182bb,BOX-BLR-04,0.34,41.24,06-01-2025 08:10
69aac10e1b0c1bff0a8182bc,BOX-BLR-04,0.49,45.02,06-01-2025 08:20
69aac10e1b0c1bff0a8182bd,BOX-BLR-04,0.36,54.51,06-01-2025 08:30
69aac10e1b0c1bff0a8182be,BOX-BLR-04,0.42,57.43,06-01-2025 08:40
69aac10e1b0c1bff0a8182bf,BOX-BLR-04,0.42,51.15,06-01-2025 08:50
69aac10e1b0c1bff0a8182c0,BOX-BLR-04,0.7,55.31,06-01-2025 09:00
69aac10e1b0c1bff0a8182c1,BOX-BLR-04,0.79,43.02,06-01-2025 09:10
69aac10e1b0c1bff0a8182c2,BOX-BLR-04,0.83,42.82,06-01-2025 09:20
69aac10e1b0c1bff0a8182c3,BOX-BLR-04,1.06,44.24,06-01-2025 09:30
69aac10e1b0c1bff0a8182c4,BOX-BLR-04,1.1,43.77,06-01-2025 09:40
69aac10e1b0c1bff0a8182c5,BOX-BLR-04,0.94,40.37,06-01-2025 09:50
69aac10e1b0c1bff0a8182c6,BOX-BLR-04,0.65,41.18,06-01-2025 10:00
69aac10e1b0c1bff0a8182c7,BOX-BLR-04,0.61,51.3,06-01-2025 10:10
69aac10e1b0c1bff0a8182c8,BOX-BLR-04,0.69,41.75,06-01-2025 10:20
69aac10e1b0c1bff0a8182c9,BOX-BLR-04,0.55,54.02,06-01-2025 10:30
69aac10e1b0c1bff0a8182ca,BOX-BLR-04,0.33,47.35,06-01-2025 10:40
69aac10e1b0c1bff0a8182cb,BOX-BLR-04,0.25,50.04,06-01-2025 10:50
69aac10e1b0c1bff0a8182cc,BOX-BLR-04,0.33,54.25,06-01-2025 11:00
69aac10e1b0c1bff0a8182cd,BOX-BLR-04,0.31,42.47,06-01-2025 11:10
69aac10e1b0c1bff0a8182ce,BOX-BLR-04,0.54,46.95,06-01-2025 11:20
69aac10e1b0c1bff0a8182cf,BOX-BLR-04,0.84,46.05,06-01-2025 11:30
69aac10e1b0c1bff0a8182d0,BOX-BLR-04,0.56,51.86,06-01-2025 11:40
69aac10e1b0c1bff0a8182d1,BOX-BLR-04,0.68,44.62,06-01-2025 11:50
69aac10e1b0c1bff0a8182d2,BOX-BLR-04,0.81,59.47,06-01-2025 12:00
69aac10e1b0c1bff0a8182d3,BOX-BLR-04,0.96,56.78,06-01-2025 12:10
69aac10e1b0c1bff0a8182d4,BOX-BLR-04,0.79,45.55,06-01-2025 12:20
69aac10e1b0c1bff0a8182d5,BOX-BLR-04,0.94,57.47,06-01-2025 12:30
69aac10e1b0c1bff0a8182d6,BOX-BLR-04,1.12,42.84,06-01-2025 12:40
69aac10e1b0c1bff0a8182d7,BOX-BLR-04,0.91,42.75,06-01-2025 12:50
69aac10e1b0c1bff0a8182d8,BOX-BLR-04,1.12,45.83,06-01-2025 13:00
69aac10e1b0c1bff0a8182d9,BOX-BLR-04,1.07,44.76,06-01-2025 13:10
69aac10e1b0c1bff0a8182da,BOX-BLR-04,1.05,47.79,06-01-2025 13:20
69aac10e1b0c1bff0a8182db,BOX-BLR-04,1.09,57.06,06-01-2025 13:30
69aac10e1b0c1bff0a8182dc,BOX-BLR-04,1.01,42.52,06-01-2025 13:40
69aac10e1b0c1bff0a8182dd,BOX-BLR-04,1.1,48.28,06-01-2025 13:50
69aac10e1b0c1bff0a8182de,BOX-BLR-04,1.21,55.4,06-01-2025 14:00
69aac10e1b0c1bff0a8182df,BOX-BLR-04,1.36,45.43,06-01-2025 14:10
69aac10e1b0c1bff0a8182e0,BOX-BLR-04,1.15,44.26,06-01-2025 14:20
69aac10e1b0c1bff0a8182e1,BOX-BLR-04,1.02,41.21,06-01-2025 14:30
69aac10e1b0c1bff0a8182e2,BOX-BLR-04,1.11,51.72,06-01-2025 14:40
69aac10e1b0c1bff0a8182e3,BOX-BLR-04,1.15,40.57,06-01-2025 14:50
69aac10e1b0c1bff0a8182e4,BOX-BLR-04,1.35,50.95,06-01-2025 15:00
69aac10e1b0c1bff0a8182e5,BOX-BLR-04,1.25,59.99,06-01-2025 15:10
69aac10e1b0c1bff0a8182e6,BOX-BLR-04,0.98,52.02,06-01-2025 15:20
69aac10e1b0c1bff0a8182e7,BOX-BLR-04,1.27,48.5,06-01-2025 15:30
69aac10e1b0c1bff0a8182e8,BOX-BLR-04,0.98,47.37,06-01-2025 15:40
69aac10e1b0c1bff0a8182e9,BOX-BLR-04,0.96,52.28,06-01-2025 15:50
69aac10e1b0c1bff0a8182ea,BOX-BLR-04,0.86,46.4,06-01-2025 16:00
69aac10e1b0c1bff0a8182eb,BOX-BLR-04,0.74,45.82,06-01-2025 16:10
69aac10e1b0c1bff0a8182ec,BOX-BLR-04,0.46,42.55,06-01-2025 16:20
69aac10e1b0c1bff0a8182ed,BOX-BLR-04,0.59,55.44,06-01-2025 16:30
69aac10e1b0c1bff0a8182ee,BOX-BLR-04,0.52,50.4,06-01-2025 16:40
69aac10e1b0c1bff0a8182ef,BOX-BLR-04,0.34,54.86,06-01-2025 16:50
69aac10e1b0c1bff0a8182f0,BOX-BLR-04,0.25,44.16,06-01-2025 17:00
69aac10e1b0c1bff0a8182f1,BOX-BLR-04,0.04,41.24,06-01-2025 17:10
69aac10e1b0c1bff0a8182f2,BOX-BLR-04,-0.15,56.83,06-01-2025 17:20
69aac10e1b0c1bff0a8182f3,BOX-BLR-04,-0.11,44.35,06-01-2025 17:30
69aac10e1b0c1bff0a8182f4,BOX-BLR-04,-0.12,51.73,06-01-2025 17:40
69aac10e1b0c1bff0a8182f5,BOX-BLR-04,-0.09,56.86,06-01-2025 17:50
69aac10e1b0c1bff0a8182f6,BOX-BLR-04,-0.03,45.92,06-01-2025 18:00
69aac10e1b0c1bff0a8182f7,BOX-BLR-04,0.16,51.26,06-01-2025 18:10
69aac10e1b0c1bff0a8182f8,BOX-BLR-04,-0.09,43.2,06-01-2025 18:20
69aac10e1b0c1bff0a8182f9,BOX-BLR-04,-0.18,43.93,06-01-2025 18:30
69aac10e1b0c1bff0a8182fa,BOX-BLR-04,-0.22,45.3,06-01-2025 18:40
69aac10e1b0c1bff0a8182fb,BOX-BLR-04,-0.23,58.74,06-01-2025 18:50
69aac10e1b0c1bff0a8182fc,BOX-BLR-04,0.05,46.75,06-01-2025 19:00
69aac10e1b0c1bff0a8182fd,BOX-BLR-04,-0.09,54.14,06-01-2025 19:10
69aac10e1b0c1bff0a8182fe,BOX-BLR-04,-0.25,53.55,06-01-2025 19:20
69aac10e1b0c1bff0a8182ff,BOX-BLR-04,-0.15,59.41,06-01-2025 19:30
69aac10e1b0c1bff0a818300,BOX-BLR-04,0,40.16,06-01-2025 19:40
69aac10e1b0c1bff0a818301,BOX-BLR-04,-0.27,43.1,06-01-2025 19:50
69aac10e1b0c1bff0a818302,BOX-BLR-04,-0.29,42.57,06-01-2025 20:00
69aac10e1b0c1bff0a818303,BOX-BLR-04,-0.05,55.37,06-01-2025 20:10
69aac10e1b0c1bff0a818304,BOX-BLR-04,-0.2,44.83,06-01-2025 20:20
69aac10e1b0c1bff0a818305,BOX-BLR-04,-0.22,48.16,06-01-2025 20:30
69aac10e1b0c1bff0a818306,BOX-BLR-04,-0.07,59.18,06-01-2025 20:40
69aac10e1b0c1bff0a818307,BOX-BLR-04,-0.25,41.13,06-01-2025 20:50
69aac10e1b0c1bff0a818308,BOX-BLR-04,-0.51,50.54,06-01-2025 21:00
69aac10e1b0c1bff0a818309,BOX-BLR-04,-0.27,44.28,06-01-2025 21:10
69aac10e1b0c1bff0a81830a,BOX-BLR-04,-0.21,51.74,06-01-2025 21:20
69aac10e1b0c1bff0a81830b,BOX-BLR-04,-0.33,44.49,06-01-2025 21:30
69aac10e1b0c1bff0a81830c,BOX-BLR-04,-0.37,51.85,06-01-2025 21:40
69aac10e1b0c1bff0a81830d,BOX-BLR-04,-0.24,42.88,06-01-2025 21:50
69aac10e1b0c1bff0a81830e,BOX-BLR-04,0.04,41.26,06-01-2025 22:00
69aac10e1b0c1bff0a81830f,BOX-BLR-04,-0.21,48.46,06-01-2025 22:10
69aac10e1b0c1bff0a818310,BOX-BLR-04,-0.45,48.15,06-01-2025 22:20
69aac10e1b0c1bff0a818311,BOX-BLR-04,-0.62,44.99,06-01-2025 22:30
69aac10e1b0c1bff0a818312,BOX-BLR-04,-0.81,54.63,06-01-2025 22:40
69aac10e1b0c1bff0a818313,BOX-BLR-04,-0.76,50.78,06-01-2025 22:50
69aac10e1b0c1bff0a818314,BOX-BLR-04,-0.7,58.59,06-01-2025 23:00
69aac10e1b0c1bff0a818315,BOX-BLR-04,-0.7,54.26,06-01-2025 23:10
69aac10e1b0c1bff0a818316,BOX-BLR-04,-0.97,56.19,06-01-2025 23:20
69aac10e1b0c1bff0a818317,BOX-BLR-04,-0.9,41.02,06-01-2025 23:30
69aac10e1b0c1bff0a818318,BOX-BLR-04,-1.17,51.67,06-01-2025 23:40
69aac10e1b0c1bff0a818319,BOX-BLR-04,-1,57,06-01-2025 23:50
69aac10e1b0c1bff0a81831a,BOX-BLR-04,-1.2,44.05,07-01-2025 00:00
69aac10e1b0c1bff0a81831b,BOX-BLR-04,-0.95,57.13,07-01-2025 00:10
69aac10e1b0c1bff0a81831c,BOX-BLR-04,-0.96,41.07,07-01-2025 00:20
69aac10e1b0c1bff0a81831d,BOX-BLR-04,-1.02,56.62,07-01-2025 00:30
69aac10e1b0c1bff0a81831e,BOX-BLR-04,-1.28,43.98,07-01-2025 00:40
69aac10e1b0c1bff0a81831f,BOX-BLR-04,-1.23,49.27,07-01-2025 00:50
69aac10e1b0c1bff0a818320,BOX-BLR-04,-1.36,48.93,07-01-2025 01:00
69aac10e1b0c1bff0a818321,BOX-BLR-04,-1.19,41.96,07-01-2025 01:10
69aac10e1b0c1bff0a818322,BOX-BLR-04,-1.09,53.57,07-01-2025 01:20
69aac10e1b0c1bff0a818323,BOX-BLR-04,-0.8,40.41,07-01-2025 01:30
69aac10e1b0c1bff0a818324,BOX-BLR-04,-0.92,40.16,07-01-2025 01:40
69aac10e1b0c1bff0a818325,BOX-BLR-04,-1.12,44.94,07-01-2025 01:50
69aac10e1b0c1bff0a818326,BOX-BLR-04,-1.02,54.91,07-01-2025 02:00
69aac10e1b0c1bff0a818327,BOX-BLR-04,-1.03,42.3,07-01-2025 02:10
69aac10e1b0c1bff0a818328,BOX-BLR-04,-1.19,40.24,07-01-2025 02:20
69aac10e1b0c1bff0a818329,BOX-BLR-04,-0.93,41.37,07-01-2025 02:30
69aac10e1b0c1bff0a81832a,BOX-BLR-04,-0.93,40.99,07-01-2025 02:40
69aac10e1b0c1bff0a81832b,BOX-BLR-04,-0.96,49.68,07-01-2025 02:50
69aac10e1b0c1bff0a81832c,BOX-BLR-04,-1.01,48.61,07-01-2025 03:00
69aac10e1b0c1bff0a81832d,BOX-BLR-04,-1.09,53.99,07-01-2025 03:10
69aac10e1b0c1bff0a81832e,BOX-BLR-04,-0.88,44.46,07-01-2025 03:20
69aac10e1b0c1bff0a81832f,BOX-BLR-04,-1,42.67,07-01-2025 03:30
69aac10e1b0c1bff0a818330,BOX-BLR-04,-0.82,47.43,07-01-2025 03:40
69aac10e1b0c1bff0a818331,BOX-BLR-04,-1.1,52.19,07-01-2025 03:50
69aac10e1b0c1bff0a818332,BOX-BLR-04,-1.35,46.69,07-01-2025 04:00
69aac10e1b0c1bff0a818333,BOX-BLR-04,-1.15,56.34,07-01-2025 04:10
69aac10e1b0c1bff0a818334,BOX-BLR-04,-1.44,43.35,07-01-2025 04:20
69aac10e1b0c1bff0a818335,BOX-BLR-04,-1.62,57.69,07-01-2025 04:30
69aac10e1b0c1bff0a818336,BOX-BLR-04,-1.82,44.02,07-01-2025 04:40
69aac10e1b0c1bff0a818337,BOX-BLR-04,-1.86,56.61,07-01-2025 04:50
69aac10e1b0c1bff0a818338,BOX-BLR-04,-2.02,49.7,07-01-2025 05:00
69aac10e1b0c1bff0a818339,BOX-BLR-04,-1.9,50.91,07-01-2025 05:10
69aac10e1b0c1bff0a81833a,BOX-BLR-04,-1.94,57.36,07-01-2025 05:20
69aac10e1b0c1bff0a81833b,BOX-BLR-04,-1.91,47.4,07-01-2025 05:30
69aac10e1b0c1bff0a81833c,BOX-BLR-04,-2.04,46.34,07-01-2025 05:40
69aac10e1b0c1bff0a81833d,BOX-BLR-04,-2.31,50.36,07-01-2025 05:50
69aac10e1b0c1bff0a81833e,BOX-BLR-04,-2.1,46.21,07-01-2025 06:00
69aac10e1b0c1bff0a81833f,BOX-BLR-04,-2.13,41.75,07-01-2025 06:10
69aac10e1b0c1bff0a818340,BOX-BLR-04,-2.33,52.48,07-01-2025 06:20
69aac10e1b0c1bff0a818341,BOX-BLR-04,-2.06,50.64,07-01-2025 06:30
69aac10e1b0c1bff0a818342,BOX-BLR-04,-2.14,55.18,07-01-2025 06:40
69aac10e1b0c1bff0a818343,BOX-BLR-04,-1.87,50.59,07-01-2025 06:50
69aac10e1b0c1bff0a818344,BOX-BLR-04,-1.89,54.07,07-01-2025 07:00
69aac10e1b0c1bff0a818345,BOX-BLR-04,-1.6,51.92,07-01-2025 07:10
69aac10e1b0c1bff0a818346,BOX-BLR-04,-1.35,56.28,07-01-2025 07:20
69aac10e1b0c1bff0a818347,BOX-BLR-04,-1.1,51.48,07-01-2025 07:30
69aac10e1b0c1bff0a818348,BOX-BLR-04,-1.34,46.89,07-01-2025 07:40
69aac10e1b0c1bff0a818349,BOX-BLR-04,-1.19,46.11,07-01-2025 07:50
69aac10e1b0c1bff0a81834a,BOX-BLR-04,-1.06,42.79,07-01-2025 08:00
69aac10e1b0c1bff0a81834b,BOX-BLR-04,-0.78,53.67,07-01-2025 08:10
69aac10e1b0c1bff0a81834c,BOX-BLR-04,-1.02,47.22,07-01-2025 08:20
69aac10e1b0c1bff0a81834d,BOX-BLR-04,-1.04,45.29,07-01-2025 08:30
69aac10e1b0c1bff0a81834e,BOX-BLR-04,-0.95,42.26,07-01-2025 08:40
69aac10e1b0c1bff0a81834f,BOX-BLR-04,-1.22,57.64,07-01-2025 08:50
69aac10e1b0c1bff0a818350,BOX-BLR-04,-1.23,51.48,07-01-2025 09:00
69aac10e1b0c1bff0a818351,BOX-BLR-04,-1.35,51.44,07-01-2025 09:10
69aac10e1b0c1bff0a818352,BOX-BLR-04,-1.23,50.48,07-01-2025 09:20
69aac10e1b0c1bff0a818353,BOX-BLR-04,-1.19,56.98,07-01-2025 09:30
69aac10e1b0c1bff0a818354,BOX-BLR-04,-1.47,57.66,07-01-2025 09:40
69aac10e1b0c1bff0a818355,BOX-BLR-04,-1.34,46.58,07-01-2025 09:50
69aac10e1b0c1bff0a818356,BOX-BLR-04,-1.13,45.55,07-01-2025 10:00
69aac10e1b0c1bff0a818357,BOX-BLR-04,-1.12,59.06,07-01-2025 10:10
69aac10e1b0c1bff0a818358,BOX-BLR-04,-1.02,40.08,07-01-2025 10:20
69aac10e1b0c1bff0a818359,BOX-BLR-04,-1.26,52.97,07-01-2025 10:30
69aac10e1b0c1bff0a81835a,BOX-BLR-04,-1,42.08,07-01-2025 10:40
69aac10e1b0c1bff0a81835b,BOX-BLR-04,-1.21,49.2,07-01-2025 10:50
69aac10e1b0c1bff0a81835c,BOX-BLR-04,-1.49,50.84,07-01-2025 11:00
69aac10e1b0c1bff0a81835d,BOX-BLR-04,-1.24,52.84,07-01-2025 11:10
69aac10e1b0c1bff0a81835e,BOX-BLR-04,-1.11,58.17,07-01-2025 11:20
69aac10e1b0c1bff0a81835f,BOX-BLR-04,-0.92,55.25,07-01-2025 11:30
69aac10e1b0c1bff0a818360,BOX-BLR-04,-1.17,56.07,07-01-2025 11:40
69aac10e1b0c1bff0a818361,BOX-BLR-04,-1.05,54.64,07-01-2025 11:50
69aac10e1b0c1bff0a818362,BOX-BLR-04,-1.01,55.59,07-01-2025 12:00
69aac10e1b0c1bff0a818363,BOX-BLR-04,-1.04,49.5,07-01-2025 12:10
69aac10e1b0c1bff0a818364,BOX-BLR-04,-1.21,57.86,07-01-2025 12:20
69aac10e1b0c1bff0a818365,BOX-BLR-04,-1.13,56.28,07-01-2025 12:30
69aac10e1b0c1bff0a818366,BOX-BLR-04,-0.85,49.72,07-01-2025 12:40
69aac10e1b0c1bff0a818367,BOX-BLR-04,-0.63,59.21,07-01-2025 12:50
69aac10e1b0c1bff0a818368,BOX-BLR-04,-0.78,50.81,07-01-2025 13:00
69aac10e1b0c1bff0a818369,BOX-BLR-04,-0.94,49.03,07-01-2025 13:10
69aac10e1b0c1bff0a81836a,BOX-BLR-04,-0.77,44.52,07-01-2025 13:20
69aac10e1b0c1bff0a81836b,BOX-BLR-04,-0.76,41.27,07-01-2025 13:30
69aac10e1b0c1bff0a81836c,BOX-BLR-04,-0.77,53.87,07-01-2025 13:40
69aac10e1b0c1bff0a81836d,BOX-BLR-04,-0.6,47.45,07-01-2025 13:50
69aac10e1b0c1bff0a81836e,BOX-BLR-04,-0.57,52.55,07-01-2025 14:00
69aac10e1b0c1bff0a81836f,BOX-BLR-04,-0.64,56.36,07-01-2025 14:10
69aac10e1b0c1bff0a818370,BOX-BLR-04,-0.53,55.96,07-01-2025 14:20
69aac10e1b0c1bff0a818371,BOX-BLR-04,-0.28,41.05,07-01-2025 14:30
69aac10e1b0c1bff0a818372,BOX-BLR-04,-0.52,42.36,07-01-2025 14:40
69aac10e1b0c1bff0a818373,BOX-BLR-04,-0.81,50.61,07-01-2025 14:50
69aac10e1b0c1bff0a818374,BOX-BLR-04,-1.05,53.8,07-01-2025 15:00
69aac10e1b0c1bff0a818375,BOX-BLR-04,-0.81,41.68,07-01-2025 15:10
69aac10e1b0c1bff0a818376,BOX-BLR-04,-0.56,51.12,07-01-2025 15:20
69aac10e1b0c1bff0a818377,BOX-BLR-04,-0.42,43.09,07-01-2025 15:30
69aac10e1b0c1bff0a818378,BOX-BLR-04,-0.44,55.11,07-01-2025 15:40
69aac10e1b0c1bff0a818379,BOX-BLR-04,-0.35,54.6,07-01-2025 15:50
69aac10e1b0c1bff0a81837a,BOX-BLR-04,-0.52,49.82,07-01-2025 16:00
69aac10e1b0c1bff0a81837b,BOX-BLR-04,-0.37,45.97,07-01-2025 16:10
69aac10e1b0c1bff0a81837c,BOX-BLR-04,-0.08,56.6,07-01-2025 16:20
69aac10e1b0c1bff0a81837d,BOX-BLR-04,-0.19,44.06,07-01-2025 16:30
69aac10e1b0c1bff0a81837e,BOX-BLR-04,-0.1,56.27,07-01-2025 16:40
69aac10e1b0c1bff0a81837f,BOX-BLR-04,0.08,57.96,07-01-2025 16:50
69aac10e1b0c1bff0a818380,BOX-BLR-04,-0.18,47.71,07-01-2025 17:00
69aac10e1b0c1bff0a818381,BOX-BLR-04,0.09,51.86,07-01-2025 17:10
69aac10e1b0c1bff0a818382,BOX-BLR-04,-0.08,52.57,07-01-2025 17:20
69aac10e1b0c1bff0a818383,BOX-BLR-04,-0.28,45.3,07-01-2025 17:30
69aac10e1b0c1bff0a818384,BOX-BLR-04,-0.21,54.08,07-01-2025 17:40
69aac10e1b0c1bff0a818385,BOX-BLR-04,0.07,46.76,07-01-2025 17:50
69aac10e1b0c1bff0a818386,BOX-BLR-04,0.12,40.74,07-01-2025 18:00
69aac10e1b0c1bff0a818387,BOX-BLR-04,0.41,44.25,07-01-2025 18:10
69aac10e1b0c1bff0a818388,BOX-BLR-04,0.18,40.68,07-01-2025 18:20
69aac10e1b0c1bff0a818389,BOX-BLR-04,0.35,44.59,07-01-2025 18:30
69aac10e1b0c1bff0a81838a,BOX-BLR-04,0.3,57.65,07-01-2025 18:40
69aac10e1b0c1bff0a81838b,BOX-BLR-04,0.08,50.06,07-01-2025 18:50
69aac10e1b0c1bff0a81838c,BOX-BLR-04,0.26,48.89,07-01-2025 19:00
69aac10e1b0c1bff0a81838d,BOX-BLR-04,0.1,48.68,07-01-2025 19:10
69aac10e1b0c1bff0a81838e,BOX-BLR-04,0.16,53.16,07-01-2025 19:20
69aac10e1b0c1bff0a81838f,BOX-BLR-04,0.09,46,07-01-2025 19:30
69aac10e1b0c1bff0a818390,BOX-BLR-04,0.15,54.42,07-01-2025 19:40
69aac10e1b0c1bff0a818391,BOX-BLR-04,0.07,40.58,07-01-2025 19:50
69aac10e1b0c1bff0a818392,BOX-BLR-04,0.36,49.33,07-01-2025 20:00
69aac10e1b0c1bff0a818393,BOX-BLR-04,0.6,46.6,07-01-2025 20:10
69aac10e1b0c1bff0a818394,BOX-BLR-04,0.6,47.81,07-01-2025 20:20
69aac10e1b0c1bff0a818395,BOX-BLR-04,0.47,40.62,07-01-2025 20:30
69aac10e1b0c1bff0a818396,BOX-BLR-04,0.45,55.48,07-01-2025 20:40
69aac10e1b0c1bff0a818397,BOX-BLR-04,0.59,56.95,07-01-2025 20:50
69aac10e1b0c1bff0a818398,BOX-BLR-04,0.49,40.32,07-01-2025 21:00
69aac10e1b0c1bff0a818399,BOX-BLR-04,0.32,45.4,07-01-2025 21:10
69aac10e1b0c1bff0a81839a,BOX-BLR-04,0.36,52.17,07-01-2025 21:20
69aac10e1b0c1bff0a81839b,BOX-BLR-04,0.22,43.35,07-01-2025 21:30
69aac10e1b0c1bff0a81839c,BOX-BLR-04,0.31,47.33,07-01-2025 21:40
69aac10e1b0c1bff0a81839d,BOX-BLR-04,0.5,55.08,07-01-2025 21:50
69aac10e1b0c1bff0a81839e,BOX-BLR-04,0.47,59.31,07-01-2025 22:00
69aac10e1b0c1bff0a81839f,BOX-BLR-04,0.28,53.1,07-01-2025 22:10
69aac10e1b0c1bff0a8183a0,BOX-BLR-04,0.2,50.28,07-01-2025 22:20
69aac10e1b0c1bff0a8183a1,BOX-BLR-04,0.17,47.46,07-01-2025 22:30
69aac10e1b0c1bff0a8183a2,BOX-HYD-05,3.8,50.92,01-01-2025 00:00
69aac10e1b0c1bff0a8183a3,BOX-HYD-05,4.06,53.7,01-01-2025 00:10
69aac10e1b0c1bff0a8183a4,BOX-HYD-05,4.07,48.13,01-01-2025 00:20
69aac10e1b0c1bff0a8183a5,BOX-HYD-05,4.21,56.3,01-01-2025 00:30
69aac10e1b0c1bff0a8183a6,BOX-HYD-05,4.37,57.48,01-01-2025 00:40
69aac10e1b0c1bff0a8183a7,BOX-HYD-05,4.12,45.38,01-01-2025 00:50
69aac10e1b0c1bff0a8183a8,BOX-HYD-05,4.26,51.48,01-01-2025 01:00
69aac10e1b0c1bff0a8183a9,BOX-HYD-05,4.03,43.18,01-01-2025 01:10
69aac10e1b0c1bff0a8183aa,BOX-HYD-05,3.75,59.28,01-01-2025 01:20
69aac10e1b0c1bff0a8183ab,BOX-HYD-05,3.96,51.46,01-01-2025 01:30
69aac10e1b0c1bff0a8183ac,BOX-HYD-05,4.21,56.61,01-01-2025 01:40
69aac10e1b0c1bff0a8183ad,BOX-HYD-05,4,51.86,01-01-2025 01:50
69aac10e1b0c1bff0a8183ae,BOX-HYD-05,3.81,54.98,01-01-2025 02:00
69aac10e1b0c1bff0a8183af,BOX-HYD-05,3.94,45.16,01-01-2025 02:10
69aac10e1b0c1bff0a8183b0,BOX-HYD-05,3.84,58.21,01-01-2025 02:20
69aac10e1b0c1bff0a8183b1,BOX-HYD-05,4.03,41.93,01-01-2025 02:30
69aac10e1b0c1bff0a8183b2,BOX-HYD-05,4.21,47.9,01-01-2025 02:40
69aac10e1b0c1bff0a8183b3,BOX-HYD-05,3.97,43.98,01-01-2025 02:50
69aac10e1b0c1bff0a8183b4,BOX-HYD-05,3.89,46.93,01-01-2025 03:00
69aac10e1b0c1bff0a8183b5,BOX-HYD-05,3.61,49.9,01-01-2025 03:10
69aac10e1b0c1bff0a8183b6,BOX-HYD-05,3.38,44.83,01-01-2025 03:20
69aac10e1b0c1bff0a8183b7,BOX-HYD-05,3.48,49.01,01-01-2025 03:30
69aac10e1b0c1bff0a8183b8,BOX-HYD-05,3.24,53.96,01-01-2025 03:40
69aac10e1b0c1bff0a8183b9,BOX-HYD-05,2.98,56.94,01-01-2025 03:50
69aac10e1b0c1bff0a8183ba,BOX-HYD-05,3.28,42.63,01-01-2025 04:00
69aac10e1b0c1bff0a8183bb,BOX-HYD-05,3.2,51.59,01-01-2025 04:10
69aac10e1b0c1bff0a8183bc,BOX-HYD-05,3.05,47.58,01-01-2025 04:20
69aac10e1b0c1bff0a8183bd,BOX-HYD-05,3.01,48.06,01-01-2025 04:30
69aac10e1b0c1bff0a8183be,BOX-HYD-05,3.05,44.03,01-01-2025 04:40
69aac10e1b0c1bff0a8183bf,BOX-HYD-05,3.01,56.01,01-01-2025 04:50
69aac10e1b0c1bff0a8183c0,BOX-HYD-05,2.8,50.42,01-01-2025 05:00
69aac10e1b0c1bff0a8183c1,BOX-HYD-05,2.57,52.81,01-01-2025 05:10
69aac10e1b0c1bff0a8183c2,BOX-HYD-05,2.52,42.67,01-01-2025 05:20
69aac10e1b0c1bff0a8183c3,BOX-HYD-05,2.52,44.38,01-01-2025 05:30
69aac10e1b0c1bff0a8183c4,BOX-HYD-05,2.71,44.28,01-01-2025 05:40
69aac10e1b0c1bff0a8183c5,BOX-HYD-05,2.77,53.14,01-01-2025 05:50
69aac10e1b0c1bff0a8183c6,BOX-HYD-05,2.84,41.57,01-01-2025 06:00
69aac10e1b0c1bff0a8183c7,BOX-HYD-05,2.64,59.31,01-01-2025 06:10
69aac10e1b0c1bff0a8183c8,BOX-HYD-05,2.4,57.45,01-01-2025 06:20
69aac10e1b0c1bff0a8183c9,BOX-HYD-05,2.32,54.8,01-01-2025 06:30
69aac10e1b0c1bff0a8183ca,BOX-HYD-05,2.59,41.25,01-01-2025 06:40
69aac10e1b0c1bff0a8183cb,BOX-HYD-05,2.88,54.06,01-01-2025 06:50
69aac10e1b0c1bff0a8183cc,BOX-HYD-05,2.99,49.32,01-01-2025 07:00
69aac10e1b0c1bff0a8183cd,BOX-HYD-05,2.87,43.48,01-01-2025 07:10
69aac10e1b0c1bff0a8183ce,BOX-HYD-05,2.83,58.65,01-01-2025 07:20
69aac10e1b0c1bff0a8183cf,BOX-HYD-05,2.68,53.71,01-01-2025 07:30
69aac10e1b0c1bff0a8183d0,BOX-HYD-05,2.63,52.67,01-01-2025 07:40
69aac10e1b0c1bff0a8183d1,BOX-HYD-05,2.63,44.75,01-01-2025 07:50
69aac10e1b0c1bff0a8183d2,BOX-HYD-05,2.69,40.48,01-01-2025 08:00
69aac10e1b0c1bff0a8183d3,BOX-HYD-05,2.4,47.57,01-01-2025 08:10
69aac10e1b0c1bff0a8183d4,BOX-HYD-05,2.32,57.9,01-01-2025 08:20
69aac10e1b0c1bff0a8183d5,BOX-HYD-05,2.35,56.66,01-01-2025 08:30
69aac10e1b0c1bff0a8183d6,BOX-HYD-05,2.11,53.14,01-01-2025 08:40
69aac10e1b0c1bff0a8183d7,BOX-HYD-05,2.39,44.01,01-01-2025 08:50
69aac10e1b0c1bff0a8183d8,BOX-HYD-05,2.51,52,01-01-2025 09:00
69aac10e1b0c1bff0a8183d9,BOX-HYD-05,2.61,51.24,01-01-2025 09:10
69aac10e1b0c1bff0a8183da,BOX-HYD-05,2.42,44.35,01-01-2025 09:20
69aac10e1b0c1bff0a8183db,BOX-HYD-05,2.71,54.36,01-01-2025 09:30
69aac10e1b0c1bff0a8183dc,BOX-HYD-05,2.83,44.3,01-01-2025 09:40
69aac10e1b0c1bff0a8183dd,BOX-HYD-05,2.71,52.01,01-01-2025 09:50
69aac10e1b0c1bff0a8183de,BOX-HYD-05,2.86,56.49,01-01-2025 10:00
69aac10e1b0c1bff0a8183df,BOX-HYD-05,2.72,43.93,01-01-2025 10:10
69aac10e1b0c1bff0a8183e0,BOX-HYD-05,2.93,58.84,01-01-2025 10:20
69aac10e1b0c1bff0a8183e1,BOX-HYD-05,3.17,48.38,01-01-2025 10:30
69aac10e1b0c1bff0a8183e2,BOX-HYD-05,3.32,59.35,01-01-2025 10:40
69aac10e1b0c1bff0a8183e3,BOX-HYD-05,3.23,45.28,01-01-2025 10:50
69aac10e1b0c1bff0a8183e4,BOX-HYD-05,3.4,55.17,01-01-2025 11:00
69aac10e1b0c1bff0a8183e5,BOX-HYD-05,3.27,55.14,01-01-2025 11:10
69aac10e1b0c1bff0a8183e6,BOX-HYD-05,2.97,46.81,01-01-2025 11:20
69aac10e1b0c1bff0a8183e7,BOX-HYD-05,2.95,41.15,01-01-2025 11:30
69aac10e1b0c1bff0a8183e8,BOX-HYD-05,2.7,42.8,01-01-2025 11:40
69aac10e1b0c1bff0a8183e9,BOX-HYD-05,2.43,40.74,01-01-2025 11:50
69aac10e1b0c1bff0a8183ea,BOX-HYD-05,2.39,54.7,01-01-2025 12:00
69aac10e1b0c1bff0a8183eb,BOX-HYD-05,2.24,52.5,01-01-2025 12:10
69aac10e1b0c1bff0a8183ec,BOX-HYD-05,2.34,49.44,01-01-2025 12:20
69aac10e1b0c1bff0a8183ed,BOX-HYD-05,2.12,45.58,01-01-2025 12:30
69aac10e1b0c1bff0a8183ee,BOX-HYD-05,2.14,51.85,01-01-2025 12:40
69aac10e1b0c1bff0a8183ef,BOX-HYD-05,2.22,59.25,01-01-2025 12:50
69aac10e1b0c1bff0a8183f0,BOX-HYD-05,2.18,54,01-01-2025 13:00
69aac10e1b0c1bff0a8183f1,BOX-HYD-05,2.06,50.91,01-01-2025 13:10
69aac10e1b0c1bff0a8183f2,BOX-HYD-05,1.81,41.7,01-01-2025 13:20
69aac10e1b0c1bff0a8183f3,BOX-HYD-05,1.8,48.74,01-01-2025 13:30
69aac10e1b0c1bff0a8183f4,BOX-HYD-05,1.9,41.66,01-01-2025 13:40
69aac10e1b0c1bff0a8183f5,BOX-HYD-05,1.88,55.19,01-01-2025 13:50
69aac10e1b0c1bff0a8183f6,BOX-HYD-05,2.12,54.81,01-01-2025 14:00
69aac10e1b0c1bff0a8183f7,BOX-HYD-05,2.38,58.51,01-01-2025 14:10
69aac10e1b0c1bff0a8183f8,BOX-HYD-05,2.48,40.9,01-01-2025 14:20
69aac10e1b0c1bff0a8183f9,BOX-HYD-05,2.6,58.5,01-01-2025 14:30
69aac10e1b0c1bff0a8183fa,BOX-HYD-05,2.32,49.44,01-01-2025 14:40
69aac10e1b0c1bff0a8183fb,BOX-HYD-05,2.24,54.8,01-01-2025 14:50
69aac10e1b0c1bff0a8183fc,BOX-HYD-05,2.29,52.39,01-01-2025 15:00
69aac10e1b0c1bff0a8183fd,BOX-HYD-05,2.3,42.7,01-01-2025 15:10
69aac10e1b0c1bff0a8183fe,BOX-HYD-05,2.53,44.28,01-01-2025 15:20
69aac10e1b0c1bff0a8183ff,BOX-HYD-05,2.33,57.44,01-01-2025 15:30
69aac10e1b0c1bff0a818400,BOX-HYD-05,2.56,42.83,01-01-2025 15:40
69aac10e1b0c1bff0a818401,BOX-HYD-05,2.36,40.56,01-01-2025 15:50
69aac10e1b0c1bff0a818402,BOX-HYD-05,2.64,40.24,01-01-2025 16:00
69aac10e1b0c1bff0a818403,BOX-HYD-05,2.62,40.88,01-01-2025 16:10
69aac10e1b0c1bff0a818404,BOX-HYD-05,2.67,41.54,01-01-2025 16:20
69aac10e1b0c1bff0a818405,BOX-HYD-05,2.85,56.11,01-01-2025 16:30
69aac10e1b0c1bff0a818406,BOX-HYD-05,2.59,54.78,01-01-2025 16:40
69aac10e1b0c1bff0a818407,BOX-HYD-05,2.83,59.6,01-01-2025 16:50
69aac10e1b0c1bff0a818408,BOX-HYD-05,2.94,46.57,01-01-2025 17:00
69aac10e1b0c1bff0a818409,BOX-HYD-05,2.82,45.27,01-01-2025 17:10
69aac10e1b0c1bff0a81840a,BOX-HYD-05,2.63,47.34,01-01-2025 17:20
69aac10e1b0c1bff0a81840b,BOX-HYD-05,2.8,49.48,01-01-2025 17:30
69aac10e1b0c1bff0a81840c,BOX-HYD-05,2.88,59.47,01-01-2025 17:40
69aac10e1b0c1bff0a81840d,BOX-HYD-05,3.14,57.54,01-01-2025 17:50
69aac10e1b0c1bff0a81840e,BOX-HYD-05,3,58.23,01-01-2025 18:00
69aac10e1b0c1bff0a81840f,BOX-HYD-05,3.01,58.81,01-01-2025 18:10
69aac10e1b0c1bff0a818410,BOX-HYD-05,2.93,59.27,01-01-2025 18:20
69aac10e1b0c1bff0a818411,BOX-HYD-05,2.93,53.64,01-01-2025 18:30
69aac10e1b0c1bff0a818412,BOX-HYD-05,2.85,52,01-01-2025 18:40
69aac10e1b0c1bff0a818413,BOX-HYD-05,2.72,59.79,01-01-2025 18:50
69aac10e1b0c1bff0a818414,BOX-HYD-05,2.77,45.29,01-01-2025 19:00
69aac10e1b0c1bff0a818415,BOX-HYD-05,2.9,45.4,01-01-2025 19:10
69aac10e1b0c1bff0a818416,BOX-HYD-05,2.9,46.94,01-01-2025 19:20
69aac10e1b0c1bff0a818417,BOX-HYD-05,2.93,42.93,01-01-2025 19:30
69aac10e1b0c1bff0a818418,BOX-HYD-05,2.94,48.19,01-01-2025 19:40
69aac10e1b0c1bff0a818419,BOX-HYD-05,3.12,48.67,01-01-2025 19:50
69aac10e1b0c1bff0a81841a,BOX-HYD-05,3.15,53.42,01-01-2025 20:00
69aac10e1b0c1bff0a81841b,BOX-HYD-05,3.07,40.86,01-01-2025 20:10
69aac10e1b0c1bff0a81841c,BOX-HYD-05,3.3,57.39,01-01-2025 20:20
69aac10e1b0c1bff0a81841d,BOX-HYD-05,3.37,57.03,01-01-2025 20:30
69aac10e1b0c1bff0a81841e,BOX-HYD-05,3.14,40.74,01-01-2025 20:40
69aac10e1b0c1bff0a81841f,BOX-HYD-05,3.34,52.35,01-01-2025 20:50
69aac10e1b0c1bff0a818420,BOX-HYD-05,3.33,45.87,01-01-2025 21:00
69aac10e1b0c1bff0a818421,BOX-HYD-05,3.47,51.98,01-01-2025 21:10
69aac10e1b0c1bff0a818422,BOX-HYD-05,3.7,48.08,01-01-2025 21:20
69aac10e1b0c1bff0a818423,BOX-HYD-05,3.93,59.68,01-01-2025 21:30
69aac10e1b0c1bff0a818424,BOX-HYD-05,3.79,43.17,01-01-2025 21:40
69aac10e1b0c1bff0a818425,BOX-HYD-05,3.5,40.56,01-01-2025 21:50
69aac10e1b0c1bff0a818426,BOX-HYD-05,3.54,51.92,01-01-2025 22:00
69aac10e1b0c1bff0a818427,BOX-HYD-05,3.55,57.7,01-01-2025 22:10
69aac10e1b0c1bff0a818428,BOX-HYD-05,3.44,51.6,01-01-2025 22:20
69aac10e1b0c1bff0a818429,BOX-HYD-05,3.26,48.5,01-01-2025 22:30
69aac10e1b0c1bff0a81842a,BOX-HYD-05,3.36,58.83,01-01-2025 22:40
69aac10e1b0c1bff0a81842b,BOX-HYD-05,3.46,56.79,01-01-2025 22:50
69aac10e1b0c1bff0a81842c,BOX-HYD-05,3.29,46.54,01-01-2025 23:00
69aac10e1b0c1bff0a81842d,BOX-HYD-05,3.15,48.5,01-01-2025 23:10
69aac10e1b0c1bff0a81842e,BOX-HYD-05,3.41,48.03,01-01-2025 23:20
69aac10e1b0c1bff0a81842f,BOX-HYD-05,3.68,46.27,01-01-2025 23:30
69aac10e1b0c1bff0a818430,BOX-HYD-05,3.92,57.65,01-01-2025 23:40
69aac10e1b0c1bff0a818431,BOX-HYD-05,4.13,48.32,01-01-2025 23:50
69aac10e1b0c1bff0a818432,BOX-HYD-05,4.32,40.12,02-01-2025 00:00
69aac10e1b0c1bff0a818433,BOX-HYD-05,4.38,40.58,02-01-2025 00:10
69aac10e1b0c1bff0a818434,BOX-HYD-05,4.56,55.26,02-01-2025 00:20
69aac10e1b0c1bff0a818435,BOX-HYD-05,4.58,52.87,02-01-2025 00:30
69aac10e1b0c1bff0a818436,BOX-HYD-05,4.85,49.93,02-01-2025 00:40
69aac10e1b0c1bff0a818437,BOX-HYD-05,4.57,41.2,02-01-2025 00:50
69aac10e1b0c1bff0a818438,BOX-HYD-05,4.7,47.3,02-01-2025 01:00
69aac10e1b0c1bff0a818439,BOX-HYD-05,4.72,44.98,02-01-2025 01:10
69aac10e1b0c1bff0a81843a,BOX-HYD-05,4.74,48.53,02-01-2025 01:20
69aac10e1b0c1bff0a81843b,BOX-HYD-05,4.86,43.09,02-01-2025 01:30
69aac10e1b0c1bff0a81843c,BOX-HYD-05,5.08,49.72,02-01-2025 01:40
69aac10e1b0c1bff0a81843d,BOX-HYD-05,5.21,52.79,02-01-2025 01:50
69aac10e1b0c1bff0a81843e,BOX-HYD-05,5.17,52.47,02-01-2025 02:00
69aac10e1b0c1bff0a81843f,BOX-HYD-05,5.29,59.94,02-01-2025 02:10
69aac10e1b0c1bff0a818440,BOX-HYD-05,5.56,48.77,02-01-2025 02:20
69aac10e1b0c1bff0a818441,BOX-HYD-05,5.49,57.52,02-01-2025 02:30
69aac10e1b0c1bff0a818442,BOX-HYD-05,5.37,57.31,02-01-2025 02:40
69aac10e1b0c1bff0a818443,BOX-HYD-05,5.54,56.48,02-01-2025 02:50
69aac10e1b0c1bff0a818444,BOX-HYD-05,5.31,41.29,02-01-2025 03:00
69aac10e1b0c1bff0a818445,BOX-HYD-05,5.31,50.15,02-01-2025 03:10
69aac10e1b0c1bff0a818446,BOX-HYD-05,5.43,55.76,02-01-2025 03:20
69aac10e1b0c1bff0a818447,BOX-HYD-05,5.38,55.53,02-01-2025 03:30
69aac10e1b0c1bff0a818448,BOX-HYD-05,5.49,59.85,02-01-2025 03:40
69aac10e1b0c1bff0a818449,BOX-HYD-05,5.45,51.45,02-01-2025 03:50
69aac10e1b0c1bff0a81844a,BOX-HYD-05,5.26,46.78,02-01-2025 04:00
69aac10e1b0c1bff0a81844b,BOX-HYD-05,5.23,42.24,02-01-2025 04:10
69aac10e1b0c1bff0a81844c,BOX-HYD-05,5.38,52.07,02-01-2025 04:20
69aac10e1b0c1bff0a81844d,BOX-HYD-05,5.6,50.3,02-01-2025 04:30
69aac10e1b0c1bff0a81844e,BOX-HYD-05,5.34,57.65,02-01-2025 04:40
69aac10e1b0c1bff0a81844f,BOX-HYD-05,5.09,50.6,02-01-2025 04:50
69aac10e1b0c1bff0a818450,BOX-HYD-05,5.06,48.54,02-01-2025 05:00
69aac10e1b0c1bff0a818451,BOX-HYD-05,5.02,41.63,02-01-2025 05:10
69aac10e1b0c1bff0a818452,BOX-HYD-05,5.31,44.53,02-01-2025 05:20
69aac10e1b0c1bff0a818453,BOX-HYD-05,5.35,42.98,02-01-2025 05:30
69aac10e1b0c1bff0a818454,BOX-HYD-05,5.57,44.47,02-01-2025 05:40
69aac10e1b0c1bff0a818455,BOX-HYD-05,5.74,47.7,02-01-2025 05:50
69aac10e1b0c1bff0a818456,BOX-HYD-05,5.63,51.07,02-01-2025 06:00
69aac10e1b0c1bff0a818457,BOX-HYD-05,5.61,48.69,02-01-2025 06:10
69aac10e1b0c1bff0a818458,BOX-HYD-05,5.7,44.54,02-01-2025 06:20
69aac10e1b0c1bff0a818459,BOX-HYD-05,5.41,41.92,02-01-2025 06:30
69aac10e1b0c1bff0a81845a,BOX-HYD-05,5.16,43.29,02-01-2025 06:40
69aac10e1b0c1bff0a81845b,BOX-HYD-05,5.14,49.09,02-01-2025 06:50
69aac10e1b0c1bff0a81845c,BOX-HYD-05,5.12,46.19,02-01-2025 07:00
69aac10e1b0c1bff0a81845d,BOX-HYD-05,5.39,57.44,02-01-2025 07:10
69aac10e1b0c1bff0a81845e,BOX-HYD-05,5.26,49.5,02-01-2025 07:20
69aac10e1b0c1bff0a81845f,BOX-HYD-05,5.43,56.66,02-01-2025 07:30
69aac10e1b0c1bff0a818460,BOX-HYD-05,5.45,44.95,02-01-2025 07:40
69aac10e1b0c1bff0a818461,BOX-HYD-05,5.71,47.69,02-01-2025 07:50
69aac10e1b0c1bff0a818462,BOX-HYD-05,5.53,56.1,02-01-2025 08:00
69aac10e1b0c1bff0a818463,BOX-HYD-05,5.77,43.22,02-01-2025 08:10
69aac10e1b0c1bff0a818464,BOX-HYD-05,5.85,52.72,02-01-2025 08:20
69aac10e1b0c1bff0a818465,BOX-HYD-05,5.7,51.88,02-01-2025 08:30
69aac10e1b0c1bff0a818466,BOX-HYD-05,5.55,55.04,02-01-2025 08:40
69aac10e1b0c1bff0a818467,BOX-HYD-05,5.67,57.36,02-01-2025 08:50
69aac10e1b0c1bff0a818468,BOX-HYD-05,5.53,49.87,02-01-2025 09:00
69aac10e1b0c1bff0a818469,BOX-HYD-05,5.26,53.75,02-01-2025 09:10
69aac10e1b0c1bff0a81846a,BOX-HYD-05,5.44,54.65,02-01-2025 09:20
69aac10e1b0c1bff0a81846b,BOX-HYD-05,5.29,52.63,02-01-2025 09:30
69aac10e1b0c1bff0a81846c,BOX-HYD-05,5.35,44.18,02-01-2025 09:40
69aac10e1b0c1bff0a81846d,BOX-HYD-05,5.21,57.43,02-01-2025 09:50
69aac10e1b0c1bff0a81846e,BOX-HYD-05,5.08,56.38,02-01-2025 10:00
69aac10e1b0c1bff0a81846f,BOX-HYD-05,5.07,49.89,02-01-2025 10:10
69aac10e1b0c1bff0a818470,BOX-HYD-05,4.8,55.89,02-01-2025 10:20
69aac10e1b0c1bff0a818471,BOX-HYD-05,4.69,47.35,02-01-2025 10:30
69aac10e1b0c1bff0a818472,BOX-HYD-05,4.52,42.86,02-01-2025 10:40
69aac10e1b0c1bff0a818473,BOX-HYD-05,4.36,50.03,02-01-2025 10:50
69aac10e1b0c1bff0a818474,BOX-HYD-05,4.64,54.87,02-01-2025 11:00
69aac10e1b0c1bff0a818475,BOX-HYD-05,4.55,40.84,02-01-2025 11:10
69aac10e1b0c1bff0a818476,BOX-HYD-05,4.5,41.37,02-01-2025 11:20
69aac10e1b0c1bff0a818477,BOX-HYD-05,4.42,53.44,02-01-2025 11:30
69aac10e1b0c1bff0a818478,BOX-HYD-05,4.28,45.69,02-01-2025 11:40
69aac10e1b0c1bff0a818479,BOX-HYD-05,4.28,42.05,02-01-2025 11:50
69aac10e1b0c1bff0a81847a,BOX-HYD-05,4.16,53.74,02-01-2025 12:00
69aac10e1b0c1bff0a81847b,BOX-HYD-05,4.21,45.03,02-01-2025 12:10
69aac10e1b0c1bff0a81847c,BOX-HYD-05,4.39,48.37,02-01-2025 12:20
69aac10e1b0c1bff0a81847d,BOX-HYD-05,4.65,41.11,02-01-2025 12:30
69aac10e1b0c1bff0a81847e,BOX-HYD-05,4.77,42.39,02-01-2025 12:40
69aac10e1b0c1bff0a81847f,BOX-HYD-05,5.06,48.06,02-01-2025 12:50
69aac10e1b0c1bff0a818480,BOX-HYD-05,4.79,58.32,02-01-2025 13:00
69aac10e1b0c1bff0a818481,BOX-HYD-05,4.81,50.14,02-01-2025 13:10
69aac10e1b0c1bff0a818482,BOX-HYD-05,4.89,53.76,02-01-2025 13:20
69aac10e1b0c1bff0a818483,BOX-HYD-05,4.66,55.22,02-01-2025 13:30
69aac10e1b0c1bff0a818484,BOX-HYD-05,4.85,56.3,02-01-2025 13:40
69aac10e1b0c1bff0a818485,BOX-HYD-05,4.62,43.42,02-01-2025 13:50
69aac10e1b0c1bff0a818486,BOX-HYD-05,4.89,58.28,02-01-2025 14:00
69aac10e1b0c1bff0a818487,BOX-HYD-05,4.68,56.02,02-01-2025 14:10
69aac10e1b0c1bff0a818488,BOX-HYD-05,4.84,51.86,02-01-2025 14:20
69aac10e1b0c1bff0a818489,BOX-HYD-05,4.96,59.66,02-01-2025 14:30
69aac10e1b0c1bff0a81848a,BOX-HYD-05,5.09,40.69,02-01-2025 14:40
69aac10e1b0c1bff0a81848b,BOX-HYD-05,4.83,54.04,02-01-2025 14:50
69aac10e1b0c1bff0a81848c,BOX-HYD-05,4.54,55.38,02-01-2025 15:00
69aac10e1b0c1bff0a81848d,BOX-HYD-05,4.59,41,02-01-2025 15:10
69aac10e1b0c1bff0a81848e,BOX-HYD-05,4.67,54.43,02-01-2025 15:20
69aac10e1b0c1bff0a81848f,BOX-HYD-05,4.59,53.43,02-01-2025 15:30
69aac10e1b0c1bff0a818490,BOX-HYD-05,4.47,43.29,02-01-2025 15:40
69aac10e1b0c1bff0a818491,BOX-HYD-05,4.32,49.63,02-01-2025 15:50
69aac10e1b0c1bff0a818492,BOX-HYD-05,4.59,53.22,02-01-2025 16:00
69aac10e1b0c1bff0a818493,BOX-HYD-05,4.82,56.92,02-01-2025 16:10
69aac10e1b0c1bff0a818494,BOX-HYD-05,4.53,57.48,02-01-2025 16:20
69aac10e1b0c1bff0a818495,BOX-HYD-05,4.75,56.76,02-01-2025 16:30
69aac10e1b0c1bff0a818496,BOX-HYD-05,4.73,52.05,02-01-2025 16:40
69aac10e1b0c1bff0a818497,BOX-HYD-05,4.63,45.98,02-01-2025 16:50
69aac10e1b0c1bff0a818498,BOX-HYD-05,4.42,52.68,02-01-2025 17:00
69aac10e1b0c1bff0a818499,BOX-HYD-05,4.49,42.54,02-01-2025 17:10
69aac10e1b0c1bff0a81849a,BOX-HYD-05,4.61,55.98,02-01-2025 17:20
69aac10e1b0c1bff0a81849b,BOX-HYD-05,4.41,43.07,02-01-2025 17:30
69aac10e1b0c1bff0a81849c,BOX-HYD-05,4.15,44.52,02-01-2025 17:40
69aac10e1b0c1bff0a81849d,BOX-HYD-05,4.04,59.16,02-01-2025 17:50
69aac10e1b0c1bff0a81849e,BOX-HYD-05,3.85,42.92,02-01-2025 18:00
69aac10e1b0c1bff0a81849f,BOX-HYD-05,3.98,45.84,02-01-2025 18:10
69aac10e1b0c1bff0a8184a0,BOX-HYD-05,4.09,51.81,02-01-2025 18:20
69aac10e1b0c1bff0a8184a1,BOX-HYD-05,3.91,58.29,02-01-2025 18:30
69aac10e1b0c1bff0a8184a2,BOX-HYD-05,4.03,56.81,02-01-2025 18:40
69aac10e1b0c1bff0a8184a3,BOX-HYD-05,4.22,49.61,02-01-2025 18:50
69aac10e1b0c1bff0a8184a4,BOX-HYD-05,4.35,58.41,02-01-2025 19:00
69aac10e1b0c1bff0a8184a5,BOX-HYD-05,4.48,41.51,02-01-2025 19:10
69aac10e1b0c1bff0a8184a6,BOX-HYD-05,4.21,58.8,02-01-2025 19:20
69aac10e1b0c1bff0a8184a7,BOX-HYD-05,4.14,44.2,02-01-2025 19:30
69aac10e1b0c1bff0a8184a8,BOX-HYD-05,4.39,40.23,02-01-2025 19:40
69aac10e1b0c1bff0a8184a9,BOX-HYD-05,4.66,56.24,02-01-2025 19:50
69aac10e1b0c1bff0a8184aa,BOX-HYD-05,4.81,49.58,02-01-2025 20:00
69aac10e1b0c1bff0a8184ab,BOX-HYD-05,4.94,59.85,02-01-2025 20:10
69aac10e1b0c1bff0a8184ac,BOX-HYD-05,4.95,58.52,02-01-2025 20:20
69aac10e1b0c1bff0a8184ad,BOX-HYD-05,4.8,56.41,02-01-2025 20:30
69aac10e1b0c1bff0a8184ae,BOX-HYD-05,4.81,42.65,02-01-2025 20:40
69aac10e1b0c1bff0a8184af,BOX-HYD-05,5.03,56.87,02-01-2025 20:50
69aac10e1b0c1bff0a8184b0,BOX-HYD-05,4.91,47.36,02-01-2025 21:00
69aac10e1b0c1bff0a8184b1,BOX-HYD-05,4.83,45.24,02-01-2025 21:10
69aac10e1b0c1bff0a8184b2,BOX-HYD-05,4.89,44.13,02-01-2025 21:20
69aac10e1b0c1bff0a8184b3,BOX-HYD-05,4.68,55.54,02-01-2025 21:30
69aac10e1b0c1bff0a8184b4,BOX-HYD-05,4.6,47.03,02-01-2025 21:40
69aac10e1b0c1bff0a8184b5,BOX-HYD-05,4.44,47.7,02-01-2025 21:50
69aac10e1b0c1bff0a8184b6,BOX-HYD-05,4.64,53.74,02-01-2025 22:00
69aac10e1b0c1bff0a8184b7,BOX-HYD-05,4.89,40.08,02-01-2025 22:10
69aac10e1b0c1bff0a8184b8,BOX-HYD-05,5.17,56.85,02-01-2025 22:20
69aac10e1b0c1bff0a8184b9,BOX-HYD-05,5.09,55.06,02-01-2025 22:30
69aac10e1b0c1bff0a8184ba,BOX-HYD-05,5.24,51.94,02-01-2025 22:40
69aac10e1b0c1bff0a8184bb,BOX-HYD-05,5.06,53.75,02-01-2025 22:50
69aac10e1b0c1bff0a8184bc,BOX-HYD-05,4.84,50.83,02-01-2025 23:00
69aac10e1b0c1bff0a8184bd,BOX-HYD-05,5.13,52.54,02-01-2025 23:10
69aac10e1b0c1bff0a8184be,BOX-HYD-05,5.23,47.19,02-01-2025 23:20
69aac10e1b0c1bff0a8184bf,BOX-HYD-05,5.06,49.26,02-01-2025 23:30
69aac10e1b0c1bff0a8184c0,BOX-HYD-05,4.79,48.66,02-01-2025 23:40
69aac10e1b0c1bff0a8184c1,BOX-HYD-05,4.88,59.76,02-01-2025 23:50
69aac10e1b0c1bff0a8184c2,BOX-HYD-05,4.58,44.02,03-01-2025 00:00
69aac10e1b0c1bff0a8184c3,BOX-HYD-05,4.53,48.43,03-01-2025 00:10
69aac10e1b0c1bff0a8184c4,BOX-HYD-05,4.39,43.44,03-01-2025 00:20
69aac10e1b0c1bff0a8184c5,BOX-HYD-05,4.12,58.34,03-01-2025 00:30
69aac10e1b0c1bff0a8184c6,BOX-HYD-05,3.83,49.99,03-01-2025 00:40
69aac10e1b0c1bff0a8184c7,BOX-HYD-05,3.81,44.49,03-01-2025 00:50
69aac10e1b0c1bff0a8184c8,BOX-HYD-05,3.97,51.43,03-01-2025 01:00
69aac10e1b0c1bff0a8184c9,BOX-HYD-05,3.86,41.75,03-01-2025 01:10
69aac10e1b0c1bff0a8184ca,BOX-HYD-05,3.67,49.84,03-01-2025 01:20
69aac10e1b0c1bff0a8184cb,BOX-HYD-05,3.78,53.89,03-01-2025 01:30
69aac10e1b0c1bff0a8184cc,BOX-HYD-05,3.81,44.26,03-01-2025 01:40
69aac10e1b0c1bff0a8184cd,BOX-HYD-05,3.9,42.39,03-01-2025 01:50
69aac10e1b0c1bff0a8184ce,BOX-HYD-05,3.79,44.22,03-01-2025 02:00
69aac10e1b0c1bff0a8184cf,BOX-HYD-05,3.93,46.47,03-01-2025 02:10
69aac10e1b0c1bff0a8184d0,BOX-HYD-05,4.02,56.97,03-01-2025 02:20
69aac10e1b0c1bff0a8184d1,BOX-HYD-05,4.18,52.48,03-01-2025 02:30
69aac10e1b0c1bff0a8184d2,BOX-HYD-05,4.47,40.88,03-01-2025 02:40
69aac10e1b0c1bff0a8184d3,BOX-HYD-05,4.47,40.65,03-01-2025 02:50
69aac10e1b0c1bff0a8184d4,BOX-HYD-05,4.42,49.23,03-01-2025 03:00
69aac10e1b0c1bff0a8184d5,BOX-HYD-05,4.19,52.36,03-01-2025 03:10
69aac10e1b0c1bff0a8184d6,BOX-HYD-05,4,47.56,03-01-2025 03:20
69aac10e1b0c1bff0a8184d7,BOX-HYD-05,4.11,42.91,03-01-2025 03:30
69aac10e1b0c1bff0a8184d8,BOX-HYD-05,4.07,59.76,03-01-2025 03:40
69aac10e1b0c1bff0a8184d9,BOX-HYD-05,4.35,52.5,03-01-2025 03:50
69aac10e1b0c1bff0a8184da,BOX-HYD-05,4.42,42.34,03-01-2025 04:00
69aac10e1b0c1bff0a8184db,BOX-HYD-05,4.36,43.55,03-01-2025 04:10
69aac10e1b0c1bff0a8184dc,BOX-HYD-05,4.14,52.95,03-01-2025 04:20
69aac10e1b0c1bff0a8184dd,BOX-HYD-05,4.04,52,03-01-2025 04:30
69aac10e1b0c1bff0a8184de,BOX-HYD-05,4.29,47,03-01-2025 04:40
69aac10e1b0c1bff0a8184df,BOX-HYD-05,4,58.97,03-01-2025 04:50
69aac10e1b0c1bff0a8184e0,BOX-HYD-05,3.85,51.77,03-01-2025 05:00
69aac10e1b0c1bff0a8184e1,BOX-HYD-05,3.73,42.44,03-01-2025 05:10
69aac10e1b0c1bff0a8184e2,BOX-HYD-05,3.95,45.32,03-01-2025 05:20
69aac10e1b0c1bff0a8184e3,BOX-HYD-05,4.15,52.2,03-01-2025 05:30
69aac10e1b0c1bff0a8184e4,BOX-HYD-05,4.11,53.64,03-01-2025 05:40
69aac10e1b0c1bff0a8184e5,BOX-HYD-05,4.32,40.23,03-01-2025 05:50
69aac10e1b0c1bff0a8184e6,BOX-HYD-05,4.48,49.73,03-01-2025 06:00
69aac10e1b0c1bff0a8184e7,BOX-HYD-05,4.54,58.11,03-01-2025 06:10
69aac10e1b0c1bff0a8184e8,BOX-HYD-05,4.25,57.92,03-01-2025 06:20
69aac10e1b0c1bff0a8184e9,BOX-HYD-05,4.44,40.4,03-01-2025 06:30
69aac10e1b0c1bff0a8184ea,BOX-HYD-05,4.45,47.61,03-01-2025 06:40
69aac10e1b0c1bff0a8184eb,BOX-HYD-05,4.74,51.74,03-01-2025 06:50
69aac10e1b0c1bff0a8184ec,BOX-HYD-05,4.72,42.18,03-01-2025 07:00
69aac10e1b0c1bff0a8184ed,BOX-HYD-05,4.75,50.42,03-01-2025 07:10
69aac10e1b0c1bff0a8184ee,BOX-HYD-05,5.01,48.2,03-01-2025 07:20
69aac10e1b0c1bff0a8184ef,BOX-HYD-05,5.02,50.5,03-01-2025 07:30
69aac10e1b0c1bff0a8184f0,BOX-HYD-05,4.8,49.5,03-01-2025 07:40
69aac10e1b0c1bff0a8184f1,BOX-HYD-05,4.92,43.92,03-01-2025 07:50
69aac10e1b0c1bff0a8184f2,BOX-HYD-05,5.11,50.27,03-01-2025 08:00
69aac10e1b0c1bff0a8184f3,BOX-HYD-05,5.3,46.72,03-01-2025 08:10
69aac10e1b0c1bff0a8184f4,BOX-HYD-05,5.33,51.32,03-01-2025 08:20
69aac10e1b0c1bff0a8184f5,BOX-HYD-05,5.4,52.81,03-01-2025 08:30
69aac10e1b0c1bff0a8184f6,BOX-HYD-05,5.57,59.84,03-01-2025 08:40
69aac10e1b0c1bff0a8184f7,BOX-HYD-05,5.7,48.65,03-01-2025 08:50
69aac10e1b0c1bff0a8184f8,BOX-HYD-05,5.74,54.6,03-01-2025 09:00
69aac10e1b0c1bff0a8184f9,BOX-HYD-05,5.73,55.6,03-01-2025 09:10
69aac10e1b0c1bff0a8184fa,BOX-HYD-05,5.86,59.93,03-01-2025 09:20
69aac10e1b0c1bff0a8184fb,BOX-HYD-05,5.9,49.38,03-01-2025 09:30
69aac10e1b0c1bff0a8184fc,BOX-HYD-05,6.16,42.76,03-01-2025 09:40
69aac10e1b0c1bff0a8184fd,BOX-HYD-05,6.34,44.5,03-01-2025 09:50
69aac10e1b0c1bff0a8184fe,BOX-HYD-05,6.15,41.73,03-01-2025 10:00
69aac10e1b0c1bff0a8184ff,BOX-HYD-05,5.94,48.11,03-01-2025 10:10
69aac10e1b0c1bff0a818500,BOX-HYD-05,5.93,42.57,03-01-2025 10:20
69aac10e1b0c1bff0a818501,BOX-HYD-05,5.9,50.88,03-01-2025 10:30
69aac10e1b0c1bff0a818502,BOX-HYD-05,5.64,58.58,03-01-2025 10:40
69aac10e1b0c1bff0a818503,BOX-HYD-05,5.38,56.07,03-01-2025 10:50
69aac10e1b0c1bff0a818504,BOX-HYD-05,5.39,51.34,03-01-2025 11:00
69aac10e1b0c1bff0a818505,BOX-HYD-05,5.57,41.27,03-01-2025 11:10
69aac10e1b0c1bff0a818506,BOX-HYD-05,5.61,42,03-01-2025 11:20
69aac10e1b0c1bff0a818507,BOX-HYD-05,5.75,55.17,03-01-2025 11:30
69aac10e1b0c1bff0a818508,BOX-HYD-05,5.79,55.52,03-01-2025 11:40
69aac10e1b0c1bff0a818509,BOX-HYD-05,5.98,50.86,03-01-2025 11:50
69aac10e1b0c1bff0a81850a,BOX-HYD-05,5.86,45.99,03-01-2025 12:00
69aac10e1b0c1bff0a81850b,BOX-HYD-05,5.87,46.56,03-01-2025 12:10
69aac10e1b0c1bff0a81850c,BOX-HYD-05,6.06,46.2,03-01-2025 12:20
69aac10e1b0c1bff0a81850d,BOX-HYD-05,5.96,45.13,03-01-2025 12:30
69aac10e1b0c1bff0a81850e,BOX-HYD-05,6.25,44.98,03-01-2025 12:40
69aac10e1b0c1bff0a81850f,BOX-HYD-05,6.11,41.76,03-01-2025 12:50
69aac10e1b0c1bff0a818510,BOX-HYD-05,6.15,53.97,03-01-2025 13:00
69aac10e1b0c1bff0a818511,BOX-HYD-05,6.1,51.88,03-01-2025 13:10
69aac10e1b0c1bff0a818512,BOX-HYD-05,6.18,50.3,03-01-2025 13:20
69aac10e1b0c1bff0a818513,BOX-HYD-05,6.46,58.17,03-01-2025 13:30
69aac10e1b0c1bff0a818514,BOX-HYD-05,6.27,40,03-01-2025 13:40
69aac10e1b0c1bff0a818515,BOX-HYD-05,6.06,45.33,03-01-2025 13:50
69aac10e1b0c1bff0a818516,BOX-HYD-05,5.95,55.47,03-01-2025 14:00
69aac10e1b0c1bff0a818517,BOX-HYD-05,6,48.87,03-01-2025 14:10
69aac10e1b0c1bff0a818518,BOX-HYD-05,6.24,43.27,03-01-2025 14:20
69aac10e1b0c1bff0a818519,BOX-HYD-05,6.29,53.9,03-01-2025 14:30
69aac10e1b0c1bff0a81851a,BOX-HYD-05,6.06,45.13,03-01-2025 14:40
69aac10e1b0c1bff0a81851b,BOX-HYD-05,6.19,48.11,03-01-2025 14:50
69aac10e1b0c1bff0a81851c,BOX-HYD-05,6.2,41.67,03-01-2025 15:00
69aac10e1b0c1bff0a81851d,BOX-HYD-05,6.02,46.07,03-01-2025 15:10
69aac10e1b0c1bff0a81851e,BOX-HYD-05,5.77,44.27,03-01-2025 15:20
69aac10e1b0c1bff0a81851f,BOX-HYD-05,5.78,43.27,03-01-2025 15:30
69aac10e1b0c1bff0a818520,BOX-HYD-05,5.74,48.55,03-01-2025 15:40
69aac10e1b0c1bff0a818521,BOX-HYD-05,5.86,56.48,03-01-2025 15:50
69aac10e1b0c1bff0a818522,BOX-HYD-05,5.7,46.87,03-01-2025 16:00
69aac10e1b0c1bff0a818523,BOX-HYD-05,5.43,49.82,03-01-2025 16:10
69aac10e1b0c1bff0a818524,BOX-HYD-05,5.38,45.37,03-01-2025 16:20
69aac10e1b0c1bff0a818525,BOX-HYD-05,5.27,40.51,03-01-2025 16:30
69aac10e1b0c1bff0a818526,BOX-HYD-05,5.22,47.03,03-01-2025 16:40
69aac10e1b0c1bff0a818527,BOX-HYD-05,5.39,53.06,03-01-2025 16:50
69aac10e1b0c1bff0a818528,BOX-HYD-05,5.57,59.25,03-01-2025 17:00
69aac10e1b0c1bff0a818529,BOX-HYD-05,5.38,53.67,03-01-2025 17:10
69aac10e1b0c1bff0a81852a,BOX-HYD-05,5.25,48.53,03-01-2025 17:20
69aac10e1b0c1bff0a81852b,BOX-HYD-05,5.54,42.57,03-01-2025 17:30
69aac10e1b0c1bff0a81852c,BOX-HYD-05,5.53,52.28,03-01-2025 17:40
69aac10e1b0c1bff0a81852d,BOX-HYD-05,5.54,57.23,03-01-2025 17:50
69aac10e1b0c1bff0a81852e,BOX-HYD-05,5.46,43.42,03-01-2025 18:00
69aac10e1b0c1bff0a81852f,BOX-HYD-05,5.36,41.38,03-01-2025 18:10
69aac10e1b0c1bff0a818530,BOX-HYD-05,5.34,59.7,03-01-2025 18:20
69aac10e1b0c1bff0a818531,BOX-HYD-05,5.64,58.14,03-01-2025 18:30
69aac10e1b0c1bff0a818532,BOX-HYD-05,5.74,52.97,03-01-2025 18:40
69aac10e1b0c1bff0a818533,BOX-HYD-05,5.6,51.14,03-01-2025 18:50
69aac10e1b0c1bff0a818534,BOX-HYD-05,5.37,49.13,03-01-2025 19:00
69aac10e1b0c1bff0a818535,BOX-HYD-05,5.46,41.37,03-01-2025 19:10
69aac10e1b0c1bff0a818536,BOX-HYD-05,5.64,41.64,03-01-2025 19:20
69aac10e1b0c1bff0a818537,BOX-HYD-05,5.49,56.22,03-01-2025 19:30
69aac10e1b0c1bff0a818538,BOX-HYD-05,5.73,43.05,03-01-2025 19:40
69aac10e1b0c1bff0a818539,BOX-HYD-05,5.74,46.23,03-01-2025 19:50
69aac10e1b0c1bff0a81853a,BOX-HYD-05,5.77,46.98,03-01-2025 20:00
69aac10e1b0c1bff0a81853b,BOX-HYD-05,5.49,52.93,03-01-2025 20:10
69aac10e1b0c1bff0a81853c,BOX-HYD-05,5.67,51.79,03-01-2025 20:20
69aac10e1b0c1bff0a81853d,BOX-HYD-05,5.45,42.71,03-01-2025 20:30
69aac10e1b0c1bff0a81853e,BOX-HYD-05,5.49,56.4,03-01-2025 20:40
69aac10e1b0c1bff0a81853f,BOX-HYD-05,5.32,42.02,03-01-2025 20:50
69aac10e1b0c1bff0a818540,BOX-HYD-05,5.37,45.39,03-01-2025 21:00
69aac10e1b0c1bff0a818541,BOX-HYD-05,5.13,56.07,03-01-2025 21:10
69aac10e1b0c1bff0a818542,BOX-HYD-05,5,53.79,03-01-2025 21:20
69aac10e1b0c1bff0a818543,BOX-HYD-05,4.92,50.85,03-01-2025 21:30
69aac10e1b0c1bff0a818544,BOX-HYD-05,4.82,59.97,03-01-2025 21:40
69aac10e1b0c1bff0a818545,BOX-HYD-05,5.07,40.36,03-01-2025 21:50
69aac10e1b0c1bff0a818546,BOX-HYD-05,5.22,53.25,03-01-2025 22:00
69aac10e1b0c1bff0a818547,BOX-HYD-05,5.18,49.23,03-01-2025 22:10
69aac10e1b0c1bff0a818548,BOX-HYD-05,5.06,42.96,03-01-2025 22:20
69aac10e1b0c1bff0a818549,BOX-HYD-05,4.96,56.87,03-01-2025 22:30
69aac10e1b0c1bff0a81854a,BOX-HYD-05,4.74,41.34,03-01-2025 22:40
69aac10e1b0c1bff0a81854b,BOX-HYD-05,4.99,50.14,03-01-2025 22:50
69aac10e1b0c1bff0a81854c,BOX-HYD-05,5.21,50.3,03-01-2025 23:00
69aac10e1b0c1bff0a81854d,BOX-HYD-05,5.5,55.48,03-01-2025 23:10
69aac10e1b0c1bff0a81854e,BOX-HYD-05,5.74,41.69,03-01-2025 23:20
69aac10e1b0c1bff0a81854f,BOX-HYD-05,5.95,58.09,03-01-2025 23:30
69aac10e1b0c1bff0a818550,BOX-HYD-05,5.66,53.67,03-01-2025 23:40
69aac10e1b0c1bff0a818551,BOX-HYD-05,5.57,58.46,03-01-2025 23:50
69aac10e1b0c1bff0a818552,BOX-HYD-05,5.36,58.71,04-01-2025 00:00
69aac10e1b0c1bff0a818553,BOX-HYD-05,5.62,53.21,04-01-2025 00:10
69aac10e1b0c1bff0a818554,BOX-HYD-05,5.87,59.25,04-01-2025 00:20
69aac10e1b0c1bff0a818555,BOX-HYD-05,5.71,57.03,04-01-2025 00:30
69aac10e1b0c1bff0a818556,BOX-HYD-05,5.77,49.93,04-01-2025 00:40
69aac10e1b0c1bff0a818557,BOX-HYD-05,5.8,54.73,04-01-2025 00:50
69aac10e1b0c1bff0a818558,BOX-HYD-05,5.64,48.95,04-01-2025 01:00
69aac10e1b0c1bff0a818559,BOX-HYD-05,5.87,55.81,04-01-2025 01:10
69aac10e1b0c1bff0a81855a,BOX-HYD-05,5.85,58.63,04-01-2025 01:20
69aac10e1b0c1bff0a81855b,BOX-HYD-05,5.58,40.48,04-01-2025 01:30
69aac10e1b0c1bff0a81855c,BOX-HYD-05,5.4,43.17,04-01-2025 01:40
69aac10e1b0c1bff0a81855d,BOX-HYD-05,5.69,54.28,04-01-2025 01:50
69aac10e1b0c1bff0a81855e,BOX-HYD-05,5.53,57.3,04-01-2025 02:00
69aac10e1b0c1bff0a81855f,BOX-HYD-05,5.79,53.9,04-01-2025 02:10
69aac10e1b0c1bff0a818560,BOX-HYD-05,5.75,46.84,04-01-2025 02:20
69aac10e1b0c1bff0a818561,BOX-HYD-05,5.56,50.92,04-01-2025 02:30
69aac10e1b0c1bff0a818562,BOX-HYD-05,5.58,44.78,04-01-2025 02:40
69aac10e1b0c1bff0a818563,BOX-HYD-05,5.78,48.51,04-01-2025 02:50
69aac10e1b0c1bff0a818564,BOX-HYD-05,5.49,59.27,04-01-2025 03:00
69aac10e1b0c1bff0a818565,BOX-HYD-05,5.28,50.56,04-01-2025 03:10
69aac10e1b0c1bff0a818566,BOX-HYD-05,5.56,56.95,04-01-2025 03:20
69aac10e1b0c1bff0a818567,BOX-HYD-05,5.41,41.51,04-01-2025 03:30
69aac10e1b0c1bff0a818568,BOX-HYD-05,5.43,50.91,04-01-2025 03:40
69aac10e1b0c1bff0a818569,BOX-HYD-05,5.26,44.28,04-01-2025 03:50
69aac10e1b0c1bff0a81856a,BOX-HYD-05,5.1,43.17,04-01-2025 04:00
69aac10e1b0c1bff0a81856b,BOX-HYD-05,5.3,49.21,04-01-2025 04:10
69aac10e1b0c1bff0a81856c,BOX-HYD-05,5.55,49.2,04-01-2025 04:20
69aac10e1b0c1bff0a81856d,BOX-HYD-05,5.47,55,04-01-2025 04:30
69aac10e1b0c1bff0a81856e,BOX-HYD-05,5.69,52.43,04-01-2025 04:40
69aac10e1b0c1bff0a81856f,BOX-HYD-05,5.95,52.98,04-01-2025 04:50
69aac10e1b0c1bff0a818570,BOX-HYD-05,6.07,48.5,04-01-2025 05:00
69aac10e1b0c1bff0a818571,BOX-HYD-05,5.82,47.74,04-01-2025 05:10
69aac10e1b0c1bff0a818572,BOX-HYD-05,6.04,45.56,04-01-2025 05:20
69aac10e1b0c1bff0a818573,BOX-HYD-05,5.74,52,04-01-2025 05:30
69aac10e1b0c1bff0a818574,BOX-HYD-05,5.64,43.49,04-01-2025 05:40
69aac10e1b0c1bff0a818575,BOX-HYD-05,5.5,41.55,04-01-2025 05:50
69aac10e1b0c1bff0a818576,BOX-HYD-05,5.54,42.12,04-01-2025 06:00
69aac10e1b0c1bff0a818577,BOX-HYD-05,5.51,54.67,04-01-2025 06:10
69aac10e1b0c1bff0a818578,BOX-HYD-05,5.77,46.1,04-01-2025 06:20
69aac10e1b0c1bff0a818579,BOX-HYD-05,5.79,58.39,04-01-2025 06:30
69aac10e1b0c1bff0a81857a,BOX-HYD-05,5.64,41.98,04-01-2025 06:40
69aac10e1b0c1bff0a81857b,BOX-HYD-05,5.92,45.75,04-01-2025 06:50
69aac10e1b0c1bff0a81857c,BOX-HYD-05,5.74,56.16,04-01-2025 07:00
69aac10e1b0c1bff0a81857d,BOX-HYD-05,5.77,49.59,04-01-2025 07:10
69aac10e1b0c1bff0a81857e,BOX-HYD-05,6.01,46.61,04-01-2025 07:20
69aac10e1b0c1bff0a81857f,BOX-HYD-05,6.07,51.48,04-01-2025 07:30
69aac10e1b0c1bff0a818580,BOX-HYD-05,6.37,50.69,04-01-2025 07:40
69aac10e1b0c1bff0a818581,BOX-HYD-05,6.21,51.58,04-01-2025 07:50
69aac10e1b0c1bff0a818582,BOX-HYD-05,6.36,57.46,04-01-2025 08:00
69aac10e1b0c1bff0a818583,BOX-HYD-05,6.64,52.04,04-01-2025 08:10
69aac10e1b0c1bff0a818584,BOX-HYD-05,6.61,58.82,04-01-2025 08:20
69aac10e1b0c1bff0a818585,BOX-HYD-05,6.55,46.6,04-01-2025 08:30
69aac10e1b0c1bff0a818586,BOX-HYD-05,6.46,49.87,04-01-2025 08:40
69aac10e1b0c1bff0a818587,BOX-HYD-05,6.28,40.98,04-01-2025 08:50
69aac10e1b0c1bff0a818588,BOX-HYD-05,6.3,41.59,04-01-2025 09:00
69aac10e1b0c1bff0a818589,BOX-HYD-05,6.35,51.86,04-01-2025 09:10
69aac10e1b0c1bff0a81858a,BOX-HYD-05,6.29,42.78,04-01-2025 09:20
69aac10e1b0c1bff0a81858b,BOX-HYD-05,6.51,59.02,04-01-2025 09:30
69aac10e1b0c1bff0a81858c,BOX-HYD-05,6.5,54.44,04-01-2025 09:40
69aac10e1b0c1bff0a81858d,BOX-HYD-05,6.6,59.06,04-01-2025 09:50
69aac10e1b0c1bff0a81858e,BOX-HYD-05,6.38,47.06,04-01-2025 10:00
69aac10e1b0c1bff0a81858f,BOX-HYD-05,6.64,41.53,04-01-2025 10:10
69aac10e1b0c1bff0a818590,BOX-HYD-05,6.47,50.16,04-01-2025 10:20
69aac10e1b0c1bff0a818591,BOX-HYD-05,6.31,56.05,04-01-2025 10:30
69aac10e1b0c1bff0a818592,BOX-HYD-05,6.25,59.26,04-01-2025 10:40
69aac10e1b0c1bff0a818593,BOX-HYD-05,6.27,56.6,04-01-2025 10:50
69aac10e1b0c1bff0a818594,BOX-HYD-05,6.21,46.3,04-01-2025 11:00
69aac10e1b0c1bff0a818595,BOX-HYD-05,6.4,53.14,04-01-2025 11:10
69aac10e1b0c1bff0a818596,BOX-HYD-05,6.67,47.67,04-01-2025 11:20
69aac10e1b0c1bff0a818597,BOX-HYD-05,6.65,52.74,04-01-2025 11:30
69aac10e1b0c1bff0a818598,BOX-HYD-05,6.59,45.5,04-01-2025 11:40
69aac10e1b0c1bff0a818599,BOX-HYD-05,6.53,56.3,04-01-2025 11:50
69aac10e1b0c1bff0a81859a,BOX-HYD-05,6.5,48.04,04-01-2025 12:00
69aac10e1b0c1bff0a81859b,BOX-HYD-05,6.54,42.08,04-01-2025 12:10
69aac10e1b0c1bff0a81859c,BOX-HYD-05,6.35,51.06,04-01-2025 12:20
69aac10e1b0c1bff0a81859d,BOX-HYD-05,6.36,42.66,04-01-2025 12:30
69aac10e1b0c1bff0a81859e,BOX-HYD-05,6.09,43.23,04-01-2025 12:40
69aac10e1b0c1bff0a81859f,BOX-HYD-05,5.87,51.64,04-01-2025 12:50
69aac10e1b0c1bff0a8185a0,BOX-HYD-05,5.91,55.32,04-01-2025 13:00
69aac10e1b0c1bff0a8185a1,BOX-HYD-05,5.96,50.48,04-01-2025 13:10
69aac10e1b0c1bff0a8185a2,BOX-HYD-05,5.74,47.02,04-01-2025 13:20
69aac10e1b0c1bff0a8185a3,BOX-HYD-05,5.47,48.91,04-01-2025 13:30
69aac10e1b0c1bff0a8185a4,BOX-HYD-05,5.61,46.37,04-01-2025 13:40
69aac10e1b0c1bff0a8185a5,BOX-HYD-05,5.62,43.49,04-01-2025 13:50
69aac10e1b0c1bff0a8185a6,BOX-HYD-05,5.66,47.65,04-01-2025 14:00
69aac10e1b0c1bff0a8185a7,BOX-HYD-05,5.72,44.05,04-01-2025 14:10
69aac10e1b0c1bff0a8185a8,BOX-HYD-05,5.59,49.28,04-01-2025 14:20
69aac10e1b0c1bff0a8185a9,BOX-HYD-05,5.37,45.53,04-01-2025 14:30
69aac10e1b0c1bff0a8185aa,BOX-HYD-05,5.44,48.86,04-01-2025 14:40
69aac10e1b0c1bff0a8185ab,BOX-HYD-05,5.63,47.46,04-01-2025 14:50
69aac10e1b0c1bff0a8185ac,BOX-HYD-05,5.69,42.35,04-01-2025 15:00
69aac10e1b0c1bff0a8185ad,BOX-HYD-05,5.64,51.04,04-01-2025 15:10
69aac10e1b0c1bff0a8185ae,BOX-HYD-05,5.8,56.65,04-01-2025 15:20
69aac10e1b0c1bff0a8185af,BOX-HYD-05,5.99,57.6,04-01-2025 15:30
69aac10e1b0c1bff0a8185b0,BOX-HYD-05,6.08,51.45,04-01-2025 15:40
69aac10e1b0c1bff0a8185b1,BOX-HYD-05,5.95,46.24,04-01-2025 15:50
69aac10e1b0c1bff0a8185b2,BOX-HYD-05,5.8,53.56,04-01-2025 16:00
69aac10e1b0c1bff0a8185b3,BOX-HYD-05,5.77,48.08,04-01-2025 16:10
69aac10e1b0c1bff0a8185b4,BOX-HYD-05,5.84,42.16,04-01-2025 16:20
69aac10e1b0c1bff0a8185b5,BOX-HYD-05,5.88,49.38,04-01-2025 16:30
69aac10e1b0c1bff0a8185b6,BOX-HYD-05,6.11,49.28,04-01-2025 16:40
69aac10e1b0c1bff0a8185b7,BOX-HYD-05,6.32,40.61,04-01-2025 16:50
69aac10e1b0c1bff0a8185b8,BOX-HYD-05,6.21,49.06,04-01-2025 17:00
69aac10e1b0c1bff0a8185b9,BOX-HYD-05,6.29,43.16,04-01-2025 17:10
69aac10e1b0c1bff0a8185ba,BOX-HYD-05,6.24,45.25,04-01-2025 17:20
69aac10e1b0c1bff0a8185bb,BOX-HYD-05,6.04,59.37,04-01-2025 17:30
69aac10e1b0c1bff0a8185bc,BOX-HYD-05,5.8,50.26,04-01-2025 17:40
69aac10e1b0c1bff0a8185bd,BOX-HYD-05,5.6,40.95,04-01-2025 17:50
69aac10e1b0c1bff0a8185be,BOX-HYD-05,5.67,43.73,04-01-2025 18:00
69aac10e1b0c1bff0a8185bf,BOX-HYD-05,5.94,51.7,04-01-2025 18:10
69aac10e1b0c1bff0a8185c0,BOX-HYD-05,6.03,47.6,04-01-2025 18:20
69aac10e1b0c1bff0a8185c1,BOX-HYD-05,6.14,50.89,04-01-2025 18:30
69aac10e1b0c1bff0a8185c2,BOX-HYD-05,6.31,45.69,04-01-2025 18:40
69aac10e1b0c1bff0a8185c3,BOX-HYD-05,6.11,51.74,04-01-2025 18:50
69aac10e1b0c1bff0a8185c4,BOX-HYD-05,5.86,52.32,04-01-2025 19:00
69aac10e1b0c1bff0a8185c5,BOX-HYD-05,6.11,55.26,04-01-2025 19:10
69aac10e1b0c1bff0a8185c6,BOX-HYD-05,6.25,48.78,04-01-2025 19:20
69aac10e1b0c1bff0a8185c7,BOX-HYD-05,6.41,43.16,04-01-2025 19:30
69aac10e1b0c1bff0a8185c8,BOX-HYD-05,6.68,45.98,04-01-2025 19:40
69aac10e1b0c1bff0a8185c9,BOX-HYD-05,6.57,41.74,04-01-2025 19:50
69aac10e1b0c1bff0a8185ca,BOX-HYD-05,6.77,41.3,04-01-2025 20:00
69aac10e1b0c1bff0a8185cb,BOX-HYD-05,7.05,59.11,04-01-2025 20:10
69aac10e1b0c1bff0a8185cc,BOX-HYD-05,7.21,59.59,04-01-2025 20:20
69aac10e1b0c1bff0a8185cd,BOX-HYD-05,6.98,54.3,04-01-2025 20:30
69aac10e1b0c1bff0a8185ce,BOX-HYD-05,6.71,44.19,04-01-2025 20:40
69aac10e1b0c1bff0a8185cf,BOX-HYD-05,6.75,40.54,04-01-2025 20:50
69aac10e1b0c1bff0a8185d0,BOX-HYD-05,6.84,53.84,04-01-2025 21:00
69aac10e1b0c1bff0a8185d1,BOX-HYD-05,7.07,44.45,04-01-2025 21:10
69aac10e1b0c1bff0a8185d2,BOX-HYD-05,7.04,47.98,04-01-2025 21:20
69aac10e1b0c1bff0a8185d3,BOX-HYD-05,7.11,45.67,04-01-2025 21:30
69aac10e1b0c1bff0a8185d4,BOX-HYD-05,7.15,57.58,04-01-2025 21:40
69aac10e1b0c1bff0a8185d5,BOX-HYD-05,7.26,54.63,04-01-2025 21:50
69aac10e1b0c1bff0a8185d6,BOX-HYD-05,7.16,45.03,04-01-2025 22:00
69aac10e1b0c1bff0a8185d7,BOX-HYD-05,7.34,44.82,04-01-2025 22:10
69aac10e1b0c1bff0a8185d8,BOX-HYD-05,7.23,46.91,04-01-2025 22:20
69aac10e1b0c1bff0a8185d9,BOX-HYD-05,7.4,46.32,04-01-2025 22:30
69aac10e1b0c1bff0a8185da,BOX-HYD-05,7.27,57.95,04-01-2025 22:40
69aac10e1b0c1bff0a8185db,BOX-HYD-05,7.12,45.22,04-01-2025 22:50
69aac10e1b0c1bff0a8185dc,BOX-HYD-05,7.14,44.22,04-01-2025 23:00
69aac10e1b0c1bff0a8185dd,BOX-HYD-05,7.39,43.02,04-01-2025 23:10
69aac10e1b0c1bff0a8185de,BOX-HYD-05,7.64,53.83,04-01-2025 23:20
69aac10e1b0c1bff0a8185df,BOX-HYD-05,7.88,53.2,04-01-2025 23:30
69aac10e1b0c1bff0a8185e0,BOX-HYD-05,7.74,40.1,04-01-2025 23:40
69aac10e1b0c1bff0a8185e1,BOX-HYD-05,7.72,43.84,04-01-2025 23:50
69aac10e1b0c1bff0a8185e2,BOX-HYD-05,7.68,45,05-01-2025 00:00
69aac10e1b0c1bff0a8185e3,BOX-HYD-05,7.89,47.46,05-01-2025 00:10
69aac10e1b0c1bff0a8185e4,BOX-HYD-05,7.84,40.62,05-01-2025 00:20
69aac10e1b0c1bff0a8185e5,BOX-HYD-05,7.84,58.72,05-01-2025 00:30
69aac10e1b0c1bff0a8185e6,BOX-HYD-05,8.08,52.69,05-01-2025 00:40
69aac10e1b0c1bff0a8185e7,BOX-HYD-05,8.16,46.08,05-01-2025 00:50
69aac10e1b0c1bff0a8185e8,BOX-HYD-05,8.41,58.99,05-01-2025 01:00
69aac10e1b0c1bff0a8185e9,BOX-HYD-05,8.51,56.56,05-01-2025 01:10
69aac10e1b0c1bff0a8185ea,BOX-HYD-05,8.47,55.34,05-01-2025 01:20
69aac10e1b0c1bff0a8185eb,BOX-HYD-05,8.63,50.96,05-01-2025 01:30
69aac10e1b0c1bff0a8185ec,BOX-HYD-05,8.59,49.26,05-01-2025 01:40
69aac10e1b0c1bff0a8185ed,BOX-HYD-05,8.37,46,05-01-2025 01:50
69aac10e1b0c1bff0a8185ee,BOX-HYD-05,8.19,45.18,05-01-2025 02:00
69aac10e1b0c1bff0a8185ef,BOX-HYD-05,8.07,40.29,05-01-2025 02:10
69aac10e1b0c1bff0a8185f0,BOX-HYD-05,8.22,46.82,05-01-2025 02:20
69aac10e1b0c1bff0a8185f1,BOX-HYD-05,8.04,55.82,05-01-2025 02:30
69aac10e1b0c1bff0a8185f2,BOX-HYD-05,7.98,52.97,05-01-2025 02:40
69aac10e1b0c1bff0a8185f3,BOX-HYD-05,7.88,49.22,05-01-2025 02:50
69aac10e1b0c1bff0a8185f4,BOX-HYD-05,7.8,42.54,05-01-2025 03:00
69aac10e1b0c1bff0a8185f5,BOX-HYD-05,7.75,57.85,05-01-2025 03:10
69aac10e1b0c1bff0a8185f6,BOX-HYD-05,7.87,49.45,05-01-2025 03:20
69aac10e1b0c1bff0a8185f7,BOX-HYD-05,7.68,44.15,05-01-2025 03:30
69aac10e1b0c1bff0a8185f8,BOX-HYD-05,7.72,49.07,05-01-2025 03:40
69aac10e1b0c1bff0a8185f9,BOX-HYD-05,7.81,46.62,05-01-2025 03:50
69aac10e1b0c1bff0a8185fa,BOX-HYD-05,7.53,40.31,05-01-2025 04:00
69aac10e1b0c1bff0a8185fb,BOX-HYD-05,7.78,47.09,05-01-2025 04:10
69aac10e1b0c1bff0a8185fc,BOX-HYD-05,8.02,54.36,05-01-2025 04:20
69aac10e1b0c1bff0a8185fd,BOX-HYD-05,8.29,57.14,05-01-2025 04:30
69aac10e1b0c1bff0a8185fe,BOX-HYD-05,8.11,48.55,05-01-2025 04:40
69aac10e1b0c1bff0a8185ff,BOX-HYD-05,7.99,59.95,05-01-2025 04:50
69aac10e1b0c1bff0a818600,BOX-HYD-05,8.08,44.74,05-01-2025 05:00
69aac10e1b0c1bff0a818601,BOX-HYD-05,8.37,57.32,05-01-2025 05:10
69aac10e1b0c1bff0a818602,BOX-HYD-05,8.31,44.31,05-01-2025 05:20
69aac10e1b0c1bff0a818603,BOX-HYD-05,8.02,45.76,05-01-2025 05:30
69aac10e1b0c1bff0a818604,BOX-HYD-05,8.24,55.8,05-01-2025 05:40
69aac10e1b0c1bff0a818605,BOX-HYD-05,8.02,46.86,05-01-2025 05:50
69aac10e1b0c1bff0a818606,BOX-HYD-05,7.85,51.17,05-01-2025 06:00
69aac10e1b0c1bff0a818607,BOX-HYD-05,7.55,46.35,05-01-2025 06:10
69aac10e1b0c1bff0a818608,BOX-HYD-05,7.66,44.68,05-01-2025 06:20
69aac10e1b0c1bff0a818609,BOX-HYD-05,7.76,42.27,05-01-2025 06:30
69aac10e1b0c1bff0a81860a,BOX-HYD-05,7.88,49.63,05-01-2025 06:40
69aac10e1b0c1bff0a81860b,BOX-HYD-05,7.83,42.64,05-01-2025 06:50
69aac10e1b0c1bff0a81860c,BOX-HYD-05,7.94,50.25,05-01-2025 07:00
69aac10e1b0c1bff0a81860d,BOX-HYD-05,7.93,59.63,05-01-2025 07:10
69aac10e1b0c1bff0a81860e,BOX-HYD-05,7.99,47.67,05-01-2025 07:20
69aac10e1b0c1bff0a81860f,BOX-HYD-05,7.75,56.77,05-01-2025 07:30
69aac10e1b0c1bff0a818610,BOX-HYD-05,7.86,42.93,05-01-2025 07:40
69aac10e1b0c1bff0a818611,BOX-HYD-05,8.12,59.96,05-01-2025 07:50
69aac10e1b0c1bff0a818612,BOX-HYD-05,7.92,45.45,05-01-2025 08:00
69aac10e1b0c1bff0a818613,BOX-HYD-05,8.04,53.32,05-01-2025 08:10
69aac10e1b0c1bff0a818614,BOX-HYD-05,7.77,41.96,05-01-2025 08:20
69aac10e1b0c1bff0a818615,BOX-HYD-05,7.7,40.41,05-01-2025 08:30
69aac10e1b0c1bff0a818616,BOX-HYD-05,7.8,56.56,05-01-2025 08:40
69aac10e1b0c1bff0a818617,BOX-HYD-05,8.04,52.33,05-01-2025 08:50
69aac10e1b0c1bff0a818618,BOX-HYD-05,7.91,50.53,05-01-2025 09:00
69aac10e1b0c1bff0a818619,BOX-HYD-05,7.69,46.58,05-01-2025 09:10
69aac10e1b0c1bff0a81861a,BOX-HYD-05,7.41,41.34,05-01-2025 09:20
69aac10e1b0c1bff0a81861b,BOX-HYD-05,7.19,49.72,05-01-2025 09:30
69aac10e1b0c1bff0a81861c,BOX-HYD-05,7.03,41.48,05-01-2025 09:40
69aac10e1b0c1bff0a81861d,BOX-HYD-05,7.28,53.6,05-01-2025 09:50
69aac10e1b0c1bff0a81861e,BOX-HYD-05,7.06,59.81,05-01-2025 10:00
69aac10e1b0c1bff0a81861f,BOX-HYD-05,6.96,40.6,05-01-2025 10:10
69aac10e1b0c1bff0a818620,BOX-HYD-05,6.74,42.48,05-01-2025 10:20
69aac10e1b0c1bff0a818621,BOX-HYD-05,6.84,44.91,05-01-2025 10:30
69aac10e1b0c1bff0a818622,BOX-HYD-05,6.89,59.23,05-01-2025 10:40
69aac10e1b0c1bff0a818623,BOX-HYD-05,7.16,48.75,05-01-2025 10:50
69aac10e1b0c1bff0a818624,BOX-HYD-05,7.1,55.35,05-01-2025 11:00
69aac10e1b0c1bff0a818625,BOX-HYD-05,6.88,42.7,05-01-2025 11:10
69aac10e1b0c1bff0a818626,BOX-HYD-05,6.69,53.07,05-01-2025 11:20
69aac10e1b0c1bff0a818627,BOX-HYD-05,6.56,44.15,05-01-2025 11:30
69aac10e1b0c1bff0a818628,BOX-HYD-05,6.31,52.49,05-01-2025 11:40
69aac10e1b0c1bff0a818629,BOX-HYD-05,6.56,54.63,05-01-2025 11:50
69aac10e1b0c1bff0a81862a,BOX-HYD-05,6.57,57.75,05-01-2025 12:00
69aac10e1b0c1bff0a81862b,BOX-HYD-05,6.8,47.04,05-01-2025 12:10
69aac10e1b0c1bff0a81862c,BOX-HYD-05,6.85,50.96,05-01-2025 12:20
69aac10e1b0c1bff0a81862d,BOX-HYD-05,6.92,41.68,05-01-2025 12:30
69aac10e1b0c1bff0a81862e,BOX-HYD-05,7.02,45.09,05-01-2025 12:40
69aac10e1b0c1bff0a81862f,BOX-HYD-05,7.15,54.22,05-01-2025 12:50
69aac10e1b0c1bff0a818630,BOX-HYD-05,6.87,49.39,05-01-2025 13:00
69aac10e1b0c1bff0a818631,BOX-HYD-05,6.84,55.24,05-01-2025 13:10
69aac10e1b0c1bff0a818632,BOX-HYD-05,7.07,50.62,05-01-2025 13:20
69aac10e1b0c1bff0a818633,BOX-HYD-05,6.97,54.57,05-01-2025 13:30
69aac10e1b0c1bff0a818634,BOX-HYD-05,6.86,41.18,05-01-2025 13:40
69aac10e1b0c1bff0a818635,BOX-HYD-05,6.74,54.54,05-01-2025 13:50
69aac10e1b0c1bff0a818636,BOX-HYD-05,6.58,43.43,05-01-2025 14:00
69aac10e1b0c1bff0a818637,BOX-HYD-05,6.45,52.86,05-01-2025 14:10
69aac10e1b0c1bff0a818638,BOX-HYD-05,6.17,56.09,05-01-2025 14:20
69aac10e1b0c1bff0a818639,BOX-HYD-05,6.12,54.33,05-01-2025 14:30
69aac10e1b0c1bff0a81863a,BOX-HYD-05,6.28,53.53,05-01-2025 14:40
69aac10e1b0c1bff0a81863b,BOX-HYD-05,6.15,49.08,05-01-2025 14:50
69aac10e1b0c1bff0a81863c,BOX-HYD-05,6.29,45.13,05-01-2025 15:00
69aac10e1b0c1bff0a81863d,BOX-HYD-05,6.41,49.8,05-01-2025 15:10
69aac10e1b0c1bff0a81863e,BOX-HYD-05,6.48,56.28,05-01-2025 15:20
69aac10e1b0c1bff0a81863f,BOX-HYD-05,6.29,54.09,05-01-2025 15:30
69aac10e1b0c1bff0a818640,BOX-HYD-05,6.32,46.48,05-01-2025 15:40
69aac10e1b0c1bff0a818641,BOX-HYD-05,6.54,48.65,05-01-2025 15:50
69aac10e1b0c1bff0a818642,BOX-HYD-05,6.73,52.65,05-01-2025 16:00
69aac10e1b0c1bff0a818643,BOX-HYD-05,6.66,51.63,05-01-2025 16:10
69aac10e1b0c1bff0a818644,BOX-HYD-05,6.41,47.81,05-01-2025 16:20
69aac10e1b0c1bff0a818645,BOX-HYD-05,6.67,57.07,05-01-2025 16:30
69aac10e1b0c1bff0a818646,BOX-HYD-05,6.58,49.09,05-01-2025 16:40
69aac10e1b0c1bff0a818647,BOX-HYD-05,6.61,42.11,05-01-2025 16:50
69aac10e1b0c1bff0a818648,BOX-HYD-05,6.82,53.96,05-01-2025 17:00
69aac10e1b0c1bff0a818649,BOX-HYD-05,6.58,56.1,05-01-2025 17:10
69aac10e1b0c1bff0a81864a,BOX-HYD-05,6.86,52.71,05-01-2025 17:20
69aac10e1b0c1bff0a81864b,BOX-HYD-05,7.08,42.22,05-01-2025 17:30
69aac10e1b0c1bff0a81864c,BOX-HYD-05,6.83,42.39,05-01-2025 17:40
69aac10e1b0c1bff0a81864d,BOX-HYD-05,6.9,49.27,05-01-2025 17:50
69aac10e1b0c1bff0a81864e,BOX-HYD-05,7.14,57.04,05-01-2025 18:00
69aac10e1b0c1bff0a81864f,BOX-HYD-05,7.26,45.55,05-01-2025 18:10
69aac10e1b0c1bff0a818650,BOX-HYD-05,7.2,47.26,05-01-2025 18:20
69aac10e1b0c1bff0a818651,BOX-HYD-05,7.22,53.75,05-01-2025 18:30
69aac10e1b0c1bff0a818652,BOX-HYD-05,7.44,43.38,05-01-2025 18:40
69aac10e1b0c1bff0a818653,BOX-HYD-05,7.16,45.34,05-01-2025 18:50
69aac10e1b0c1bff0a818654,BOX-HYD-05,6.93,40.99,05-01-2025 19:00
69aac10e1b0c1bff0a818655,BOX-HYD-05,6.7,48.12,05-01-2025 19:10
69aac10e1b0c1bff0a818656,BOX-HYD-05,6.88,48.25,05-01-2025 19:20
69aac10e1b0c1bff0a818657,BOX-HYD-05,6.88,49.8,05-01-2025 19:30
69aac10e1b0c1bff0a818658,BOX-HYD-05,6.95,54.52,05-01-2025 19:40
69aac10e1b0c1bff0a818659,BOX-HYD-05,6.67,42.72,05-01-2025 19:50
69aac10e1b0c1bff0a81865a,BOX-HYD-05,6.75,57.57,05-01-2025 20:00
69aac10e1b0c1bff0a81865b,BOX-HYD-05,7.04,47.98,05-01-2025 20:10
69aac10e1b0c1bff0a81865c,BOX-HYD-05,7.22,42.88,05-01-2025 20:20
69aac10e1b0c1bff0a81865d,BOX-HYD-05,7.41,49.62,05-01-2025 20:30
69aac10e1b0c1bff0a81865e,BOX-HYD-05,7.18,48.55,05-01-2025 20:40
69aac10e1b0c1bff0a81865f,BOX-HYD-05,7.4,48.19,05-01-2025 20:50
69aac10e1b0c1bff0a818660,BOX-HYD-05,7.53,44.27,05-01-2025 21:00
69aac10e1b0c1bff0a818661,BOX-HYD-05,7.26,54.89,05-01-2025 21:10
69aac10e1b0c1bff0a818662,BOX-HYD-05,7.33,58.72,05-01-2025 21:20
69aac10e1b0c1bff0a818663,BOX-HYD-05,7.61,45.3,05-01-2025 21:30
69aac10e1b0c1bff0a818664,BOX-HYD-05,7.73,44.39,05-01-2025 21:40
69aac10e1b0c1bff0a818665,BOX-HYD-05,7.7,46.18,05-01-2025 21:50
69aac10e1b0c1bff0a818666,BOX-HYD-05,7.62,41.69,05-01-2025 22:00
69aac10e1b0c1bff0a818667,BOX-HYD-05,7.77,43.58,05-01-2025 22:10
69aac10e1b0c1bff0a818668,BOX-HYD-05,7.77,52.69,05-01-2025 22:20
69aac10e1b0c1bff0a818669,BOX-HYD-05,7.75,50.29,05-01-2025 22:30
69aac10e1b0c1bff0a81866a,BOX-HYD-05,7.72,54.98,05-01-2025 22:40
69aac10e1b0c1bff0a81866b,BOX-HYD-05,7.77,53.96,05-01-2025 22:50
69aac10e1b0c1bff0a81866c,BOX-HYD-05,7.59,53.97,05-01-2025 23:00
69aac10e1b0c1bff0a81866d,BOX-HYD-05,7.75,47.89,05-01-2025 23:10
69aac10e1b0c1bff0a81866e,BOX-HYD-05,7.87,57.76,05-01-2025 23:20
69aac10e1b0c1bff0a81866f,BOX-HYD-05,7.72,42.74,05-01-2025 23:30
69aac10e1b0c1bff0a818670,BOX-HYD-05,7.46,55.81,05-01-2025 23:40
69aac10e1b0c1bff0a818671,BOX-HYD-05,7.75,50.34,05-01-2025 23:50
69aac10e1b0c1bff0a818672,BOX-HYD-05,7.73,48.57,06-01-2025 00:00
69aac10e1b0c1bff0a818673,BOX-HYD-05,7.67,55.59,06-01-2025 00:10
69aac10e1b0c1bff0a818674,BOX-HYD-05,7.75,42.51,06-01-2025 00:20
69aac10e1b0c1bff0a818675,BOX-HYD-05,7.78,55.85,06-01-2025 00:30
69aac10e1b0c1bff0a818676,BOX-HYD-05,7.65,43.76,06-01-2025 00:40
69aac10e1b0c1bff0a818677,BOX-HYD-05,7.59,56.98,06-01-2025 00:50
69aac10e1b0c1bff0a818678,BOX-HYD-05,7.39,58.31,06-01-2025 01:00
69aac10e1b0c1bff0a818679,BOX-HYD-05,7.51,57.65,06-01-2025 01:10
69aac10e1b0c1bff0a81867a,BOX-HYD-05,7.54,43.38,06-01-2025 01:20
69aac10e1b0c1bff0a81867b,BOX-HYD-05,7.82,50.45,06-01-2025 01:30
69aac10e1b0c1bff0a81867c,BOX-HYD-05,8,54.1,06-01-2025 01:40
69aac10e1b0c1bff0a81867d,BOX-HYD-05,7.71,50.34,06-01-2025 01:50
69aac10e1b0c1bff0a81867e,BOX-HYD-05,7.8,52.64,06-01-2025 02:00
69aac10e1b0c1bff0a81867f,BOX-HYD-05,8.01,47.91,06-01-2025 02:10
69aac10e1b0c1bff0a818680,BOX-HYD-05,8.08,45.08,06-01-2025 02:20
69aac10e1b0c1bff0a818681,BOX-HYD-05,8.32,56.95,06-01-2025 02:30
69aac10e1b0c1bff0a818682,BOX-HYD-05,8.61,56.46,06-01-2025 02:40
69aac10e1b0c1bff0a818683,BOX-HYD-05,8.71,44.77,06-01-2025 02:50
69aac10e1b0c1bff0a818684,BOX-HYD-05,8.99,54.17,06-01-2025 03:00
69aac10e1b0c1bff0a818685,BOX-HYD-05,8.77,55.87,06-01-2025 03:10
69aac10e1b0c1bff0a818686,BOX-HYD-05,8.78,56.01,06-01-2025 03:20
69aac10e1b0c1bff0a818687,BOX-HYD-05,8.65,55.15,06-01-2025 03:30
69aac10e1b0c1bff0a818688,BOX-HYD-05,8.5,54.13,06-01-2025 03:40
69aac10e1b0c1bff0a818689,BOX-HYD-05,8.46,56.67,06-01-2025 03:50
69aac10e1b0c1bff0a81868a,BOX-HYD-05,8.75,49.03,06-01-2025 04:00
69aac10e1b0c1bff0a81868b,BOX-HYD-05,8.74,40.87,06-01-2025 04:10
69aac10e1b0c1bff0a81868c,BOX-HYD-05,8.97,42.46,06-01-2025 04:20
69aac10e1b0c1bff0a81868d,BOX-HYD-05,8.88,47.24,06-01-2025 04:30
69aac10e1b0c1bff0a81868e,BOX-HYD-05,8.97,56.27,06-01-2025 04:40
69aac10e1b0c1bff0a81868f,BOX-HYD-05,8.68,45.8,06-01-2025 04:50
69aac10e1b0c1bff0a818690,BOX-HYD-05,8.58,45.38,06-01-2025 05:00
69aac10e1b0c1bff0a818691,BOX-HYD-05,8.71,59.64,06-01-2025 05:10
69aac10e1b0c1bff0a818692,BOX-HYD-05,8.96,51.98,06-01-2025 05:20
69aac10e1b0c1bff0a818693,BOX-HYD-05,8.98,44.21,06-01-2025 05:30
69aac10e1b0c1bff0a818694,BOX-HYD-05,8.96,54,06-01-2025 05:40
69aac10e1b0c1bff0a818695,BOX-HYD-05,8.8,56.03,06-01-2025 05:50
69aac10e1b0c1bff0a818696,BOX-HYD-05,8.96,54.21,06-01-2025 06:00
69aac10e1b0c1bff0a818697,BOX-HYD-05,9.23,46.18,06-01-2025 06:10
69aac10e1b0c1bff0a818698,BOX-HYD-05,9.13,59.73,06-01-2025 06:20
69aac10e1b0c1bff0a818699,BOX-HYD-05,8.89,45.27,06-01-2025 06:30
69aac10e1b0c1bff0a81869a,BOX-HYD-05,9.06,54.15,06-01-2025 06:40
69aac10e1b0c1bff0a81869b,BOX-HYD-05,8.84,56.76,06-01-2025 06:50
69aac10e1b0c1bff0a81869c,BOX-HYD-05,8.91,55.03,06-01-2025 07:00
69aac10e1b0c1bff0a81869d,BOX-HYD-05,8.64,53.78,06-01-2025 07:10
69aac10e1b0c1bff0a81869e,BOX-HYD-05,8.53,58.83,06-01-2025 07:20
69aac10e1b0c1bff0a81869f,BOX-HYD-05,8.36,54.05,06-01-2025 07:30
69aac10e1b0c1bff0a8186a0,BOX-HYD-05,8.56,58.5,06-01-2025 07:40
69aac10e1b0c1bff0a8186a1,BOX-HYD-05,8.55,58.88,06-01-2025 07:50
69aac10e1b0c1bff0a8186a2,BOX-HYD-05,8.31,49.92,06-01-2025 08:00
69aac10e1b0c1bff0a8186a3,BOX-HYD-05,8.27,47,06-01-2025 08:10
69aac10e1b0c1bff0a8186a4,BOX-HYD-05,8.55,54.43,06-01-2025 08:20
69aac10e1b0c1bff0a8186a5,BOX-HYD-05,8.38,56.13,06-01-2025 08:30
69aac10e1b0c1bff0a8186a6,BOX-HYD-05,8.3,44.81,06-01-2025 08:40
69aac10e1b0c1bff0a8186a7,BOX-HYD-05,8.54,53.21,06-01-2025 08:50
69aac10e1b0c1bff0a8186a8,BOX-HYD-05,8.53,54.85,06-01-2025 09:00
69aac10e1b0c1bff0a8186a9,BOX-HYD-05,8.53,52.08,06-01-2025 09:10
69aac10e1b0c1bff0a8186aa,BOX-HYD-05,8.72,43.15,06-01-2025 09:20
69aac10e1b0c1bff0a8186ab,BOX-HYD-05,8.81,53.03,06-01-2025 09:30
69aac10e1b0c1bff0a8186ac,BOX-HYD-05,8.9,42.97,06-01-2025 09:40
69aac10e1b0c1bff0a8186ad,BOX-HYD-05,8.86,41.57,06-01-2025 09:50
69aac10e1b0c1bff0a8186ae,BOX-HYD-05,8.67,49.99,06-01-2025 10:00
69aac10e1b0c1bff0a8186af,BOX-HYD-05,8.86,55.28,06-01-2025 10:10
69aac10e1b0c1bff0a8186b0,BOX-HYD-05,8.63,58.65,06-01-2025 10:20
69aac10e1b0c1bff0a8186b1,BOX-HYD-05,8.61,49.56,06-01-2025 10:30
69aac10e1b0c1bff0a8186b2,BOX-HYD-05,8.78,57.57,06-01-2025 10:40
69aac10e1b0c1bff0a8186b3,BOX-HYD-05,8.5,56.19,06-01-2025 10:50
69aac10e1b0c1bff0a8186b4,BOX-HYD-05,8.27,59.67,06-01-2025 11:00
69aac10e1b0c1bff0a8186b5,BOX-HYD-05,8.14,47.5,06-01-2025 11:10
69aac10e1b0c1bff0a8186b6,BOX-HYD-05,8.29,43.37,06-01-2025 11:20
69aac10e1b0c1bff0a8186b7,BOX-HYD-05,8.43,52.91,06-01-2025 11:30
69aac10e1b0c1bff0a8186b8,BOX-HYD-05,8.24,48.66,06-01-2025 11:40
69aac10e1b0c1bff0a8186b9,BOX-HYD-05,8.47,51.4,06-01-2025 11:50
69aac10e1b0c1bff0a8186ba,BOX-HYD-05,8.66,58.55,06-01-2025 12:00
69aac10e1b0c1bff0a8186bb,BOX-HYD-05,8.49,48.58,06-01-2025 12:10
69aac10e1b0c1bff0a8186bc,BOX-HYD-05,8.48,51.86,06-01-2025 12:20
69aac10e1b0c1bff0a8186bd,BOX-HYD-05,8.57,56.21,06-01-2025 12:30
69aac10e1b0c1bff0a8186be,BOX-HYD-05,8.77,53.62,06-01-2025 12:40
69aac10e1b0c1bff0a8186bf,BOX-HYD-05,8.58,43.95,06-01-2025 12:50
69aac10e1b0c1bff0a8186c0,BOX-HYD-05,8.79,56.51,06-01-2025 13:00
69aac10e1b0c1bff0a8186c1,BOX-HYD-05,8.91,45.3,06-01-2025 13:10
69aac10e1b0c1bff0a8186c2,BOX-HYD-05,8.85,40.45,06-01-2025 13:20
69aac10e1b0c1bff0a8186c3,BOX-HYD-05,8.57,49.73,06-01-2025 13:30
69aac10e1b0c1bff0a8186c4,BOX-HYD-05,8.6,50.34,06-01-2025 13:40
69aac10e1b0c1bff0a8186c5,BOX-HYD-05,8.81,57.96,06-01-2025 13:50
69aac10e1b0c1bff0a8186c6,BOX-HYD-05,8.88,43.17,06-01-2025 14:00
69aac10e1b0c1bff0a8186c7,BOX-HYD-05,8.77,52.06,06-01-2025 14:10
69aac10e1b0c1bff0a8186c8,BOX-HYD-05,8.93,57.17,06-01-2025 14:20
69aac10e1b0c1bff0a8186c9,BOX-HYD-05,9.01,53.16,06-01-2025 14:30
69aac10e1b0c1bff0a8186ca,BOX-HYD-05,9.2,51.98,06-01-2025 14:40
69aac10e1b0c1bff0a8186cb,BOX-HYD-05,9.44,46.12,06-01-2025 14:50
69aac10e1b0c1bff0a8186cc,BOX-HYD-05,9.51,54.71,06-01-2025 15:00
69aac10e1b0c1bff0a8186cd,BOX-HYD-05,9.73,40.81,06-01-2025 15:10
69aac10e1b0c1bff0a8186ce,BOX-HYD-05,9.99,56.72,06-01-2025 15:20
69aac10e1b0c1bff0a8186cf,BOX-HYD-05,9.8,45.99,06-01-2025 15:30
69aac10e1b0c1bff0a8186d0,BOX-HYD-05,9.53,49.85,06-01-2025 15:40
69aac10e1b0c1bff0a8186d1,BOX-HYD-05,9.38,46.76,06-01-2025 15:50
69aac10e1b0c1bff0a8186d2,BOX-HYD-05,9.37,54.42,06-01-2025 16:00
69aac10e1b0c1bff0a8186d3,BOX-HYD-05,9.19,45.83,06-01-2025 16:10
69aac10e1b0c1bff0a8186d4,BOX-HYD-05,9.4,45.45,06-01-2025 16:20
69aac10e1b0c1bff0a8186d5,BOX-HYD-05,9.22,55.21,06-01-2025 16:30
69aac10e1b0c1bff0a8186d6,BOX-HYD-05,9.23,48.25,06-01-2025 16:40
69aac10e1b0c1bff0a8186d7,BOX-HYD-05,9.01,44.75,06-01-2025 16:50
69aac10e1b0c1bff0a8186d8,BOX-HYD-05,8.89,45.09,06-01-2025 17:00
69aac10e1b0c1bff0a8186d9,BOX-HYD-05,9.03,40.4,06-01-2025 17:10
69aac10e1b0c1bff0a8186da,BOX-HYD-05,9.32,51.87,06-01-2025 17:20
69aac10e1b0c1bff0a8186db,BOX-HYD-05,9.53,54.68,06-01-2025 17:30
69aac10e1b0c1bff0a8186dc,BOX-HYD-05,9.26,48.15,06-01-2025 17:40
69aac10e1b0c1bff0a8186dd,BOX-HYD-05,9.21,56.7,06-01-2025 17:50
69aac10e1b0c1bff0a8186de,BOX-HYD-05,9.26,44.88,06-01-2025 18:00
69aac10e1b0c1bff0a8186df,BOX-HYD-05,9.46,41.45,06-01-2025 18:10
69aac10e1b0c1bff0a8186e0,BOX-HYD-05,9.47,54.15,06-01-2025 18:20
69aac10e1b0c1bff0a8186e1,BOX-HYD-05,9.48,58.78,06-01-2025 18:30
69aac10e1b0c1bff0a8186e2,BOX-HYD-05,9.65,58.21,06-01-2025 18:40
69aac10e1b0c1bff0a8186e3,BOX-HYD-05,9.61,58.77,06-01-2025 18:50
69aac10e1b0c1bff0a8186e4,BOX-HYD-05,9.53,46.05,06-01-2025 19:00
69aac10e1b0c1bff0a8186e5,BOX-HYD-05,9.66,52.68,06-01-2025 19:10
69aac10e1b0c1bff0a8186e6,BOX-HYD-05,9.88,49.66,06-01-2025 19:20
69aac10e1b0c1bff0a8186e7,BOX-HYD-05,9.65,46.39,06-01-2025 19:30
69aac10e1b0c1bff0a8186e8,BOX-HYD-05,9.62,49.96,06-01-2025 19:40
69aac10e1b0c1bff0a8186e9,BOX-HYD-05,9.88,40.8,06-01-2025 19:50
69aac10e1b0c1bff0a8186ea,BOX-HYD-05,9.98,47.45,06-01-2025 20:00
69aac10e1b0c1bff0a8186eb,BOX-HYD-05,9.75,56.64,06-01-2025 20:10
69aac10e1b0c1bff0a8186ec,BOX-HYD-05,9.51,40.91,06-01-2025 20:20
69aac10e1b0c1bff0a8186ed,BOX-HYD-05,9.58,40.35,06-01-2025 20:30
69aac10e1b0c1bff0a8186ee,BOX-HYD-05,9.31,53.49,06-01-2025 20:40
69aac10e1b0c1bff0a8186ef,BOX-HYD-05,9.54,46.43,06-01-2025 20:50
69aac10e1b0c1bff0a8186f0,BOX-HYD-05,9.46,52.68,06-01-2025 21:00
69aac10e1b0c1bff0a8186f1,BOX-HYD-05,9.25,45.45,06-01-2025 21:10
69aac10e1b0c1bff0a8186f2,BOX-HYD-05,9.04,52.58,06-01-2025 21:20
69aac10e1b0c1bff0a8186f3,BOX-HYD-05,8.95,56.96,06-01-2025 21:30
69aac10e1b0c1bff0a8186f4,BOX-HYD-05,8.88,55.46,06-01-2025 21:40
69aac10e1b0c1bff0a8186f5,BOX-HYD-05,8.86,49.37,06-01-2025 21:50
69aac10e1b0c1bff0a8186f6,BOX-HYD-05,8.66,52.49,06-01-2025 22:00
69aac10e1b0c1bff0a8186f7,BOX-HYD-05,8.41,55.7,06-01-2025 22:10
69aac10e1b0c1bff0a8186f8,BOX-HYD-05,8.57,42.15,06-01-2025 22:20
69aac10e1b0c1bff0a8186f9,BOX-HYD-05,8.43,56.2,06-01-2025 22:30
69aac10e1b0c1bff0a8186fa,BOX-HYD-05,8.43,51.77,06-01-2025 22:40
69aac10e1b0c1bff0a8186fb,BOX-HYD-05,8.32,49.76,06-01-2025 22:50
69aac10e1b0c1bff0a8186fc,BOX-HYD-05,8.31,54.02,06-01-2025 23:00
69aac10e1b0c1bff0a8186fd,BOX-HYD-05,8.06,55.64,06-01-2025 23:10
69aac10e1b0c1bff0a8186fe,BOX-HYD-05,8.3,42.26,06-01-2025 23:20
69aac10e1b0c1bff0a8186ff,BOX-HYD-05,8.29,43.79,06-01-2025 23:30
69aac10e1b0c1bff0a818700,BOX-HYD-05,8.31,45.23,06-01-2025 23:40
69aac10e1b0c1bff0a818701,BOX-HYD-05,8.06,46.41,06-01-2025 23:50
69aac10e1b0c1bff0a818702,BOX-HYD-05,7.95,48.52,07-01-2025 00:00
69aac10e1b0c1bff0a818703,BOX-HYD-05,7.75,44.76,07-01-2025 00:10
69aac10e1b0c1bff0a818704,BOX-HYD-05,7.51,57.82,07-01-2025 00:20
69aac10e1b0c1bff0a818705,BOX-HYD-05,7.34,51.42,07-01-2025 00:30
69aac10e1b0c1bff0a818706,BOX-HYD-05,7.62,40.86,07-01-2025 00:40
69aac10e1b0c1bff0a818707,BOX-HYD-05,7.63,48.23,07-01-2025 00:50
69aac10e1b0c1bff0a818708,BOX-HYD-05,7.81,51.37,07-01-2025 01:00
69aac10e1b0c1bff0a818709,BOX-HYD-05,8.03,47.97,07-01-2025 01:10
69aac10e1b0c1bff0a81870a,BOX-HYD-05,8.07,52.9,07-01-2025 01:20
69aac10e1b0c1bff0a81870b,BOX-HYD-05,7.81,46.41,07-01-2025 01:30
69aac10e1b0c1bff0a81870c,BOX-HYD-05,7.57,49.47,07-01-2025 01:40
69aac10e1b0c1bff0a81870d,BOX-HYD-05,7.42,45.42,07-01-2025 01:50
69aac10e1b0c1bff0a81870e,BOX-HYD-05,7.56,58.19,07-01-2025 02:00
69aac10e1b0c1bff0a81870f,BOX-HYD-05,7.85,41.6,07-01-2025 02:10
69aac10e1b0c1bff0a818710,BOX-HYD-05,7.67,52.71,07-01-2025 02:20
69aac10e1b0c1bff0a818711,BOX-HYD-05,7.65,51.58,07-01-2025 02:30
69aac10e1b0c1bff0a818712,BOX-HYD-05,7.59,40.8,07-01-2025 02:40
69aac10e1b0c1bff0a818713,BOX-HYD-05,7.56,44.38,07-01-2025 02:50
69aac10e1b0c1bff0a818714,BOX-HYD-05,7.78,46.75,07-01-2025 03:00
69aac10e1b0c1bff0a818715,BOX-HYD-05,8.05,59.17,07-01-2025 03:10
69aac10e1b0c1bff0a818716,BOX-HYD-05,7.77,47.35,07-01-2025 03:20
69aac10e1b0c1bff0a818717,BOX-HYD-05,7.83,50.92,07-01-2025 03:30
69aac10e1b0c1bff0a818718,BOX-HYD-05,7.92,46.61,07-01-2025 03:40
69aac10e1b0c1bff0a818719,BOX-HYD-05,7.94,41.09,07-01-2025 03:50
69aac10e1b0c1bff0a81871a,BOX-HYD-05,7.84,54.35,07-01-2025 04:00
69aac10e1b0c1bff0a81871b,BOX-HYD-05,7.84,40.06,07-01-2025 04:10
69aac10e1b0c1bff0a81871c,BOX-HYD-05,7.96,42.31,07-01-2025 04:20
69aac10e1b0c1bff0a81871d,BOX-HYD-05,8.2,45.77,07-01-2025 04:30
69aac10e1b0c1bff0a81871e,BOX-HYD-05,7.99,56.83,07-01-2025 04:40
69aac10e1b0c1bff0a81871f,BOX-HYD-05,8.17,55.4,07-01-2025 04:50
69aac10e1b0c1bff0a818720,BOX-HYD-05,8.04,42.49,07-01-2025 05:00
69aac10e1b0c1bff0a818721,BOX-HYD-05,8.32,46.12,07-01-2025 05:10
69aac10e1b0c1bff0a818722,BOX-HYD-05,8.21,53.05,07-01-2025 05:20
69aac10e1b0c1bff0a818723,BOX-HYD-05,8.42,41.33,07-01-2025 05:30
69aac10e1b0c1bff0a818724,BOX-HYD-05,8.3,46.78,07-01-2025 05:40
69aac10e1b0c1bff0a818725,BOX-HYD-05,8.52,40.25,07-01-2025 05:50
69aac10e1b0c1bff0a818726,BOX-HYD-05,8.41,40.02,07-01-2025 06:00
69aac10e1b0c1bff0a818727,BOX-HYD-05,8.13,52.11,07-01-2025 06:10
69aac10e1b0c1bff0a818728,BOX-HYD-05,8.15,54.34,07-01-2025 06:20
69aac10e1b0c1bff0a818729,BOX-HYD-05,8.15,43.03,07-01-2025 06:30
69aac10e1b0c1bff0a81872a,BOX-HYD-05,8.26,56.02,07-01-2025 06:40
69aac10e1b0c1bff0a81872b,BOX-HYD-05,8.3,43.68,07-01-2025 06:50
69aac10e1b0c1bff0a81872c,BOX-HYD-05,8.4,53.06,07-01-2025 07:00
69aac10e1b0c1bff0a81872d,BOX-HYD-05,8.32,45.14,07-01-2025 07:10
69aac10e1b0c1bff0a81872e,BOX-HYD-05,8.59,60,07-01-2025 07:20
69aac10e1b0c1bff0a81872f,BOX-HYD-05,8.54,59.52,07-01-2025 07:30
69aac10e1b0c1bff0a818730,BOX-HYD-05,8.31,44.28,07-01-2025 07:40
69aac10e1b0c1bff0a818731,BOX-HYD-05,8.32,42.32,07-01-2025 07:50
69aac10e1b0c1bff0a818732,BOX-HYD-05,8.54,45.92,07-01-2025 08:00
69aac10e1b0c1bff0a818733,BOX-HYD-05,8.56,50.48,07-01-2025 08:10
69aac10e1b0c1bff0a818734,BOX-HYD-05,8.56,41.25,07-01-2025 08:20
69aac10e1b0c1bff0a818735,BOX-HYD-05,8.74,52.01,07-01-2025 08:30
69aac10e1b0c1bff0a818736,BOX-HYD-05,8.87,50.2,07-01-2025 08:40
69aac10e1b0c1bff0a818737,BOX-HYD-05,9.12,41.09,07-01-2025 08:50
69aac10e1b0c1bff0a818738,BOX-HYD-05,8.88,41.92,07-01-2025 09:00
69aac10e1b0c1bff0a818739,BOX-HYD-05,9.02,46.08,07-01-2025 09:10
69aac10e1b0c1bff0a81873a,BOX-HYD-05,8.82,45,07-01-2025 09:20
69aac10e1b0c1bff0a81873b,BOX-HYD-05,8.68,59.18,07-01-2025 09:30
69aac10e1b0c1bff0a81873c,BOX-HYD-05,8.78,58.18,07-01-2025 09:40
69aac10e1b0c1bff0a81873d,BOX-HYD-05,8.58,53.17,07-01-2025 09:50
69aac10e1b0c1bff0a81873e,BOX-HYD-05,8.5,46.4,07-01-2025 10:00
69aac10e1b0c1bff0a81873f,BOX-HYD-05,8.36,58.77,07-01-2025 10:10
69aac10e1b0c1bff0a818740,BOX-HYD-05,8.65,59.18,07-01-2025 10:20
69aac10e1b0c1bff0a818741,BOX-HYD-05,8.46,40.72,07-01-2025 10:30
69aac10e1b0c1bff0a818742,BOX-HYD-05,8.61,44.35,07-01-2025 10:40
69aac10e1b0c1bff0a818743,BOX-HYD-05,8.76,40.82,07-01-2025 10:50
69aac10e1b0c1bff0a818744,BOX-HYD-05,8.67,46.3,07-01-2025 11:00
69aac10e1b0c1bff0a818745,BOX-HYD-05,8.52,44.87,07-01-2025 11:10
69aac10e1b0c1bff0a818746,BOX-HYD-05,8.63,56.96,07-01-2025 11:20
69aac10e1b0c1bff0a818747,BOX-HYD-05,8.53,58.01,07-01-2025 11:30
69aac10e1b0c1bff0a818748,BOX-HYD-05,8.39,53.92,07-01-2025 11:40
69aac10e1b0c1bff0a818749,BOX-HYD-05,8.55,41.36,07-01-2025 11:50
69aac10e1b0c1bff0a81874a,BOX-HYD-05,8.66,56.41,07-01-2025 12:00
69aac10e1b0c1bff0a81874b,BOX-HYD-05,8.66,54.38,07-01-2025 12:10
69aac10e1b0c1bff0a81874c,BOX-HYD-05,8.79,40.55,07-01-2025 12:20
69aac10e1b0c1bff0a81874d,BOX-HYD-05,8.81,44.61,07-01-2025 12:30
69aac10e1b0c1bff0a81874e,BOX-HYD-05,8.8,45.82,07-01-2025 12:40
69aac10e1b0c1bff0a81874f,BOX-HYD-05,9.07,45.92,07-01-2025 12:50
69aac10e1b0c1bff0a818750,BOX-HYD-05,8.94,42.75,07-01-2025 13:00
69aac10e1b0c1bff0a818751,BOX-HYD-05,8.87,40.95,07-01-2025 13:10
69aac10e1b0c1bff0a818752,BOX-HYD-05,8.73,55.97,07-01-2025 13:20
69aac10e1b0c1bff0a818753,BOX-HYD-05,8.92,43.53,07-01-2025 13:30
69aac10e1b0c1bff0a818754,BOX-HYD-05,8.86,44.52,07-01-2025 13:40
69aac10e1b0c1bff0a818755,BOX-HYD-05,8.68,59.58,07-01-2025 13:50
69aac10e1b0c1bff0a818756,BOX-HYD-05,8.84,40.18,07-01-2025 14:00
69aac10e1b0c1bff0a818757,BOX-HYD-05,8.56,57.75,07-01-2025 14:10
69aac10e1b0c1bff0a818758,BOX-HYD-05,8.58,53.42,07-01-2025 14:20
69aac10e1b0c1bff0a818759,BOX-HYD-05,8.71,52.14,07-01-2025 14:30
69aac10e1b0c1bff0a81875a,BOX-HYD-05,8.89,58.06,07-01-2025 14:40
69aac10e1b0c1bff0a81875b,BOX-HYD-05,8.86,59.85,07-01-2025 14:50
69aac10e1b0c1bff0a81875c,BOX-HYD-05,8.8,59.51,07-01-2025 15:00
69aac10e1b0c1bff0a81875d,BOX-HYD-05,8.6,55.44,07-01-2025 15:10
69aac10e1b0c1bff0a81875e,BOX-HYD-05,8.64,41.19,07-01-2025 15:20
69aac10e1b0c1bff0a81875f,BOX-HYD-05,8.86,50.51,07-01-2025 15:30
69aac10e1b0c1bff0a818760,BOX-HYD-05,9.01,55.61,07-01-2025 15:40
69aac10e1b0c1bff0a818761,BOX-HYD-05,8.91,56.15,07-01-2025 15:50
69aac10e1b0c1bff0a818762,BOX-HYD-05,9.07,48.75,07-01-2025 16:00
69aac10e1b0c1bff0a818763,BOX-HYD-05,8.93,47.56,07-01-2025 16:10
69aac10e1b0c1bff0a818764,BOX-HYD-05,8.95,42.55,07-01-2025 16:20
69aac10e1b0c1bff0a818765,BOX-HYD-05,8.69,43.77,07-01-2025 16:30
69aac10e1b0c1bff0a818766,BOX-HYD-05,8.97,52.76,07-01-2025 16:40
69aac10e1b0c1bff0a818767,BOX-HYD-05,9.17,53.48,07-01-2025 16:50
69aac10e1b0c1bff0a818768,BOX-HYD-05,8.9,46.95,07-01-2025 17:00
69aac10e1b0c1bff0a818769,BOX-HYD-05,8.88,44.04,07-01-2025 17:10
69aac10e1b0c1bff0a81876a,BOX-HYD-05,8.72,48.98,07-01-2025 17:20
69aac10e1b0c1bff0a81876b,BOX-HYD-05,8.51,47.63,07-01-2025 17:30
69aac10e1b0c1bff0a81876c,BOX-HYD-05,8.46,52.7,07-01-2025 17:40
69aac10e1b0c1bff0a81876d,BOX-HYD-05,8.64,40.06,07-01-2025 17:50
69aac10e1b0c1bff0a81876e,BOX-HYD-05,8.47,44.08,07-01-2025 18:00
69aac10e1b0c1bff0a81876f,BOX-HYD-05,8.38,44.52,07-01-2025 18:10
69aac10e1b0c1bff0a818770,BOX-HYD-05,8.63,59.58,07-01-2025 18:20
69aac10e1b0c1bff0a818771,BOX-HYD-05,8.74,52.44,07-01-2025 18:30
69aac10e1b0c1bff0a818772,BOX-HYD-05,8.51,54.75,07-01-2025 18:40
69aac10e1b0c1bff0a818773,BOX-HYD-05,8.43,59.81,07-01-2025 18:50
69aac10e1b0c1bff0a818774,BOX-HYD-05,8.7,41.59,07-01-2025 19:00
69aac10e1b0c1bff0a818775,BOX-HYD-05,8.9,50.39,07-01-2025 19:10
69aac10e1b0c1bff0a818776,BOX-HYD-05,9.07,59.79,07-01-2025 19:20
69aac10e1b0c1bff0a818777,BOX-HYD-05,9.34,54.92,07-01-2025 19:30
69aac10e1b0c1bff0a818778,BOX-HYD-05,9.55,42.68,07-01-2025 19:40
69aac10e1b0c1bff0a818779,BOX-HYD-05,9.74,42.41,07-01-2025 19:50
69aac10e1b0c1bff0a81877a,BOX-HYD-05,9.76,50.59,07-01-2025 20:00
69aac10e1b0c1bff0a81877b,BOX-HYD-05,9.77,59.47,07-01-2025 20:10
69aac10e1b0c1bff0a81877c,BOX-HYD-05,9.9,42.76,07-01-2025 20:20
69aac10e1b0c1bff0a81877d,BOX-HYD-05,9.91,42.79,07-01-2025 20:30
69aac10e1b0c1bff0a81877e,BOX-HYD-05,9.79,49.58,07-01-2025 20:40
69aac10e1b0c1bff0a81877f,BOX-HYD-05,9.64,44.29,07-01-2025 20:50
69aac10e1b0c1bff0a818780,BOX-HYD-05,9.34,45.73,07-01-2025 21:00
69aac10e1b0c1bff0a818781,BOX-HYD-05,9.04,43.14,07-01-2025 21:10
69aac10e1b0c1bff0a818782,BOX-HYD-05,8.87,58.93,07-01-2025 21:20
69aac10e1b0c1bff0a818783,BOX-HYD-05,8.96,44.77,07-01-2025 21:30
69aac10e1b0c1bff0a818784,BOX-HYD-05,9.23,51.74,07-01-2025 21:40
69aac10e1b0c1bff0a818785,BOX-HYD-05,9.49,51.78,07-01-2025 21:50
69aac10e1b0c1bff0a818786,BOX-HYD-05,9.63,41.38,07-01-2025 22:00
69aac10e1b0c1bff0a818787,BOX-HYD-05,9.91,47.81,07-01-2025 22:10
69aac10e1b0c1bff0a818788,BOX-HYD-05,9.66,58.92,07-01-2025 22:20
69aac10e1b0c1bff0a818789,BOX-HYD-05,9.76,43.09,07-01-2025 22:30
69aac10e1b0c1bff0a81878a,BOX-PUNE-06,4.9,44.96,01-01-2025 00:00
69aac10e1b0c1bff0a81878b,BOX-PUNE-06,4.83,47.59,01-01-2025 00:10
69aac10e1b0c1bff0a81878c,BOX-PUNE-06,4.54,55.95,01-01-2025 00:20
69aac10e1b0c1bff0a81878d,BOX-PUNE-06,4.58,56.63,01-01-2025 00:30
69aac10e1b0c1bff0a81878e,BOX-PUNE-06,4.34,59.3,01-01-2025 00:40
69aac10e1b0c1bff0a81878f,BOX-PUNE-06,4.3,44.08,01-01-2025 00:50
69aac10e1b0c1bff0a818790,BOX-PUNE-06,4.27,52.41,01-01-2025 01:00
69aac10e1b0c1bff0a818791,BOX-PUNE-06,3.97,49.44,01-01-2025 01:10
69aac10e1b0c1bff0a818792,BOX-PUNE-06,4.26,45.44,01-01-2025 01:20
69aac10e1b0c1bff0a818793,BOX-PUNE-06,4.53,58.17,01-01-2025 01:30
69aac10e1b0c1bff0a818794,BOX-PUNE-06,4.31,43.23,01-01-2025 01:40
69aac10e1b0c1bff0a818795,BOX-PUNE-06,4.29,42.31,01-01-2025 01:50
69aac10e1b0c1bff0a818796,BOX-PUNE-06,4.42,48.12,01-01-2025 02:00
69aac10e1b0c1bff0a818797,BOX-PUNE-06,4.29,44,01-01-2025 02:10
69aac10e1b0c1bff0a818798,BOX-PUNE-06,4.43,57.04,01-01-2025 02:20
69aac10e1b0c1bff0a818799,BOX-PUNE-06,4.21,55.28,01-01-2025 02:30
69aac10e1b0c1bff0a81879a,BOX-PUNE-06,3.94,59.03,01-01-2025 02:40
69aac10e1b0c1bff0a81879b,BOX-PUNE-06,4.03,51.62,01-01-2025 02:50
69aac10e1b0c1bff0a81879c,BOX-PUNE-06,4.05,50.92,01-01-2025 03:00
69aac10e1b0c1bff0a81879d,BOX-PUNE-06,4.02,55.21,01-01-2025 03:10
69aac10e1b0c1bff0a81879e,BOX-PUNE-06,3.85,57.91,01-01-2025 03:20
69aac10e1b0c1bff0a81879f,BOX-PUNE-06,3.87,55.13,01-01-2025 03:30
69aac10e1b0c1bff0a8187a0,BOX-PUNE-06,3.63,52.32,01-01-2025 03:40
69aac10e1b0c1bff0a8187a1,BOX-PUNE-06,3.53,45.37,01-01-2025 03:50
69aac10e1b0c1bff0a8187a2,BOX-PUNE-06,3.8,56.86,01-01-2025 04:00
69aac10e1b0c1bff0a8187a3,BOX-PUNE-06,3.88,55.81,01-01-2025 04:10
69aac10e1b0c1bff0a8187a4,BOX-PUNE-06,3.99,57.03,01-01-2025 04:20
69aac10e1b0c1bff0a8187a5,BOX-PUNE-06,4.25,56.84,01-01-2025 04:30
69aac10e1b0c1bff0a8187a6,BOX-PUNE-06,4,53.03,01-01-2025 04:40
69aac10e1b0c1bff0a8187a7,BOX-PUNE-06,4.2,42.21,01-01-2025 04:50
69aac10e1b0c1bff0a8187a8,BOX-PUNE-06,3.92,45.77,01-01-2025 05:00
69aac10e1b0c1bff0a8187a9,BOX-PUNE-06,3.75,49.01,01-01-2025 05:10
69aac10e1b0c1bff0a8187aa,BOX-PUNE-06,3.73,59.98,01-01-2025 05:20
69aac10e1b0c1bff0a8187ab,BOX-PUNE-06,3.45,50.08,01-01-2025 05:30
69aac10e1b0c1bff0a8187ac,BOX-PUNE-06,3.29,49.39,01-01-2025 05:40
69aac10e1b0c1bff0a8187ad,BOX-PUNE-06,3.11,43.62,01-01-2025 05:50
69aac10e1b0c1bff0a8187ae,BOX-PUNE-06,2.99,50.44,01-01-2025 06:00
69aac10e1b0c1bff0a8187af,BOX-PUNE-06,2.87,41.75,01-01-2025 06:10
69aac10e1b0c1bff0a8187b0,BOX-PUNE-06,2.83,48.6,01-01-2025 06:20
69aac10e1b0c1bff0a8187b1,BOX-PUNE-06,3.09,48.8,01-01-2025 06:30
69aac10e1b0c1bff0a8187b2,BOX-PUNE-06,2.95,43.83,01-01-2025 06:40
69aac10e1b0c1bff0a8187b3,BOX-PUNE-06,3.08,51.58,01-01-2025 06:50
69aac10e1b0c1bff0a8187b4,BOX-PUNE-06,2.89,57.57,01-01-2025 07:00
69aac10e1b0c1bff0a8187b5,BOX-PUNE-06,2.81,44.45,01-01-2025 07:10
69aac10e1b0c1bff0a8187b6,BOX-PUNE-06,2.77,49.9,01-01-2025 07:20
69aac10e1b0c1bff0a8187b7,BOX-PUNE-06,2.5,51.54,01-01-2025 07:30
69aac10e1b0c1bff0a8187b8,BOX-PUNE-06,2.5,42.59,01-01-2025 07:40
69aac10e1b0c1bff0a8187b9,BOX-PUNE-06,2.36,44.26,01-01-2025 07:50
69aac10e1b0c1bff0a8187ba,BOX-PUNE-06,2.08,54.48,01-01-2025 08:00
69aac10e1b0c1bff0a8187bb,BOX-PUNE-06,2.19,53.96,01-01-2025 08:10
69aac10e1b0c1bff0a8187bc,BOX-PUNE-06,2.13,45.43,01-01-2025 08:20
69aac10e1b0c1bff0a8187bd,BOX-PUNE-06,1.9,50.15,01-01-2025 08:30
69aac10e1b0c1bff0a8187be,BOX-PUNE-06,1.74,41.57,01-01-2025 08:40
69aac10e1b0c1bff0a8187bf,BOX-PUNE-06,1.54,52.44,01-01-2025 08:50
69aac10e1b0c1bff0a8187c0,BOX-PUNE-06,1.56,57.04,01-01-2025 09:00
69aac10e1b0c1bff0a8187c1,BOX-PUNE-06,1.32,58.83,01-01-2025 09:10
69aac10e1b0c1bff0a8187c2,BOX-PUNE-06,1.16,57.08,01-01-2025 09:20
69aac10e1b0c1bff0a8187c3,BOX-PUNE-06,1.24,49.82,01-01-2025 09:30
69aac10e1b0c1bff0a8187c4,BOX-PUNE-06,1.34,45.87,01-01-2025 09:40
69aac10e1b0c1bff0a8187c5,BOX-PUNE-06,1.57,43.83,01-01-2025 09:50
69aac10e1b0c1bff0a8187c6,BOX-PUNE-06,1.73,40.73,01-01-2025 10:00
69aac10e1b0c1bff0a8187c7,BOX-PUNE-06,1.45,58.12,01-01-2025 10:10
69aac10e1b0c1bff0a8187c8,BOX-PUNE-06,1.36,45.62,01-01-2025 10:20
69aac10e1b0c1bff0a8187c9,BOX-PUNE-06,1.23,47.8,01-01-2025 10:30
69aac10e1b0c1bff0a8187ca,BOX-PUNE-06,1.26,55.85,01-01-2025 10:40
69aac10e1b0c1bff0a8187cb,BOX-PUNE-06,1.05,43.85,01-01-2025 10:50
69aac10e1b0c1bff0a8187cc,BOX-PUNE-06,1.2,58.98,01-01-2025 11:00
69aac10e1b0c1bff0a8187cd,BOX-PUNE-06,1.38,57.82,01-01-2025 11:10
69aac10e1b0c1bff0a8187ce,BOX-PUNE-06,1.65,58.61,01-01-2025 11:20
69aac10e1b0c1bff0a8187cf,BOX-PUNE-06,1.79,42.32,01-01-2025 11:30
69aac10e1b0c1bff0a8187d0,BOX-PUNE-06,1.7,40.82,01-01-2025 11:40
69aac10e1b0c1bff0a8187d1,BOX-PUNE-06,1.7,44.58,01-01-2025 11:50
69aac10e1b0c1bff0a8187d2,BOX-PUNE-06,1.97,42.46,01-01-2025 12:00
69aac10e1b0c1bff0a8187d3,BOX-PUNE-06,1.94,54.97,01-01-2025 12:10
69aac10e1b0c1bff0a8187d4,BOX-PUNE-06,2.02,53.57,01-01-2025 12:20
69aac10e1b0c1bff0a8187d5,BOX-PUNE-06,2.03,49.45,01-01-2025 12:30
69aac10e1b0c1bff0a8187d6,BOX-PUNE-06,1.95,58.16,01-01-2025 12:40
69aac10e1b0c1bff0a8187d7,BOX-PUNE-06,1.76,58.49,01-01-2025 12:50
69aac10e1b0c1bff0a8187d8,BOX-PUNE-06,1.52,57.76,01-01-2025 13:00
69aac10e1b0c1bff0a8187d9,BOX-PUNE-06,1.64,43.34,01-01-2025 13:10
69aac10e1b0c1bff0a8187da,BOX-PUNE-06,1.68,59.15,01-01-2025 13:20
69aac10e1b0c1bff0a8187db,BOX-PUNE-06,1.51,43.76,01-01-2025 13:30
69aac10e1b0c1bff0a8187dc,BOX-PUNE-06,1.73,59.49,01-01-2025 13:40
69aac10e1b0c1bff0a8187dd,BOX-PUNE-06,1.83,45.65,01-01-2025 13:50
69aac10e1b0c1bff0a8187de,BOX-PUNE-06,1.85,58.32,01-01-2025 14:00
69aac10e1b0c1bff0a8187df,BOX-PUNE-06,1.62,46.54,01-01-2025 14:10
69aac10e1b0c1bff0a8187e0,BOX-PUNE-06,1.49,49.91,01-01-2025 14:20
69aac10e1b0c1bff0a8187e1,BOX-PUNE-06,1.61,57.19,01-01-2025 14:30
69aac10e1b0c1bff0a8187e2,BOX-PUNE-06,1.88,41.27,01-01-2025 14:40
69aac10e1b0c1bff0a8187e3,BOX-PUNE-06,2.12,44.56,01-01-2025 14:50
69aac10e1b0c1bff0a8187e4,BOX-PUNE-06,1.86,48.81,01-01-2025 15:00
69aac10e1b0c1bff0a8187e5,BOX-PUNE-06,1.59,41.77,01-01-2025 15:10
69aac10e1b0c1bff0a8187e6,BOX-PUNE-06,1.57,55.02,01-01-2025 15:20
69aac10e1b0c1bff0a8187e7,BOX-PUNE-06,1.82,52.46,01-01-2025 15:30
69aac10e1b0c1bff0a8187e8,BOX-PUNE-06,2.06,58.59,01-01-2025 15:40
69aac10e1b0c1bff0a8187e9,BOX-PUNE-06,2.21,53.06,01-01-2025 15:50
69aac10e1b0c1bff0a8187ea,BOX-PUNE-06,1.96,51.71,01-01-2025 16:00
69aac10e1b0c1bff0a8187eb,BOX-PUNE-06,2.21,47.54,01-01-2025 16:10
69aac10e1b0c1bff0a8187ec,BOX-PUNE-06,2.49,55.95,01-01-2025 16:20
69aac10e1b0c1bff0a8187ed,BOX-PUNE-06,2.69,53.53,01-01-2025 16:30
69aac10e1b0c1bff0a8187ee,BOX-PUNE-06,2.49,42.71,01-01-2025 16:40
69aac10e1b0c1bff0a8187ef,BOX-PUNE-06,2.49,56.95,01-01-2025 16:50
69aac10e1b0c1bff0a8187f0,BOX-PUNE-06,2.28,42.61,01-01-2025 17:00
69aac10e1b0c1bff0a8187f1,BOX-PUNE-06,2.52,40.86,01-01-2025 17:10
69aac10e1b0c1bff0a8187f2,BOX-PUNE-06,2.66,57.37,01-01-2025 17:20
69aac10e1b0c1bff0a8187f3,BOX-PUNE-06,2.68,47.74,01-01-2025 17:30
69aac10e1b0c1bff0a8187f4,BOX-PUNE-06,2.56,55.75,01-01-2025 17:40
69aac10e1b0c1bff0a8187f5,BOX-PUNE-06,2.58,52.95,01-01-2025 17:50
69aac10e1b0c1bff0a8187f6,BOX-PUNE-06,2.44,48.58,01-01-2025 18:00
69aac10e1b0c1bff0a8187f7,BOX-PUNE-06,2.18,53.4,01-01-2025 18:10
69aac10e1b0c1bff0a8187f8,BOX-PUNE-06,2.21,46.29,01-01-2025 18:20
69aac10e1b0c1bff0a8187f9,BOX-PUNE-06,2.45,50.33,01-01-2025 18:30
69aac10e1b0c1bff0a8187fa,BOX-PUNE-06,2.66,51.34,01-01-2025 18:40
69aac10e1b0c1bff0a8187fb,BOX-PUNE-06,2.57,45.31,01-01-2025 18:50
69aac10e1b0c1bff0a8187fc,BOX-PUNE-06,2.61,53.13,01-01-2025 19:00
69aac10e1b0c1bff0a8187fd,BOX-PUNE-06,2.48,46.55,01-01-2025 19:10
69aac10e1b0c1bff0a8187fe,BOX-PUNE-06,2.5,56.92,01-01-2025 19:20
69aac10e1b0c1bff0a8187ff,BOX-PUNE-06,2.78,50.92,01-01-2025 19:30
69aac10e1b0c1bff0a818800,BOX-PUNE-06,2.56,56.27,01-01-2025 19:40
69aac10e1b0c1bff0a818801,BOX-PUNE-06,2.69,55,01-01-2025 19:50
69aac10e1b0c1bff0a818802,BOX-PUNE-06,2.71,44.94,01-01-2025 20:00
69aac10e1b0c1bff0a818803,BOX-PUNE-06,2.45,47.11,01-01-2025 20:10
69aac10e1b0c1bff0a818804,BOX-PUNE-06,2.48,45.31,01-01-2025 20:20
69aac10e1b0c1bff0a818805,BOX-PUNE-06,2.51,51.4,01-01-2025 20:30
69aac10e1b0c1bff0a818806,BOX-PUNE-06,2.26,49.18,01-01-2025 20:40
69aac10e1b0c1bff0a818807,BOX-PUNE-06,2.36,59.15,01-01-2025 20:50
69aac10e1b0c1bff0a818808,BOX-PUNE-06,2.27,42.09,01-01-2025 21:00
69aac10e1b0c1bff0a818809,BOX-PUNE-06,2.29,41.86,01-01-2025 21:10
69aac10e1b0c1bff0a81880a,BOX-PUNE-06,2.16,53.47,01-01-2025 21:20
69aac10e1b0c1bff0a81880b,BOX-PUNE-06,1.93,42.03,01-01-2025 21:30
69aac10e1b0c1bff0a81880c,BOX-PUNE-06,1.79,49.8,01-01-2025 21:40
69aac10e1b0c1bff0a81880d,BOX-PUNE-06,1.84,49.31,01-01-2025 21:50
69aac10e1b0c1bff0a81880e,BOX-PUNE-06,1.74,43.4,01-01-2025 22:00
69aac10e1b0c1bff0a81880f,BOX-PUNE-06,1.55,49.76,01-01-2025 22:10
69aac10e1b0c1bff0a818810,BOX-PUNE-06,1.26,48.47,01-01-2025 22:20
69aac10e1b0c1bff0a818811,BOX-PUNE-06,1.26,45.85,01-01-2025 22:30
69aac10e1b0c1bff0a818812,BOX-PUNE-06,1.13,50.19,01-01-2025 22:40
69aac10e1b0c1bff0a818813,BOX-PUNE-06,1.12,54.45,01-01-2025 22:50
69aac10e1b0c1bff0a818814,BOX-PUNE-06,1.08,43.19,01-01-2025 23:00
69aac10e1b0c1bff0a818815,BOX-PUNE-06,1.35,42.18,01-01-2025 23:10
69aac10e1b0c1bff0a818816,BOX-PUNE-06,1.23,53.9,01-01-2025 23:20
69aac10e1b0c1bff0a818817,BOX-PUNE-06,1.33,57.28,01-01-2025 23:30
69aac10e1b0c1bff0a818818,BOX-PUNE-06,1.07,51.9,01-01-2025 23:40
69aac10e1b0c1bff0a818819,BOX-PUNE-06,1.04,45.47,01-01-2025 23:50
69aac10e1b0c1bff0a81881a,BOX-PUNE-06,0.96,56.59,02-01-2025 00:00
69aac10e1b0c1bff0a81881b,BOX-PUNE-06,0.77,45.33,02-01-2025 00:10
69aac10e1b0c1bff0a81881c,BOX-PUNE-06,0.62,50.93,02-01-2025 00:20
69aac10e1b0c1bff0a81881d,BOX-PUNE-06,0.73,58.18,02-01-2025 00:30
69aac10e1b0c1bff0a81881e,BOX-PUNE-06,0.69,54.69,02-01-2025 00:40
69aac10e1b0c1bff0a81881f,BOX-PUNE-06,0.64,48.27,02-01-2025 00:50
69aac10e1b0c1bff0a818820,BOX-PUNE-06,0.57,53.65,02-01-2025 01:00
69aac10e1b0c1bff0a818821,BOX-PUNE-06,0.68,43.74,02-01-2025 01:10
69aac10e1b0c1bff0a818822,BOX-PUNE-06,0.8,53.51,02-01-2025 01:20
69aac10e1b0c1bff0a818823,BOX-PUNE-06,0.99,53.76,02-01-2025 01:30
69aac10e1b0c1bff0a818824,BOX-PUNE-06,1.26,51.38,02-01-2025 01:40
69aac10e1b0c1bff0a818825,BOX-PUNE-06,1.06,48.23,02-01-2025 01:50
69aac10e1b0c1bff0a818826,BOX-PUNE-06,0.95,52.92,02-01-2025 02:00
69aac10e1b0c1bff0a818827,BOX-PUNE-06,1.17,48.88,02-01-2025 02:10
69aac10e1b0c1bff0a818828,BOX-PUNE-06,0.92,43.22,02-01-2025 02:20
69aac10e1b0c1bff0a818829,BOX-PUNE-06,1.2,57.65,02-01-2025 02:30
69aac10e1b0c1bff0a81882a,BOX-PUNE-06,1.16,52.69,02-01-2025 02:40
69aac10e1b0c1bff0a81882b,BOX-PUNE-06,1.09,45.5,02-01-2025 02:50
69aac10e1b0c1bff0a81882c,BOX-PUNE-06,0.98,55.52,02-01-2025 03:00
69aac10e1b0c1bff0a81882d,BOX-PUNE-06,1.26,46.56,02-01-2025 03:10
69aac10e1b0c1bff0a81882e,BOX-PUNE-06,1.37,50.34,02-01-2025 03:20
69aac10e1b0c1bff0a81882f,BOX-PUNE-06,1.21,56.98,02-01-2025 03:30
69aac10e1b0c1bff0a818830,BOX-PUNE-06,1.02,50.81,02-01-2025 03:40
69aac10e1b0c1bff0a818831,BOX-PUNE-06,1.04,45.85,02-01-2025 03:50
69aac10e1b0c1bff0a818832,BOX-PUNE-06,1.07,56.04,02-01-2025 04:00
69aac10e1b0c1bff0a818833,BOX-PUNE-06,0.83,47.86,02-01-2025 04:10
69aac10e1b0c1bff0a818834,BOX-PUNE-06,1.03,42.76,02-01-2025 04:20
69aac10e1b0c1bff0a818835,BOX-PUNE-06,1.24,55.19,02-01-2025 04:30
69aac10e1b0c1bff0a818836,BOX-PUNE-06,1.16,54.25,02-01-2025 04:40
69aac10e1b0c1bff0a818837,BOX-PUNE-06,1.23,45.26,02-01-2025 04:50
69aac10e1b0c1bff0a818838,BOX-PUNE-06,1.02,59.31,02-01-2025 05:00
69aac10e1b0c1bff0a818839,BOX-PUNE-06,0.87,49.57,02-01-2025 05:10
69aac10e1b0c1bff0a81883a,BOX-PUNE-06,0.69,46.47,02-01-2025 05:20
69aac10e1b0c1bff0a81883b,BOX-PUNE-06,0.42,50.27,02-01-2025 05:30
69aac10e1b0c1bff0a81883c,BOX-PUNE-06,0.51,48.37,02-01-2025 05:40
69aac10e1b0c1bff0a81883d,BOX-PUNE-06,0.45,54.99,02-01-2025 05:50
69aac10e1b0c1bff0a81883e,BOX-PUNE-06,0.53,55.47,02-01-2025 06:00
69aac10e1b0c1bff0a81883f,BOX-PUNE-06,0.34,51.15,02-01-2025 06:10
69aac10e1b0c1bff0a818840,BOX-PUNE-06,0.53,52.87,02-01-2025 06:20
69aac10e1b0c1bff0a818841,BOX-PUNE-06,0.47,43.5,02-01-2025 06:30
69aac10e1b0c1bff0a818842,BOX-PUNE-06,0.7,50.19,02-01-2025 06:40
69aac10e1b0c1bff0a818843,BOX-PUNE-06,0.79,53.18,02-01-2025 06:50
69aac10e1b0c1bff0a818844,BOX-PUNE-06,0.71,54.93,02-01-2025 07:00
69aac10e1b0c1bff0a818845,BOX-PUNE-06,0.78,41.81,02-01-2025 07:10
69aac10e1b0c1bff0a818846,BOX-PUNE-06,0.71,41.74,02-01-2025 07:20
69aac10e1b0c1bff0a818847,BOX-PUNE-06,0.6,58.32,02-01-2025 07:30
69aac10e1b0c1bff0a818848,BOX-PUNE-06,0.82,45.89,02-01-2025 07:40
69aac10e1b0c1bff0a818849,BOX-PUNE-06,0.53,45.94,02-01-2025 07:50
69aac10e1b0c1bff0a81884a,BOX-PUNE-06,0.68,43.1,02-01-2025 08:00
69aac10e1b0c1bff0a81884b,BOX-PUNE-06,0.48,40.74,02-01-2025 08:10
69aac10e1b0c1bff0a81884c,BOX-PUNE-06,0.64,56.86,02-01-2025 08:20
69aac10e1b0c1bff0a81884d,BOX-PUNE-06,0.59,59.85,02-01-2025 08:30
69aac10e1b0c1bff0a81884e,BOX-PUNE-06,0.65,44.81,02-01-2025 08:40
69aac10e1b0c1bff0a81884f,BOX-PUNE-06,0.83,56.73,02-01-2025 08:50
69aac10e1b0c1bff0a818850,BOX-PUNE-06,0.77,59.92,02-01-2025 09:00
69aac10e1b0c1bff0a818851,BOX-PUNE-06,0.49,43.73,02-01-2025 09:10
69aac10e1b0c1bff0a818852,BOX-PUNE-06,0.39,46.76,02-01-2025 09:20
69aac10e1b0c1bff0a818853,BOX-PUNE-06,0.56,43.85,02-01-2025 09:30
69aac10e1b0c1bff0a818854,BOX-PUNE-06,0.84,45.29,02-01-2025 09:40
69aac10e1b0c1bff0a818855,BOX-PUNE-06,0.84,43.94,02-01-2025 09:50
69aac10e1b0c1bff0a818856,BOX-PUNE-06,0.56,50.06,02-01-2025 10:00
69aac10e1b0c1bff0a818857,BOX-PUNE-06,0.81,53.31,02-01-2025 10:10
69aac10e1b0c1bff0a818858,BOX-PUNE-06,0.95,42.94,02-01-2025 10:20
69aac10e1b0c1bff0a818859,BOX-PUNE-06,0.89,44.23,02-01-2025 10:30
69aac10e1b0c1bff0a81885a,BOX-PUNE-06,0.6,44.54,02-01-2025 10:40
69aac10e1b0c1bff0a81885b,BOX-PUNE-06,0.58,50.95,02-01-2025 10:50
69aac10e1b0c1bff0a81885c,BOX-PUNE-06,0.5,54.8,02-01-2025 11:00
69aac10e1b0c1bff0a81885d,BOX-PUNE-06,0.57,44.27,02-01-2025 11:10
69aac10e1b0c1bff0a81885e,BOX-PUNE-06,0.79,44.19,02-01-2025 11:20
69aac10e1b0c1bff0a81885f,BOX-PUNE-06,0.69,45.82,02-01-2025 11:30
69aac10e1b0c1bff0a818860,BOX-PUNE-06,0.4,51.96,02-01-2025 11:40
69aac10e1b0c1bff0a818861,BOX-PUNE-06,0.25,50.22,02-01-2025 11:50
69aac10e1b0c1bff0a818862,BOX-PUNE-06,0.31,59.91,02-01-2025 12:00
69aac10e1b0c1bff0a818863,BOX-PUNE-06,0.23,50.58,02-01-2025 12:10
69aac10e1b0c1bff0a818864,BOX-PUNE-06,0.49,49.56,02-01-2025 12:20
69aac10e1b0c1bff0a818865,BOX-PUNE-06,0.68,56.18,02-01-2025 12:30
69aac10e1b0c1bff0a818866,BOX-PUNE-06,0.77,41.6,02-01-2025 12:40
69aac10e1b0c1bff0a818867,BOX-PUNE-06,0.49,50.18,02-01-2025 12:50
69aac10e1b0c1bff0a818868,BOX-PUNE-06,0.71,49.71,02-01-2025 13:00
69aac10e1b0c1bff0a818869,BOX-PUNE-06,0.87,58.33,02-01-2025 13:10
69aac10e1b0c1bff0a81886a,BOX-PUNE-06,1.12,50.58,02-01-2025 13:20
69aac10e1b0c1bff0a81886b,BOX-PUNE-06,1.15,43.5,02-01-2025 13:30
69aac10e1b0c1bff0a81886c,BOX-PUNE-06,1.18,56.23,02-01-2025 13:40
69aac10e1b0c1bff0a81886d,BOX-PUNE-06,1.2,42.86,02-01-2025 13:50
69aac10e1b0c1bff0a81886e,BOX-PUNE-06,1.39,44.68,02-01-2025 14:00
69aac10e1b0c1bff0a81886f,BOX-PUNE-06,1.31,43.3,02-01-2025 14:10
69aac10e1b0c1bff0a818870,BOX-PUNE-06,1.23,59.81,02-01-2025 14:20
69aac10e1b0c1bff0a818871,BOX-PUNE-06,1.33,50.63,02-01-2025 14:30
69aac10e1b0c1bff0a818872,BOX-PUNE-06,1.49,50.14,02-01-2025 14:40
69aac10e1b0c1bff0a818873,BOX-PUNE-06,1.72,55.73,02-01-2025 14:50
69aac10e1b0c1bff0a818874,BOX-PUNE-06,1.83,54.64,02-01-2025 15:00
69aac10e1b0c1bff0a818875,BOX-PUNE-06,1.66,49.17,02-01-2025 15:10
69aac10e1b0c1bff0a818876,BOX-PUNE-06,1.53,40.32,02-01-2025 15:20
69aac10e1b0c1bff0a818877,BOX-PUNE-06,1.8,44.89,02-01-2025 15:30
69aac10e1b0c1bff0a818878,BOX-PUNE-06,1.87,40.21,02-01-2025 15:40
69aac10e1b0c1bff0a818879,BOX-PUNE-06,2.03,44.67,02-01-2025 15:50
69aac10e1b0c1bff0a81887a,BOX-PUNE-06,2.07,53.12,02-01-2025 16:00
69aac10e1b0c1bff0a81887b,BOX-PUNE-06,2.21,54.7,02-01-2025 16:10
69aac10e1b0c1bff0a81887c,BOX-PUNE-06,2.37,53.91,02-01-2025 16:20
69aac10e1b0c1bff0a81887d,BOX-PUNE-06,2.26,46.16,02-01-2025 16:30
69aac10e1b0c1bff0a81887e,BOX-PUNE-06,2.33,57.74,02-01-2025 16:40
69aac10e1b0c1bff0a81887f,BOX-PUNE-06,2.16,51.57,02-01-2025 16:50
69aac10e1b0c1bff0a818880,BOX-PUNE-06,2.01,53.37,02-01-2025 17:00
69aac10e1b0c1bff0a818881,BOX-PUNE-06,2.2,53.07,02-01-2025 17:10
69aac10e1b0c1bff0a818882,BOX-PUNE-06,2.48,50.15,02-01-2025 17:20
69aac10e1b0c1bff0a818883,BOX-PUNE-06,2.22,44.38,02-01-2025 17:30
69aac10e1b0c1bff0a818884,BOX-PUNE-06,2.33,50.79,02-01-2025 17:40
69aac10e1b0c1bff0a818885,BOX-PUNE-06,2.42,44.75,02-01-2025 17:50
69aac10e1b0c1bff0a818886,BOX-PUNE-06,2.65,42.22,02-01-2025 18:00
69aac10e1b0c1bff0a818887,BOX-PUNE-06,2.51,45.39,02-01-2025 18:10
69aac10e1b0c1bff0a818888,BOX-PUNE-06,2.33,52.54,02-01-2025 18:20
69aac10e1b0c1bff0a818889,BOX-PUNE-06,2.15,56.28,02-01-2025 18:30
69aac10e1b0c1bff0a81888a,BOX-PUNE-06,2.3,54.37,02-01-2025 18:40
69aac10e1b0c1bff0a81888b,BOX-PUNE-06,2.19,59.06,02-01-2025 18:50
69aac10e1b0c1bff0a81888c,BOX-PUNE-06,2.45,44.38,02-01-2025 19:00
69aac10e1b0c1bff0a81888d,BOX-PUNE-06,2.38,55.3,02-01-2025 19:10
69aac10e1b0c1bff0a81888e,BOX-PUNE-06,2.18,54.72,02-01-2025 19:20
69aac10e1b0c1bff0a81888f,BOX-PUNE-06,2.47,45.91,02-01-2025 19:30
69aac10e1b0c1bff0a818890,BOX-PUNE-06,2.69,48.39,02-01-2025 19:40
69aac10e1b0c1bff0a818891,BOX-PUNE-06,2.98,41.55,02-01-2025 19:50
69aac10e1b0c1bff0a818892,BOX-PUNE-06,2.94,50.64,02-01-2025 20:00
69aac10e1b0c1bff0a818893,BOX-PUNE-06,2.81,44.25,02-01-2025 20:10
69aac10e1b0c1bff0a818894,BOX-PUNE-06,3.06,43.56,02-01-2025 20:20
69aac10e1b0c1bff0a818895,BOX-PUNE-06,3.2,54.51,02-01-2025 20:30
69aac10e1b0c1bff0a818896,BOX-PUNE-06,2.91,56.57,02-01-2025 20:40
69aac10e1b0c1bff0a818897,BOX-PUNE-06,2.83,43.94,02-01-2025 20:50
69aac10e1b0c1bff0a818898,BOX-PUNE-06,3.04,53.84,02-01-2025 21:00
69aac10e1b0c1bff0a818899,BOX-PUNE-06,3,58.99,02-01-2025 21:10
69aac10e1b0c1bff0a81889a,BOX-PUNE-06,3.08,40.45,02-01-2025 21:20
69aac10e1b0c1bff0a81889b,BOX-PUNE-06,2.88,52.08,02-01-2025 21:30
69aac10e1b0c1bff0a81889c,BOX-PUNE-06,3.01,43.41,02-01-2025 21:40
69aac10e1b0c1bff0a81889d,BOX-PUNE-06,3.04,43.25,02-01-2025 21:50
69aac10e1b0c1bff0a81889e,BOX-PUNE-06,2.91,59.01,02-01-2025 22:00
69aac10e1b0c1bff0a81889f,BOX-PUNE-06,2.88,50.76,02-01-2025 22:10
69aac10e1b0c1bff0a8188a0,BOX-PUNE-06,2.99,41.84,02-01-2025 22:20
69aac10e1b0c1bff0a8188a1,BOX-PUNE-06,3.24,48.46,02-01-2025 22:30
69aac10e1b0c1bff0a8188a2,BOX-PUNE-06,3.26,56.57,02-01-2025 22:40
69aac10e1b0c1bff0a8188a3,BOX-PUNE-06,3.35,54.22,02-01-2025 22:50
69aac10e1b0c1bff0a8188a4,BOX-PUNE-06,3.27,55.63,02-01-2025 23:00
69aac10e1b0c1bff0a8188a5,BOX-PUNE-06,3.47,42.34,02-01-2025 23:10
69aac10e1b0c1bff0a8188a6,BOX-PUNE-06,3.55,55.24,02-01-2025 23:20
69aac10e1b0c1bff0a8188a7,BOX-PUNE-06,3.37,54.78,02-01-2025 23:30
69aac10e1b0c1bff0a8188a8,BOX-PUNE-06,3.34,55.64,02-01-2025 23:40
69aac10e1b0c1bff0a8188a9,BOX-PUNE-06,3.39,56.83,02-01-2025 23:50
69aac10e1b0c1bff0a8188aa,BOX-PUNE-06,3.29,53.14,03-01-2025 00:00
69aac10e1b0c1bff0a8188ab,BOX-PUNE-06,3.45,50.64,03-01-2025 00:10
69aac10e1b0c1bff0a8188ac,BOX-PUNE-06,3.41,44.48,03-01-2025 00:20
69aac10e1b0c1bff0a8188ad,BOX-PUNE-06,3.39,59.59,03-01-2025 00:30
69aac10e1b0c1bff0a8188ae,BOX-PUNE-06,3.24,45.57,03-01-2025 00:40
69aac10e1b0c1bff0a8188af,BOX-PUNE-06,3.53,41.06,03-01-2025 00:50
69aac10e1b0c1bff0a8188b0,BOX-PUNE-06,3.33,59.9,03-01-2025 01:00
69aac10e1b0c1bff0a8188b1,BOX-PUNE-06,3.12,45.56,03-01-2025 01:10
69aac10e1b0c1bff0a8188b2,BOX-PUNE-06,3.17,51.81,03-01-2025 01:20
69aac10e1b0c1bff0a8188b3,BOX-PUNE-06,3.07,55.38,03-01-2025 01:30
69aac10e1b0c1bff0a8188b4,BOX-PUNE-06,3.23,42.26,03-01-2025 01:40
69aac10e1b0c1bff0a8188b5,BOX-PUNE-06,3.14,46.63,03-01-2025 01:50
69aac10e1b0c1bff0a8188b6,BOX-PUNE-06,3.38,46.05,03-01-2025 02:00
69aac10e1b0c1bff0a8188b7,BOX-PUNE-06,3.09,49.18,03-01-2025 02:10
69aac10e1b0c1bff0a8188b8,BOX-PUNE-06,3,51.82,03-01-2025 02:20
69aac10e1b0c1bff0a8188b9,BOX-PUNE-06,3.1,45.43,03-01-2025 02:30
69aac10e1b0c1bff0a8188ba,BOX-PUNE-06,2.98,50.39,03-01-2025 02:40
69aac10e1b0c1bff0a8188bb,BOX-PUNE-06,2.97,46.44,03-01-2025 02:50
69aac10e1b0c1bff0a8188bc,BOX-PUNE-06,3.06,59.17,03-01-2025 03:00
69aac10e1b0c1bff0a8188bd,BOX-PUNE-06,3.28,56.78,03-01-2025 03:10
69aac10e1b0c1bff0a8188be,BOX-PUNE-06,3.13,41.8,03-01-2025 03:20
69aac10e1b0c1bff0a8188bf,BOX-PUNE-06,2.94,46.7,03-01-2025 03:30
69aac10e1b0c1bff0a8188c0,BOX-PUNE-06,2.92,58.29,03-01-2025 03:40
69aac10e1b0c1bff0a8188c1,BOX-PUNE-06,2.71,51.68,03-01-2025 03:50
69aac10e1b0c1bff0a8188c2,BOX-PUNE-06,2.77,58.27,03-01-2025 04:00
69aac10e1b0c1bff0a8188c3,BOX-PUNE-06,2.57,46.78,03-01-2025 04:10
69aac10e1b0c1bff0a8188c4,BOX-PUNE-06,2.29,49.38,03-01-2025 04:20
69aac10e1b0c1bff0a8188c5,BOX-PUNE-06,2.53,49.14,03-01-2025 04:30
69aac10e1b0c1bff0a8188c6,BOX-PUNE-06,2.72,46.62,03-01-2025 04:40
69aac10e1b0c1bff0a8188c7,BOX-PUNE-06,2.84,42.92,03-01-2025 04:50
69aac10e1b0c1bff0a8188c8,BOX-PUNE-06,3.09,58.58,03-01-2025 05:00
69aac10e1b0c1bff0a8188c9,BOX-PUNE-06,2.83,52.93,03-01-2025 05:10
69aac10e1b0c1bff0a8188ca,BOX-PUNE-06,2.73,54.01,03-01-2025 05:20
69aac10e1b0c1bff0a8188cb,BOX-PUNE-06,2.62,49.98,03-01-2025 05:30
69aac10e1b0c1bff0a8188cc,BOX-PUNE-06,2.39,59.17,03-01-2025 05:40
69aac10e1b0c1bff0a8188cd,BOX-PUNE-06,2.27,44.72,03-01-2025 05:50
69aac10e1b0c1bff0a8188ce,BOX-PUNE-06,2.52,58.83,03-01-2025 06:00
69aac10e1b0c1bff0a8188cf,BOX-PUNE-06,2.23,49.54,03-01-2025 06:10
69aac10e1b0c1bff0a8188d0,BOX-PUNE-06,2.32,58.77,03-01-2025 06:20
69aac10e1b0c1bff0a8188d1,BOX-PUNE-06,2.35,40.96,03-01-2025 06:30
69aac10e1b0c1bff0a8188d2,BOX-PUNE-06,2.53,53.16,03-01-2025 06:40
69aac10e1b0c1bff0a8188d3,BOX-PUNE-06,2.5,48.81,03-01-2025 06:50
69aac10e1b0c1bff0a8188d4,BOX-PUNE-06,2.65,40.25,03-01-2025 07:00
69aac10e1b0c1bff0a8188d5,BOX-PUNE-06,2.46,58.62,03-01-2025 07:10
69aac10e1b0c1bff0a8188d6,BOX-PUNE-06,2.54,45.82,03-01-2025 07:20
69aac10e1b0c1bff0a8188d7,BOX-PUNE-06,2.52,43.54,03-01-2025 07:30
69aac10e1b0c1bff0a8188d8,BOX-PUNE-06,2.58,50.22,03-01-2025 07:40
69aac10e1b0c1bff0a8188d9,BOX-PUNE-06,2.44,41.95,03-01-2025 07:50
69aac10e1b0c1bff0a8188da,BOX-PUNE-06,2.18,58.74,03-01-2025 08:00
69aac10e1b0c1bff0a8188db,BOX-PUNE-06,1.89,55.79,03-01-2025 08:10
69aac10e1b0c1bff0a8188dc,BOX-PUNE-06,1.81,57.64,03-01-2025 08:20
69aac10e1b0c1bff0a8188dd,BOX-PUNE-06,1.87,51.62,03-01-2025 08:30
69aac10e1b0c1bff0a8188de,BOX-PUNE-06,2.16,43.77,03-01-2025 08:40
69aac10e1b0c1bff0a8188df,BOX-PUNE-06,1.88,42.83,03-01-2025 08:50
69aac10e1b0c1bff0a8188e0,BOX-PUNE-06,2.02,42.41,03-01-2025 09:00
69aac10e1b0c1bff0a8188e1,BOX-PUNE-06,2.25,58.67,03-01-2025 09:10
69aac10e1b0c1bff0a8188e2,BOX-PUNE-06,2.22,45.66,03-01-2025 09:20
69aac10e1b0c1bff0a8188e3,BOX-PUNE-06,2.14,45.17,03-01-2025 09:30
69aac10e1b0c1bff0a8188e4,BOX-PUNE-06,2.26,59.9,03-01-2025 09:40
69aac10e1b0c1bff0a8188e5,BOX-PUNE-06,2.34,48.94,03-01-2025 09:50
69aac10e1b0c1bff0a8188e6,BOX-PUNE-06,2.53,54.8,03-01-2025 10:00
69aac10e1b0c1bff0a8188e7,BOX-PUNE-06,2.74,40.22,03-01-2025 10:10
69aac10e1b0c1bff0a8188e8,BOX-PUNE-06,2.71,51.7,03-01-2025 10:20
69aac10e1b0c1bff0a8188e9,BOX-PUNE-06,2.44,40.78,03-01-2025 10:30
69aac10e1b0c1bff0a8188ea,BOX-PUNE-06,2.23,48.11,03-01-2025 10:40
69aac10e1b0c1bff0a8188eb,BOX-PUNE-06,1.94,54.84,03-01-2025 10:50
69aac10e1b0c1bff0a8188ec,BOX-PUNE-06,1.88,56.66,03-01-2025 11:00
69aac10e1b0c1bff0a8188ed,BOX-PUNE-06,2.03,47.89,03-01-2025 11:10
69aac10e1b0c1bff0a8188ee,BOX-PUNE-06,2.24,54.15,03-01-2025 11:20
69aac10e1b0c1bff0a8188ef,BOX-PUNE-06,1.95,56.21,03-01-2025 11:30
69aac10e1b0c1bff0a8188f0,BOX-PUNE-06,1.79,55.65,03-01-2025 11:40
69aac10e1b0c1bff0a8188f1,BOX-PUNE-06,1.89,41.87,03-01-2025 11:50
69aac10e1b0c1bff0a8188f2,BOX-PUNE-06,1.6,41.98,03-01-2025 12:00
69aac10e1b0c1bff0a8188f3,BOX-PUNE-06,1.8,51.85,03-01-2025 12:10
69aac10e1b0c1bff0a8188f4,BOX-PUNE-06,1.82,45.94,03-01-2025 12:20
69aac10e1b0c1bff0a8188f5,BOX-PUNE-06,2.04,52.29,03-01-2025 12:30
69aac10e1b0c1bff0a8188f6,BOX-PUNE-06,1.84,45.23,03-01-2025 12:40
69aac10e1b0c1bff0a8188f7,BOX-PUNE-06,1.8,42.3,03-01-2025 12:50
69aac10e1b0c1bff0a8188f8,BOX-PUNE-06,1.95,52.9,03-01-2025 13:00
69aac10e1b0c1bff0a8188f9,BOX-PUNE-06,2.19,52.62,03-01-2025 13:10
69aac10e1b0c1bff0a8188fa,BOX-PUNE-06,1.92,40.81,03-01-2025 13:20
69aac10e1b0c1bff0a8188fb,BOX-PUNE-06,1.69,53.55,03-01-2025 13:30
69aac10e1b0c1bff0a8188fc,BOX-PUNE-06,1.72,41.29,03-01-2025 13:40
69aac10e1b0c1bff0a8188fd,BOX-PUNE-06,1.93,41.64,03-01-2025 13:50
69aac10e1b0c1bff0a8188fe,BOX-PUNE-06,2.11,45.16,03-01-2025 14:00
69aac10e1b0c1bff0a8188ff,BOX-PUNE-06,1.86,49.22,03-01-2025 14:10
69aac10e1b0c1bff0a818900,BOX-PUNE-06,1.95,44.48,03-01-2025 14:20
69aac10e1b0c1bff0a818901,BOX-PUNE-06,1.91,59.55,03-01-2025 14:30
69aac10e1b0c1bff0a818902,BOX-PUNE-06,2,51.5,03-01-2025 14:40
69aac10e1b0c1bff0a818903,BOX-PUNE-06,1.99,41.67,03-01-2025 14:50
69aac10e1b0c1bff0a818904,BOX-PUNE-06,2.04,52.27,03-01-2025 15:00
69aac10e1b0c1bff0a818905,BOX-PUNE-06,1.75,44.02,03-01-2025 15:10
69aac10e1b0c1bff0a818906,BOX-PUNE-06,1.92,54.42,03-01-2025 15:20
69aac10e1b0c1bff0a818907,BOX-PUNE-06,1.93,52.41,03-01-2025 15:30
69aac10e1b0c1bff0a818908,BOX-PUNE-06,1.68,53.26,03-01-2025 15:40
69aac10e1b0c1bff0a818909,BOX-PUNE-06,1.6,55.18,03-01-2025 15:50
69aac10e1b0c1bff0a81890a,BOX-PUNE-06,1.76,48.34,03-01-2025 16:00
69aac10e1b0c1bff0a81890b,BOX-PUNE-06,1.54,45.84,03-01-2025 16:10
69aac10e1b0c1bff0a81890c,BOX-PUNE-06,1.38,44.69,03-01-2025 16:20
69aac10e1b0c1bff0a81890d,BOX-PUNE-06,1.45,55.27,03-01-2025 16:30
69aac10e1b0c1bff0a81890e,BOX-PUNE-06,1.22,44.12,03-01-2025 16:40
69aac10e1b0c1bff0a81890f,BOX-PUNE-06,1.22,56.51,03-01-2025 16:50
69aac10e1b0c1bff0a818910,BOX-PUNE-06,1.17,48.19,03-01-2025 17:00
69aac10e1b0c1bff0a818911,BOX-PUNE-06,1,57.54,03-01-2025 17:10
69aac10e1b0c1bff0a818912,BOX-PUNE-06,0.75,46.63,03-01-2025 17:20
69aac10e1b0c1bff0a818913,BOX-PUNE-06,0.86,44.73,03-01-2025 17:30
69aac10e1b0c1bff0a818914,BOX-PUNE-06,0.7,49.73,03-01-2025 17:40
69aac10e1b0c1bff0a818915,BOX-PUNE-06,0.65,52.06,03-01-2025 17:50
69aac10e1b0c1bff0a818916,BOX-PUNE-06,0.38,53.23,03-01-2025 18:00
69aac10e1b0c1bff0a818917,BOX-PUNE-06,0.08,48.25,03-01-2025 18:10
69aac10e1b0c1bff0a818918,BOX-PUNE-06,-0.06,43.63,03-01-2025 18:20
69aac10e1b0c1bff0a818919,BOX-PUNE-06,-0.33,56.92,03-01-2025 18:30
69aac10e1b0c1bff0a81891a,BOX-PUNE-06,-0.15,56.92,03-01-2025 18:40
69aac10e1b0c1bff0a81891b,BOX-PUNE-06,-0.45,44.2,03-01-2025 18:50
69aac10e1b0c1bff0a81891c,BOX-PUNE-06,-0.58,43.37,03-01-2025 19:00
69aac10e1b0c1bff0a81891d,BOX-PUNE-06,-0.43,43.91,03-01-2025 19:10
69aac10e1b0c1bff0a81891e,BOX-PUNE-06,-0.39,42.27,03-01-2025 19:20
69aac10e1b0c1bff0a81891f,BOX-PUNE-06,-0.68,51.62,03-01-2025 19:30
69aac10e1b0c1bff0a818920,BOX-PUNE-06,-0.52,44.79,03-01-2025 19:40
69aac10e1b0c1bff0a818921,BOX-PUNE-06,-0.62,59.5,03-01-2025 19:50
69aac10e1b0c1bff0a818922,BOX-PUNE-06,-0.5,56.71,03-01-2025 20:00
69aac10e1b0c1bff0a818923,BOX-PUNE-06,-0.78,59.11,03-01-2025 20:10
69aac10e1b0c1bff0a818924,BOX-PUNE-06,-1.04,44.22,03-01-2025 20:20
69aac10e1b0c1bff0a818925,BOX-PUNE-06,-0.97,59.08,03-01-2025 20:30
69aac10e1b0c1bff0a818926,BOX-PUNE-06,-1.12,53.61,03-01-2025 20:40
69aac10e1b0c1bff0a818927,BOX-PUNE-06,-1.36,41.49,03-01-2025 20:50
69aac10e1b0c1bff0a818928,BOX-PUNE-06,-1.07,42.71,03-01-2025 21:00
69aac10e1b0c1bff0a818929,BOX-PUNE-06,-1.26,54.73,03-01-2025 21:10
69aac10e1b0c1bff0a81892a,BOX-PUNE-06,-1.48,50.69,03-01-2025 21:20
69aac10e1b0c1bff0a81892b,BOX-PUNE-06,-1.33,40.01,03-01-2025 21:30
69aac10e1b0c1bff0a81892c,BOX-PUNE-06,-1.15,43.18,03-01-2025 21:40
69aac10e1b0c1bff0a81892d,BOX-PUNE-06,-1.3,59.58,03-01-2025 21:50
69aac10e1b0c1bff0a81892e,BOX-PUNE-06,-1.36,44.34,03-01-2025 22:00
69aac10e1b0c1bff0a81892f,BOX-PUNE-06,-1.22,58.85,03-01-2025 22:10
69aac10e1b0c1bff0a818930,BOX-PUNE-06,-1.39,41.47,03-01-2025 22:20
69aac10e1b0c1bff0a818931,BOX-PUNE-06,-1.24,40.48,03-01-2025 22:30
69aac10e1b0c1bff0a818932,BOX-PUNE-06,-1.33,59.75,03-01-2025 22:40
69aac10e1b0c1bff0a818933,BOX-PUNE-06,-1.47,55.6,03-01-2025 22:50
69aac10e1b0c1bff0a818934,BOX-PUNE-06,-1.44,56.88,03-01-2025 23:00
69aac10e1b0c1bff0a818935,BOX-PUNE-06,-1.69,42.92,03-01-2025 23:10
69aac10e1b0c1bff0a818936,BOX-PUNE-06,-1.63,42.23,03-01-2025 23:20
69aac10e1b0c1bff0a818937,BOX-PUNE-06,-1.92,42.86,03-01-2025 23:30
69aac10e1b0c1bff0a818938,BOX-PUNE-06,-1.97,49.84,03-01-2025 23:40
69aac10e1b0c1bff0a818939,BOX-PUNE-06,-2.21,59.8,03-01-2025 23:50
69aac10e1b0c1bff0a81893a,BOX-PUNE-06,-1.96,58.74,04-01-2025 00:00
69aac10e1b0c1bff0a81893b,BOX-PUNE-06,-2.25,43.71,04-01-2025 00:10
69aac10e1b0c1bff0a81893c,BOX-PUNE-06,-2.33,56.59,04-01-2025 00:20
69aac10e1b0c1bff0a81893d,BOX-PUNE-06,-2.42,50.01,04-01-2025 00:30
69aac10e1b0c1bff0a81893e,BOX-PUNE-06,-2.26,47.15,04-01-2025 00:40
69aac10e1b0c1bff0a81893f,BOX-PUNE-06,-2.34,56.26,04-01-2025 00:50
69aac10e1b0c1bff0a818940,BOX-PUNE-06,-2.16,47.12,04-01-2025 01:00
69aac10e1b0c1bff0a818941,BOX-PUNE-06,-1.92,46.03,04-01-2025 01:10
69aac10e1b0c1bff0a818942,BOX-PUNE-06,-1.66,54.18,04-01-2025 01:20
69aac10e1b0c1bff0a818943,BOX-PUNE-06,-1.79,52.05,04-01-2025 01:30
69aac10e1b0c1bff0a818944,BOX-PUNE-06,-1.6,40.89,04-01-2025 01:40
69aac10e1b0c1bff0a818945,BOX-PUNE-06,-1.77,54.89,04-01-2025 01:50
69aac10e1b0c1bff0a818946,BOX-PUNE-06,-1.97,41.66,04-01-2025 02:00
69aac10e1b0c1bff0a818947,BOX-PUNE-06,-2.26,47.91,04-01-2025 02:10
69aac10e1b0c1bff0a818948,BOX-PUNE-06,-1.97,58.12,04-01-2025 02:20
69aac10e1b0c1bff0a818949,BOX-PUNE-06,-1.72,50.48,04-01-2025 02:30
69aac10e1b0c1bff0a81894a,BOX-PUNE-06,-1.67,44.48,04-01-2025 02:40
69aac10e1b0c1bff0a81894b,BOX-PUNE-06,-1.4,50.74,04-01-2025 02:50
69aac10e1b0c1bff0a81894c,BOX-PUNE-06,-1.34,50.66,04-01-2025 03:00
69aac10e1b0c1bff0a81894d,BOX-PUNE-06,-1.31,54.2,04-01-2025 03:10
69aac10e1b0c1bff0a81894e,BOX-PUNE-06,-1.58,40.59,04-01-2025 03:20
69aac10e1b0c1bff0a81894f,BOX-PUNE-06,-1.39,59.9,04-01-2025 03:30
69aac10e1b0c1bff0a818950,BOX-PUNE-06,-1.53,57.62,04-01-2025 03:40
69aac10e1b0c1bff0a818951,BOX-PUNE-06,-1.72,51.25,04-01-2025 03:50
69aac10e1b0c1bff0a818952,BOX-PUNE-06,-1.44,42.27,04-01-2025 04:00
69aac10e1b0c1bff0a818953,BOX-PUNE-06,-1.15,58.19,04-01-2025 04:10
69aac10e1b0c1bff0a818954,BOX-PUNE-06,-1.14,42,04-01-2025 04:20
69aac10e1b0c1bff0a818955,BOX-PUNE-06,-1.16,46.28,04-01-2025 04:30
69aac10e1b0c1bff0a818956,BOX-PUNE-06,-0.95,41.27,04-01-2025 04:40
69aac10e1b0c1bff0a818957,BOX-PUNE-06,-0.66,47.66,04-01-2025 04:50
69aac10e1b0c1bff0a818958,BOX-PUNE-06,-0.74,54.47,04-01-2025 05:00
69aac10e1b0c1bff0a818959,BOX-PUNE-06,-0.81,47.74,04-01-2025 05:10
69aac10e1b0c1bff0a81895a,BOX-PUNE-06,-0.67,49.57,04-01-2025 05:20
69aac10e1b0c1bff0a81895b,BOX-PUNE-06,-0.51,44.23,04-01-2025 05:30
69aac10e1b0c1bff0a81895c,BOX-PUNE-06,-0.46,40.4,04-01-2025 05:40
69aac10e1b0c1bff0a81895d,BOX-PUNE-06,-0.7,51.89,04-01-2025 05:50
69aac10e1b0c1bff0a81895e,BOX-PUNE-06,-0.85,51.17,04-01-2025 06:00
69aac10e1b0c1bff0a81895f,BOX-PUNE-06,-1.01,47.7,04-01-2025 06:10
69aac10e1b0c1bff0a818960,BOX-PUNE-06,-1.17,43.56,04-01-2025 06:20
69aac10e1b0c1bff0a818961,BOX-PUNE-06,-1.47,44.73,04-01-2025 06:30
69aac10e1b0c1bff0a818962,BOX-PUNE-06,-1.65,59.82,04-01-2025 06:40
69aac10e1b0c1bff0a818963,BOX-PUNE-06,-1.42,49.69,04-01-2025 06:50
69aac10e1b0c1bff0a818964,BOX-PUNE-06,-1.56,53.95,04-01-2025 07:00
69aac10e1b0c1bff0a818965,BOX-PUNE-06,-1.7,47.22,04-01-2025 07:10
69aac10e1b0c1bff0a818966,BOX-PUNE-06,-1.93,45.49,04-01-2025 07:20
69aac10e1b0c1bff0a818967,BOX-PUNE-06,-2.22,41.36,04-01-2025 07:30
69aac10e1b0c1bff0a818968,BOX-PUNE-06,-2.21,53.78,04-01-2025 07:40
69aac10e1b0c1bff0a818969,BOX-PUNE-06,-2.44,50.57,04-01-2025 07:50
69aac10e1b0c1bff0a81896a,BOX-PUNE-06,-2.21,41.25,04-01-2025 08:00
69aac10e1b0c1bff0a81896b,BOX-PUNE-06,-2.46,45.32,04-01-2025 08:10
69aac10e1b0c1bff0a81896c,BOX-PUNE-06,-2.56,48.24,04-01-2025 08:20
69aac10e1b0c1bff0a81896d,BOX-PUNE-06,-2.39,41.4,04-01-2025 08:30
69aac10e1b0c1bff0a81896e,BOX-PUNE-06,-2.58,51.93,04-01-2025 08:40
69aac10e1b0c1bff0a81896f,BOX-PUNE-06,-2.51,42.39,04-01-2025 08:50
69aac10e1b0c1bff0a818970,BOX-PUNE-06,-2.5,46.02,04-01-2025 09:00
69aac10e1b0c1bff0a818971,BOX-PUNE-06,-2.34,56.12,04-01-2025 09:10
69aac10e1b0c1bff0a818972,BOX-PUNE-06,-2.3,50.89,04-01-2025 09:20
69aac10e1b0c1bff0a818973,BOX-PUNE-06,-2.41,58.4,04-01-2025 09:30
69aac10e1b0c1bff0a818974,BOX-PUNE-06,-2.67,56.81,04-01-2025 09:40
69aac10e1b0c1bff0a818975,BOX-PUNE-06,-2.53,58.05,04-01-2025 09:50
69aac10e1b0c1bff0a818976,BOX-PUNE-06,-2.23,47.06,04-01-2025 10:00
69aac10e1b0c1bff0a818977,BOX-PUNE-06,-2.26,41.16,04-01-2025 10:10
69aac10e1b0c1bff0a818978,BOX-PUNE-06,-2.5,43.85,04-01-2025 10:20
69aac10e1b0c1bff0a818979,BOX-PUNE-06,-2.68,41.97,04-01-2025 10:30
69aac10e1b0c1bff0a81897a,BOX-PUNE-06,-2.39,59.42,04-01-2025 10:40
69aac10e1b0c1bff0a81897b,BOX-PUNE-06,-2.4,58.02,04-01-2025 10:50
69aac10e1b0c1bff0a81897c,BOX-PUNE-06,-2.25,45.51,04-01-2025 11:00
69aac10e1b0c1bff0a81897d,BOX-PUNE-06,-1.98,59.15,04-01-2025 11:10
69aac10e1b0c1bff0a81897e,BOX-PUNE-06,-1.86,52.52,04-01-2025 11:20
69aac10e1b0c1bff0a81897f,BOX-PUNE-06,-1.97,53.18,04-01-2025 11:30
69aac10e1b0c1bff0a818980,BOX-PUNE-06,-1.86,44.07,04-01-2025 11:40
69aac10e1b0c1bff0a818981,BOX-PUNE-06,-1.65,47.03,04-01-2025 11:50
69aac10e1b0c1bff0a818982,BOX-PUNE-06,-1.9,56.67,04-01-2025 12:00
69aac10e1b0c1bff0a818983,BOX-PUNE-06,-1.86,41.54,04-01-2025 12:10
69aac10e1b0c1bff0a818984,BOX-PUNE-06,-2.08,43.44,04-01-2025 12:20
69aac10e1b0c1bff0a818985,BOX-PUNE-06,-2.22,41.03,04-01-2025 12:30
69aac10e1b0c1bff0a818986,BOX-PUNE-06,-2.3,55.08,04-01-2025 12:40
69aac10e1b0c1bff0a818987,BOX-PUNE-06,-2.34,57.39,04-01-2025 12:50
69aac10e1b0c1bff0a818988,BOX-PUNE-06,-2.18,40.73,04-01-2025 13:00
69aac10e1b0c1bff0a818989,BOX-PUNE-06,-2.11,59.29,04-01-2025 13:10
69aac10e1b0c1bff0a81898a,BOX-PUNE-06,-2.34,57.93,04-01-2025 13:20
69aac10e1b0c1bff0a81898b,BOX-PUNE-06,-2.19,48.79,04-01-2025 13:30
69aac10e1b0c1bff0a81898c,BOX-PUNE-06,-2.32,57.37,04-01-2025 13:40
69aac10e1b0c1bff0a81898d,BOX-PUNE-06,-2.27,41.58,04-01-2025 13:50
69aac10e1b0c1bff0a81898e,BOX-PUNE-06,-2.08,43.59,04-01-2025 14:00
69aac10e1b0c1bff0a81898f,BOX-PUNE-06,-1.98,56.33,04-01-2025 14:10
69aac10e1b0c1bff0a818990,BOX-PUNE-06,-2.11,57.52,04-01-2025 14:20
69aac10e1b0c1bff0a818991,BOX-PUNE-06,-2.26,43.8,04-01-2025 14:30
69aac10e1b0c1bff0a818992,BOX-PUNE-06,-2.47,55.28,04-01-2025 14:40
69aac10e1b0c1bff0a818993,BOX-PUNE-06,-2.28,45.49,04-01-2025 14:50
69aac10e1b0c1bff0a818994,BOX-PUNE-06,-2.51,49.09,04-01-2025 15:00
69aac10e1b0c1bff0a818995,BOX-PUNE-06,-2.25,45.84,04-01-2025 15:10
69aac10e1b0c1bff0a818996,BOX-PUNE-06,-2.31,59.56,04-01-2025 15:20
69aac10e1b0c1bff0a818997,BOX-PUNE-06,-2.11,47.3,04-01-2025 15:30
69aac10e1b0c1bff0a818998,BOX-PUNE-06,-2.06,55.8,04-01-2025 15:40
69aac10e1b0c1bff0a818999,BOX-PUNE-06,-2.19,50.31,04-01-2025 15:50
69aac10e1b0c1bff0a81899a,BOX-PUNE-06,-2.25,49.89,04-01-2025 16:00
69aac10e1b0c1bff0a81899b,BOX-PUNE-06,-2.53,55.2,04-01-2025 16:10
69aac10e1b0c1bff0a81899c,BOX-PUNE-06,-2.37,49.53,04-01-2025 16:20
69aac10e1b0c1bff0a81899d,BOX-PUNE-06,-2.58,43.96,04-01-2025 16:30
69aac10e1b0c1bff0a81899e,BOX-PUNE-06,-2.77,56.97,04-01-2025 16:40
69aac10e1b0c1bff0a81899f,BOX-PUNE-06,-3.06,59.97,04-01-2025 16:50
69aac10e1b0c1bff0a8189a0,BOX-PUNE-06,-2.91,57.62,04-01-2025 17:00
69aac10e1b0c1bff0a8189a1,BOX-PUNE-06,-2.7,52.2,04-01-2025 17:10
69aac10e1b0c1bff0a8189a2,BOX-PUNE-06,-2.64,40.62,04-01-2025 17:20
69aac10e1b0c1bff0a8189a3,BOX-PUNE-06,-2.83,40.79,04-01-2025 17:30
69aac10e1b0c1bff0a8189a4,BOX-PUNE-06,-2.91,50.81,04-01-2025 17:40
69aac10e1b0c1bff0a8189a5,BOX-PUNE-06,-3.11,47.04,04-01-2025 17:50
69aac10e1b0c1bff0a8189a6,BOX-PUNE-06,-3.38,49.29,04-01-2025 18:00
69aac10e1b0c1bff0a8189a7,BOX-PUNE-06,-3.46,59.76,04-01-2025 18:10
69aac10e1b0c1bff0a8189a8,BOX-PUNE-06,-3.33,47.75,04-01-2025 18:20
69aac10e1b0c1bff0a8189a9,BOX-PUNE-06,-3.44,50.03,04-01-2025 18:30
69aac10e1b0c1bff0a8189aa,BOX-PUNE-06,-3.35,43.58,04-01-2025 18:40
69aac10e1b0c1bff0a8189ab,BOX-PUNE-06,-3.5,54.17,04-01-2025 18:50
69aac10e1b0c1bff0a8189ac,BOX-PUNE-06,-3.65,50,04-01-2025 19:00
69aac10e1b0c1bff0a8189ad,BOX-PUNE-06,-3.37,54.64,04-01-2025 19:10
69aac10e1b0c1bff0a8189ae,BOX-PUNE-06,-3.3,58.36,04-01-2025 19:20
69aac10e1b0c1bff0a8189af,BOX-PUNE-06,-3.15,53.22,04-01-2025 19:30
69aac10e1b0c1bff0a8189b0,BOX-PUNE-06,-3.4,44.87,04-01-2025 19:40
69aac10e1b0c1bff0a8189b1,BOX-PUNE-06,-3.18,48.4,04-01-2025 19:50
69aac10e1b0c1bff0a8189b2,BOX-PUNE-06,-3.01,58.31,04-01-2025 20:00
69aac10e1b0c1bff0a8189b3,BOX-PUNE-06,-2.78,40.54,04-01-2025 20:10
69aac10e1b0c1bff0a8189b4,BOX-PUNE-06,-2.6,43.57,04-01-2025 20:20
69aac10e1b0c1bff0a8189b5,BOX-PUNE-06,-2.58,48.14,04-01-2025 20:30
69aac10e1b0c1bff0a8189b6,BOX-PUNE-06,-2.5,42,04-01-2025 20:40
69aac10e1b0c1bff0a8189b7,BOX-PUNE-06,-2.21,56.57,04-01-2025 20:50
69aac10e1b0c1bff0a8189b8,BOX-PUNE-06,-2.44,45.6,04-01-2025 21:00
69aac10e1b0c1bff0a8189b9,BOX-PUNE-06,-2.66,55.98,04-01-2025 21:10
69aac10e1b0c1bff0a8189ba,BOX-PUNE-06,-2.66,44.08,04-01-2025 21:20
69aac10e1b0c1bff0a8189bb,BOX-PUNE-06,-2.65,55.12,04-01-2025 21:30
69aac10e1b0c1bff0a8189bc,BOX-PUNE-06,-2.41,46.32,04-01-2025 21:40
69aac10e1b0c1bff0a8189bd,BOX-PUNE-06,-2.69,52.02,04-01-2025 21:50
69aac10e1b0c1bff0a8189be,BOX-PUNE-06,-2.89,57.5,04-01-2025 22:00
69aac10e1b0c1bff0a8189bf,BOX-PUNE-06,-3.12,44.28,04-01-2025 22:10
69aac10e1b0c1bff0a8189c0,BOX-PUNE-06,-3.18,50.72,04-01-2025 22:20
69aac10e1b0c1bff0a8189c1,BOX-PUNE-06,-2.93,42.28,04-01-2025 22:30
69aac10e1b0c1bff0a8189c2,BOX-PUNE-06,-3.13,56.5,04-01-2025 22:40
69aac10e1b0c1bff0a8189c3,BOX-PUNE-06,-3.3,57.44,04-01-2025 22:50
69aac10e1b0c1bff0a8189c4,BOX-PUNE-06,-3.21,43.81,04-01-2025 23:00
69aac10e1b0c1bff0a8189c5,BOX-PUNE-06,-3.18,53.65,04-01-2025 23:10
69aac10e1b0c1bff0a8189c6,BOX-PUNE-06,-3.32,42.66,04-01-2025 23:20
69aac10e1b0c1bff0a8189c7,BOX-PUNE-06,-3.51,54.22,04-01-2025 23:30
69aac10e1b0c1bff0a8189c8,BOX-PUNE-06,-3.31,47.31,04-01-2025 23:40
69aac10e1b0c1bff0a8189c9,BOX-PUNE-06,-3.51,57.12,04-01-2025 23:50
69aac10e1b0c1bff0a8189ca,BOX-PUNE-06,-3.3,58.59,05-01-2025 00:00
69aac10e1b0c1bff0a8189cb,BOX-PUNE-06,-3.41,46.42,05-01-2025 00:10
69aac10e1b0c1bff0a8189cc,BOX-PUNE-06,-3.46,53.32,05-01-2025 00:20
69aac10e1b0c1bff0a8189cd,BOX-PUNE-06,-3.61,58.63,05-01-2025 00:30
69aac10e1b0c1bff0a8189ce,BOX-PUNE-06,-3.68,45.12,05-01-2025 00:40
69aac10e1b0c1bff0a8189cf,BOX-PUNE-06,-3.42,47.99,05-01-2025 00:50
69aac10e1b0c1bff0a8189d0,BOX-PUNE-06,-3.23,59.58,05-01-2025 01:00
69aac10e1b0c1bff0a8189d1,BOX-PUNE-06,-3.27,49.65,05-01-2025 01:10
69aac10e1b0c1bff0a8189d2,BOX-PUNE-06,-3.48,58.51,05-01-2025 01:20
69aac10e1b0c1bff0a8189d3,BOX-PUNE-06,-3.4,43.85,05-01-2025 01:30
69aac10e1b0c1bff0a8189d4,BOX-PUNE-06,-3.11,50.74,05-01-2025 01:40
69aac10e1b0c1bff0a8189d5,BOX-PUNE-06,-3.34,41.62,05-01-2025 01:50
69aac10e1b0c1bff0a8189d6,BOX-PUNE-06,-3.15,51.95,05-01-2025 02:00
69aac10e1b0c1bff0a8189d7,BOX-PUNE-06,-2.86,46.89,05-01-2025 02:10
69aac10e1b0c1bff0a8189d8,BOX-PUNE-06,-3.11,49.92,05-01-2025 02:20
69aac10e1b0c1bff0a8189d9,BOX-PUNE-06,-2.85,45.57,05-01-2025 02:30
69aac10e1b0c1bff0a8189da,BOX-PUNE-06,-3.01,40.06,05-01-2025 02:40
69aac10e1b0c1bff0a8189db,BOX-PUNE-06,-3,42.44,05-01-2025 02:50
69aac10e1b0c1bff0a8189dc,BOX-PUNE-06,-3,40.58,05-01-2025 03:00
69aac10e1b0c1bff0a8189dd,BOX-PUNE-06,-2.81,54.65,05-01-2025 03:10
69aac10e1b0c1bff0a8189de,BOX-PUNE-06,-2.79,54.37,05-01-2025 03:20
69aac10e1b0c1bff0a8189df,BOX-PUNE-06,-2.78,46.67,05-01-2025 03:30
69aac10e1b0c1bff0a8189e0,BOX-PUNE-06,-2.49,45.86,05-01-2025 03:40
69aac10e1b0c1bff0a8189e1,BOX-PUNE-06,-2.73,42.69,05-01-2025 03:50
69aac10e1b0c1bff0a8189e2,BOX-PUNE-06,-2.92,44.57,05-01-2025 04:00
69aac10e1b0c1bff0a8189e3,BOX-PUNE-06,-2.78,49.69,05-01-2025 04:10
69aac10e1b0c1bff0a8189e4,BOX-PUNE-06,-2.98,54.51,05-01-2025 04:20
69aac10e1b0c1bff0a8189e5,BOX-PUNE-06,-2.99,49.45,05-01-2025 04:30
69aac10e1b0c1bff0a8189e6,BOX-PUNE-06,-3.03,55.77,05-01-2025 04:40
69aac10e1b0c1bff0a8189e7,BOX-PUNE-06,-3.29,59.14,05-01-2025 04:50
69aac10e1b0c1bff0a8189e8,BOX-PUNE-06,-3.27,59.98,05-01-2025 05:00
69aac10e1b0c1bff0a8189e9,BOX-PUNE-06,-3.4,40.52,05-01-2025 05:10
69aac10e1b0c1bff0a8189ea,BOX-PUNE-06,-3.59,55.65,05-01-2025 05:20
69aac10e1b0c1bff0a8189eb,BOX-PUNE-06,-3.82,42.46,05-01-2025 05:30
69aac10e1b0c1bff0a8189ec,BOX-PUNE-06,-3.77,54.17,05-01-2025 05:40
69aac10e1b0c1bff0a8189ed,BOX-PUNE-06,-3.83,40.71,05-01-2025 05:50
69aac10e1b0c1bff0a8189ee,BOX-PUNE-06,-4.13,44.51,05-01-2025 06:00
69aac10e1b0c1bff0a8189ef,BOX-PUNE-06,-3.83,44.73,05-01-2025 06:10
69aac10e1b0c1bff0a8189f0,BOX-PUNE-06,-4.1,56.04,05-01-2025 06:20
69aac10e1b0c1bff0a8189f1,BOX-PUNE-06,-4.36,51.33,05-01-2025 06:30
69aac10e1b0c1bff0a8189f2,BOX-PUNE-06,-4.62,52.74,05-01-2025 06:40
69aac10e1b0c1bff0a8189f3,BOX-PUNE-06,-4.55,58.83,05-01-2025 06:50
69aac10e1b0c1bff0a8189f4,BOX-PUNE-06,-4.76,51.98,05-01-2025 07:00
69aac10e1b0c1bff0a8189f5,BOX-PUNE-06,-4.89,55.08,05-01-2025 07:10
69aac10e1b0c1bff0a8189f6,BOX-PUNE-06,-4.85,50.97,05-01-2025 07:20
69aac10e1b0c1bff0a8189f7,BOX-PUNE-06,-4.55,59.82,05-01-2025 07:30
69aac10e1b0c1bff0a8189f8,BOX-PUNE-06,-4.79,43.34,05-01-2025 07:40
69aac10e1b0c1bff0a8189f9,BOX-PUNE-06,-4.69,42.64,05-01-2025 07:50
69aac10e1b0c1bff0a8189fa,BOX-PUNE-06,-4.66,50.97,05-01-2025 08:00
69aac10e1b0c1bff0a8189fb,BOX-PUNE-06,-4.45,50.83,05-01-2025 08:10
69aac10e1b0c1bff0a8189fc,BOX-PUNE-06,-4.3,40.79,05-01-2025 08:20
69aac10e1b0c1bff0a8189fd,BOX-PUNE-06,-4.19,53.35,05-01-2025 08:30
69aac10e1b0c1bff0a8189fe,BOX-PUNE-06,-4.48,47.54,05-01-2025 08:40
69aac10e1b0c1bff0a8189ff,BOX-PUNE-06,-4.61,54.39,05-01-2025 08:50
69aac10e1b0c1bff0a818a00,BOX-PUNE-06,-4.32,46.91,05-01-2025 09:00
69aac10e1b0c1bff0a818a01,BOX-PUNE-06,-4.3,55.18,05-01-2025 09:10
69aac10e1b0c1bff0a818a02,BOX-PUNE-06,-4.26,50.93,05-01-2025 09:20
69aac10e1b0c1bff0a818a03,BOX-PUNE-06,-4.11,49.52,05-01-2025 09:30
69aac10e1b0c1bff0a818a04,BOX-PUNE-06,-3.93,56.01,05-01-2025 09:40
69aac10e1b0c1bff0a818a05,BOX-PUNE-06,-4.12,47.13,05-01-2025 09:50
69aac10e1b0c1bff0a818a06,BOX-PUNE-06,-4.23,52.36,05-01-2025 10:00
69aac10e1b0c1bff0a818a07,BOX-PUNE-06,-4.34,47.36,05-01-2025 10:10
69aac10e1b0c1bff0a818a08,BOX-PUNE-06,-4.62,57.28,05-01-2025 10:20
69aac10e1b0c1bff0a818a09,BOX-PUNE-06,-4.53,58.48,05-01-2025 10:30
69aac10e1b0c1bff0a818a0a,BOX-PUNE-06,-4.25,48.2,05-01-2025 10:40
69aac10e1b0c1bff0a818a0b,BOX-PUNE-06,-4.55,54.82,05-01-2025 10:50
69aac10e1b0c1bff0a818a0c,BOX-PUNE-06,-4.78,49.2,05-01-2025 11:00
69aac10e1b0c1bff0a818a0d,BOX-PUNE-06,-4.62,41.08,05-01-2025 11:10
69aac10e1b0c1bff0a818a0e,BOX-PUNE-06,-4.35,52.33,05-01-2025 11:20
69aac10e1b0c1bff0a818a0f,BOX-PUNE-06,-4.17,53.93,05-01-2025 11:30
69aac10e1b0c1bff0a818a10,BOX-PUNE-06,-4.33,42.37,05-01-2025 11:40
69aac10e1b0c1bff0a818a11,BOX-PUNE-06,-4.4,41.13,05-01-2025 11:50
69aac10e1b0c1bff0a818a12,BOX-PUNE-06,-4.33,55.44,05-01-2025 12:00
69aac10e1b0c1bff0a818a13,BOX-PUNE-06,-4.39,54.49,05-01-2025 12:10
69aac10e1b0c1bff0a818a14,BOX-PUNE-06,-4.58,55.11,05-01-2025 12:20
69aac10e1b0c1bff0a818a15,BOX-PUNE-06,-4.58,54.22,05-01-2025 12:30
69aac10e1b0c1bff0a818a16,BOX-PUNE-06,-4.31,55.05,05-01-2025 12:40
69aac10e1b0c1bff0a818a17,BOX-PUNE-06,-4.46,43.02,05-01-2025 12:50
69aac10e1b0c1bff0a818a18,BOX-PUNE-06,-4.66,59.49,05-01-2025 13:00
69aac10e1b0c1bff0a818a19,BOX-PUNE-06,-4.47,44.38,05-01-2025 13:10
69aac10e1b0c1bff0a818a1a,BOX-PUNE-06,-4.32,46.11,05-01-2025 13:20
69aac10e1b0c1bff0a818a1b,BOX-PUNE-06,-4.41,52.92,05-01-2025 13:30
69aac10e1b0c1bff0a818a1c,BOX-PUNE-06,-4.67,45.03,05-01-2025 13:40
69aac10e1b0c1bff0a818a1d,BOX-PUNE-06,-4.95,50.97,05-01-2025 13:50
69aac10e1b0c1bff0a818a1e,BOX-PUNE-06,-5.14,54.95,05-01-2025 14:00
69aac10e1b0c1bff0a818a1f,BOX-PUNE-06,-5.05,47.82,05-01-2025 14:10
69aac10e1b0c1bff0a818a20,BOX-PUNE-06,-5.35,43.81,05-01-2025 14:20
69aac10e1b0c1bff0a818a21,BOX-PUNE-06,-5.15,40.99,05-01-2025 14:30
69aac10e1b0c1bff0a818a22,BOX-PUNE-06,-5.23,53.43,05-01-2025 14:40
69aac10e1b0c1bff0a818a23,BOX-PUNE-06,-5.32,41.8,05-01-2025 14:50
69aac10e1b0c1bff0a818a24,BOX-PUNE-06,-5.54,58.45,05-01-2025 15:00
69aac10e1b0c1bff0a818a25,BOX-PUNE-06,-5.34,50.03,05-01-2025 15:10
69aac10e1b0c1bff0a818a26,BOX-PUNE-06,-5.38,48.6,05-01-2025 15:20
69aac10e1b0c1bff0a818a27,BOX-PUNE-06,-5.39,55.62,05-01-2025 15:30
69aac10e1b0c1bff0a818a28,BOX-PUNE-06,-5.39,41.63,05-01-2025 15:40
69aac10e1b0c1bff0a818a29,BOX-PUNE-06,-5.42,47.94,05-01-2025 15:50
69aac10e1b0c1bff0a818a2a,BOX-PUNE-06,-5.57,52.77,05-01-2025 16:00
69aac10e1b0c1bff0a818a2b,BOX-PUNE-06,-5.44,46.19,05-01-2025 16:10
69aac10e1b0c1bff0a818a2c,BOX-PUNE-06,-5.42,53.68,05-01-2025 16:20
69aac10e1b0c1bff0a818a2d,BOX-PUNE-06,-5.21,47.36,05-01-2025 16:30
69aac10e1b0c1bff0a818a2e,BOX-PUNE-06,-5.4,49.76,05-01-2025 16:40
69aac10e1b0c1bff0a818a2f,BOX-PUNE-06,-5.61,53.07,05-01-2025 16:50
69aac10e1b0c1bff0a818a30,BOX-PUNE-06,-5.54,45.76,05-01-2025 17:00
69aac10e1b0c1bff0a818a31,BOX-PUNE-06,-5.52,40.81,05-01-2025 17:10
69aac10e1b0c1bff0a818a32,BOX-PUNE-06,-5.52,57.77,05-01-2025 17:20
69aac10e1b0c1bff0a818a33,BOX-PUNE-06,-5.78,48.46,05-01-2025 17:30
69aac10e1b0c1bff0a818a34,BOX-PUNE-06,-5.78,56.21,05-01-2025 17:40
69aac10e1b0c1bff0a818a35,BOX-PUNE-06,-5.88,45.77,05-01-2025 17:50
69aac10e1b0c1bff0a818a36,BOX-PUNE-06,-5.74,41.56,05-01-2025 18:00
69aac10e1b0c1bff0a818a37,BOX-PUNE-06,-6.01,59.12,05-01-2025 18:10
69aac10e1b0c1bff0a818a38,BOX-PUNE-06,-5.91,49.83,05-01-2025 18:20
69aac10e1b0c1bff0a818a39,BOX-PUNE-06,-6.08,54.84,05-01-2025 18:30
69aac10e1b0c1bff0a818a3a,BOX-PUNE-06,-6.05,50.81,05-01-2025 18:40
69aac10e1b0c1bff0a818a3b,BOX-PUNE-06,-5.81,57.15,05-01-2025 18:50
69aac10e1b0c1bff0a818a3c,BOX-PUNE-06,-5.76,48.89,05-01-2025 19:00
69aac10e1b0c1bff0a818a3d,BOX-PUNE-06,-5.58,50.18,05-01-2025 19:10
69aac10e1b0c1bff0a818a3e,BOX-PUNE-06,-5.31,53.51,05-01-2025 19:20
69aac10e1b0c1bff0a818a3f,BOX-PUNE-06,-5.42,43.58,05-01-2025 19:30
69aac10e1b0c1bff0a818a40,BOX-PUNE-06,-5.41,53.63,05-01-2025 19:40
69aac10e1b0c1bff0a818a41,BOX-PUNE-06,-5.2,49.11,05-01-2025 19:50
69aac10e1b0c1bff0a818a42,BOX-PUNE-06,-5.3,54.21,05-01-2025 20:00
69aac10e1b0c1bff0a818a43,BOX-PUNE-06,-5.38,54.58,05-01-2025 20:10
69aac10e1b0c1bff0a818a44,BOX-PUNE-06,-5.14,45.4,05-01-2025 20:20
69aac10e1b0c1bff0a818a45,BOX-PUNE-06,-5.29,46.74,05-01-2025 20:30
69aac10e1b0c1bff0a818a46,BOX-PUNE-06,-5.45,54.94,05-01-2025 20:40
69aac10e1b0c1bff0a818a47,BOX-PUNE-06,-5.33,48.81,05-01-2025 20:50
69aac10e1b0c1bff0a818a48,BOX-PUNE-06,-5.62,57.26,05-01-2025 21:00
69aac10e1b0c1bff0a818a49,BOX-PUNE-06,-5.9,55.26,05-01-2025 21:10
69aac10e1b0c1bff0a818a4a,BOX-PUNE-06,-5.69,49.5,05-01-2025 21:20
69aac10e1b0c1bff0a818a4b,BOX-PUNE-06,-5.87,51.22,05-01-2025 21:30
69aac10e1b0c1bff0a818a4c,BOX-PUNE-06,-6.01,46.37,05-01-2025 21:40
69aac10e1b0c1bff0a818a4d,BOX-PUNE-06,-6.12,50.23,05-01-2025 21:50
69aac10e1b0c1bff0a818a4e,BOX-PUNE-06,-6.39,58.53,05-01-2025 22:00
69aac10e1b0c1bff0a818a4f,BOX-PUNE-06,-6.14,44.98,05-01-2025 22:10
69aac10e1b0c1bff0a818a50,BOX-PUNE-06,-5.98,46.22,05-01-2025 22:20
69aac10e1b0c1bff0a818a51,BOX-PUNE-06,-6.23,47.06,05-01-2025 22:30
69aac10e1b0c1bff0a818a52,BOX-PUNE-06,-6.46,50.24,05-01-2025 22:40
69aac10e1b0c1bff0a818a53,BOX-PUNE-06,-6.19,56.61,05-01-2025 22:50
69aac10e1b0c1bff0a818a54,BOX-PUNE-06,-6.16,40.53,05-01-2025 23:00
69aac10e1b0c1bff0a818a55,BOX-PUNE-06,-6.04,45.94,05-01-2025 23:10
69aac10e1b0c1bff0a818a56,BOX-PUNE-06,-6.15,57.94,05-01-2025 23:20
69aac10e1b0c1bff0a818a57,BOX-PUNE-06,-6.41,48.7,05-01-2025 23:30
69aac10e1b0c1bff0a818a58,BOX-PUNE-06,-6.28,57.52,05-01-2025 23:40
69aac10e1b0c1bff0a818a59,BOX-PUNE-06,-6.06,59.54,05-01-2025 23:50
69aac10e1b0c1bff0a818a5a,BOX-PUNE-06,-5.86,57.9,06-01-2025 00:00
69aac10e1b0c1bff0a818a5b,BOX-PUNE-06,-5.65,53.78,06-01-2025 00:10
69aac10e1b0c1bff0a818a5c,BOX-PUNE-06,-5.72,57.58,06-01-2025 00:20
69aac10e1b0c1bff0a818a5d,BOX-PUNE-06,-5.52,44.19,06-01-2025 00:30
69aac10e1b0c1bff0a818a5e,BOX-PUNE-06,-5.55,48.81,06-01-2025 00:40
69aac10e1b0c1bff0a818a5f,BOX-PUNE-06,-5.61,45.3,06-01-2025 00:50
69aac10e1b0c1bff0a818a60,BOX-PUNE-06,-5.68,43.68,06-01-2025 01:00
69aac10e1b0c1bff0a818a61,BOX-PUNE-06,-5.83,57.94,06-01-2025 01:10
69aac10e1b0c1bff0a818a62,BOX-PUNE-06,-5.74,40.7,06-01-2025 01:20
69aac10e1b0c1bff0a818a63,BOX-PUNE-06,-5.79,49.5,06-01-2025 01:30
69aac10e1b0c1bff0a818a64,BOX-PUNE-06,-6.01,49.37,06-01-2025 01:40
69aac10e1b0c1bff0a818a65,BOX-PUNE-06,-5.75,42.13,06-01-2025 01:50
69aac10e1b0c1bff0a818a66,BOX-PUNE-06,-5.92,50.77,06-01-2025 02:00
69aac10e1b0c1bff0a818a67,BOX-PUNE-06,-6,53.86,06-01-2025 02:10
69aac10e1b0c1bff0a818a68,BOX-PUNE-06,-5.86,54.89,06-01-2025 02:20
69aac10e1b0c1bff0a818a69,BOX-PUNE-06,-5.91,41.12,06-01-2025 02:30
69aac10e1b0c1bff0a818a6a,BOX-PUNE-06,-6.02,40.58,06-01-2025 02:40
69aac10e1b0c1bff0a818a6b,BOX-PUNE-06,-6.22,44.57,06-01-2025 02:50
69aac10e1b0c1bff0a818a6c,BOX-PUNE-06,-5.94,50.36,06-01-2025 03:00
69aac10e1b0c1bff0a818a6d,BOX-PUNE-06,-5.75,45.37,06-01-2025 03:10
69aac10e1b0c1bff0a818a6e,BOX-PUNE-06,-5.9,44.68,06-01-2025 03:20
69aac10e1b0c1bff0a818a6f,BOX-PUNE-06,-5.86,52.95,06-01-2025 03:30
69aac10e1b0c1bff0a818a70,BOX-PUNE-06,-6.15,47.96,06-01-2025 03:40
69aac10e1b0c1bff0a818a71,BOX-PUNE-06,-6.38,55.12,06-01-2025 03:50
69aac10e1b0c1bff0a818a72,BOX-PUNE-06,-6.51,46.61,06-01-2025 04:00
69aac10e1b0c1bff0a818a73,BOX-PUNE-06,-6.76,58.95,06-01-2025 04:10
69aac10e1b0c1bff0a818a74,BOX-PUNE-06,-6.65,44.53,06-01-2025 04:20
69aac10e1b0c1bff0a818a75,BOX-PUNE-06,-6.91,48.21,06-01-2025 04:30
69aac10e1b0c1bff0a818a76,BOX-PUNE-06,-7.16,59.72,06-01-2025 04:40
69aac10e1b0c1bff0a818a77,BOX-PUNE-06,-6.87,50.87,06-01-2025 04:50
69aac10e1b0c1bff0a818a78,BOX-PUNE-06,-7.04,55.01,06-01-2025 05:00
69aac10e1b0c1bff0a818a79,BOX-PUNE-06,-7.18,43.62,06-01-2025 05:10
69aac10e1b0c1bff0a818a7a,BOX-PUNE-06,-7.41,45.12,06-01-2025 05:20
69aac10e1b0c1bff0a818a7b,BOX-PUNE-06,-7.64,46.46,06-01-2025 05:30
69aac10e1b0c1bff0a818a7c,BOX-PUNE-06,-7.78,48.84,06-01-2025 05:40
69aac10e1b0c1bff0a818a7d,BOX-PUNE-06,-7.88,41.29,06-01-2025 05:50
69aac10e1b0c1bff0a818a7e,BOX-PUNE-06,-8.14,47.17,06-01-2025 06:00
69aac10e1b0c1bff0a818a7f,BOX-PUNE-06,-8.11,51.6,06-01-2025 06:10
69aac10e1b0c1bff0a818a80,BOX-PUNE-06,-7.92,59.47,06-01-2025 06:20
69aac10e1b0c1bff0a818a81,BOX-PUNE-06,-8,48.32,06-01-2025 06:30
69aac10e1b0c1bff0a818a82,BOX-PUNE-06,-8.15,40.87,06-01-2025 06:40
69aac10e1b0c1bff0a818a83,BOX-PUNE-06,-7.92,57.92,06-01-2025 06:50
69aac10e1b0c1bff0a818a84,BOX-PUNE-06,-8.22,48.84,06-01-2025 07:00
69aac10e1b0c1bff0a818a85,BOX-PUNE-06,-8.43,49.58,06-01-2025 07:10
69aac10e1b0c1bff0a818a86,BOX-PUNE-06,-8.52,56.05,06-01-2025 07:20
69aac10e1b0c1bff0a818a87,BOX-PUNE-06,-8.76,42.88,06-01-2025 07:30
69aac10e1b0c1bff0a818a88,BOX-PUNE-06,-8.78,50.47,06-01-2025 07:40
69aac10e1b0c1bff0a818a89,BOX-PUNE-06,-8.83,58.84,06-01-2025 07:50
69aac10e1b0c1bff0a818a8a,BOX-PUNE-06,-9.05,57.42,06-01-2025 08:00
69aac10e1b0c1bff0a818a8b,BOX-PUNE-06,-9.35,50.47,06-01-2025 08:10
69aac10e1b0c1bff0a818a8c,BOX-PUNE-06,-9.59,52.92,06-01-2025 08:20
69aac10e1b0c1bff0a818a8d,BOX-PUNE-06,-9.41,44.96,06-01-2025 08:30
69aac10e1b0c1bff0a818a8e,BOX-PUNE-06,-9.62,52.44,06-01-2025 08:40
69aac10e1b0c1bff0a818a8f,BOX-PUNE-06,-9.4,42.31,06-01-2025 08:50
69aac10e1b0c1bff0a818a90,BOX-PUNE-06,-9.13,47.63,06-01-2025 09:00
69aac10e1b0c1bff0a818a91,BOX-PUNE-06,-9.15,57.72,06-01-2025 09:10
69aac10e1b0c1bff0a818a92,BOX-PUNE-06,-9,56.23,06-01-2025 09:20
69aac10e1b0c1bff0a818a93,BOX-PUNE-06,-9.03,53.08,06-01-2025 09:30
69aac10e1b0c1bff0a818a94,BOX-PUNE-06,-9.3,55.72,06-01-2025 09:40
69aac10e1b0c1bff0a818a95,BOX-PUNE-06,-9.02,48.69,06-01-2025 09:50
69aac10e1b0c1bff0a818a96,BOX-PUNE-06,-8.86,40.73,06-01-2025 10:00
69aac10e1b0c1bff0a818a97,BOX-PUNE-06,-8.73,44.49,06-01-2025 10:10
69aac10e1b0c1bff0a818a98,BOX-PUNE-06,-8.55,58.24,06-01-2025 10:20
69aac10e1b0c1bff0a818a99,BOX-PUNE-06,-8.8,42.5,06-01-2025 10:30
69aac10e1b0c1bff0a818a9a,BOX-PUNE-06,-8.57,51.97,06-01-2025 10:40
69aac10e1b0c1bff0a818a9b,BOX-PUNE-06,-8.62,44.91,06-01-2025 10:50
69aac10e1b0c1bff0a818a9c,BOX-PUNE-06,-8.83,50.24,06-01-2025 11:00
69aac10e1b0c1bff0a818a9d,BOX-PUNE-06,-8.77,42.18,06-01-2025 11:10
69aac10e1b0c1bff0a818a9e,BOX-PUNE-06,-8.65,57.15,06-01-2025 11:20
69aac10e1b0c1bff0a818a9f,BOX-PUNE-06,-8.58,48.21,06-01-2025 11:30
69aac10e1b0c1bff0a818aa0,BOX-PUNE-06,-8.65,50.8,06-01-2025 11:40
69aac10e1b0c1bff0a818aa1,BOX-PUNE-06,-8.74,52.37,06-01-2025 11:50
69aac10e1b0c1bff0a818aa2,BOX-PUNE-06,-8.85,53.98,06-01-2025 12:00
69aac10e1b0c1bff0a818aa3,BOX-PUNE-06,-8.99,45.16,06-01-2025 12:10
69aac10e1b0c1bff0a818aa4,BOX-PUNE-06,-8.94,47.22,06-01-2025 12:20
69aac10e1b0c1bff0a818aa5,BOX-PUNE-06,-9.1,41.39,06-01-2025 12:30
69aac10e1b0c1bff0a818aa6,BOX-PUNE-06,-9.26,57.59,06-01-2025 12:40
69aac10e1b0c1bff0a818aa7,BOX-PUNE-06,-9.53,49.48,06-01-2025 12:50
69aac10e1b0c1bff0a818aa8,BOX-PUNE-06,-9.53,43.34,06-01-2025 13:00
69aac10e1b0c1bff0a818aa9,BOX-PUNE-06,-9.24,58.99,06-01-2025 13:10
69aac10e1b0c1bff0a818aaa,BOX-PUNE-06,-9.52,53.1,06-01-2025 13:20
69aac10e1b0c1bff0a818aab,BOX-PUNE-06,-9.31,43.08,06-01-2025 13:30
69aac10e1b0c1bff0a818aac,BOX-PUNE-06,-9.6,50.11,06-01-2025 13:40
69aac10e1b0c1bff0a818aad,BOX-PUNE-06,-9.63,50.72,06-01-2025 13:50
69aac10e1b0c1bff0a818aae,BOX-PUNE-06,-9.57,56.24,06-01-2025 14:00
69aac10e1b0c1bff0a818aaf,BOX-PUNE-06,-9.63,46.18,06-01-2025 14:10
69aac10e1b0c1bff0a818ab0,BOX-PUNE-06,-9.7,51.34,06-01-2025 14:20
69aac10e1b0c1bff0a818ab1,BOX-PUNE-06,-9.62,47.14,06-01-2025 14:30
69aac10e1b0c1bff0a818ab2,BOX-PUNE-06,-9.61,45.62,06-01-2025 14:40
69aac10e1b0c1bff0a818ab3,BOX-PUNE-06,-9.86,46.79,06-01-2025 14:50
69aac10e1b0c1bff0a818ab4,BOX-PUNE-06,-9.98,59.77,06-01-2025 15:00
69aac10e1b0c1bff0a818ab5,BOX-PUNE-06,-10.24,50.02,06-01-2025 15:10
69aac10e1b0c1bff0a818ab6,BOX-PUNE-06,-10.54,46.16,06-01-2025 15:20
69aac10e1b0c1bff0a818ab7,BOX-PUNE-06,-10.51,47.2,06-01-2025 15:30
69aac10e1b0c1bff0a818ab8,BOX-PUNE-06,-10.59,46.73,06-01-2025 15:40
69aac10e1b0c1bff0a818ab9,BOX-PUNE-06,-10.54,52.36,06-01-2025 15:50
69aac10e1b0c1bff0a818aba,BOX-PUNE-06,-10.68,40.47,06-01-2025 16:00
69aac10e1b0c1bff0a818abb,BOX-PUNE-06,-10.57,56.22,06-01-2025 16:10
69aac10e1b0c1bff0a818abc,BOX-PUNE-06,-10.46,50.5,06-01-2025 16:20
69aac10e1b0c1bff0a818abd,BOX-PUNE-06,-10.17,53.07,06-01-2025 16:30
69aac10e1b0c1bff0a818abe,BOX-PUNE-06,-9.89,45.54,06-01-2025 16:40
69aac10e1b0c1bff0a818abf,BOX-PUNE-06,-10,51.72,06-01-2025 16:50
69aac10e1b0c1bff0a818ac0,BOX-PUNE-06,-10.03,43.14,06-01-2025 17:00
69aac10e1b0c1bff0a818ac1,BOX-PUNE-06,-10.23,42.63,06-01-2025 17:10
69aac10e1b0c1bff0a818ac2,BOX-PUNE-06,-10.29,47.48,06-01-2025 17:20
69aac10e1b0c1bff0a818ac3,BOX-PUNE-06,-10.36,53.42,06-01-2025 17:30
69aac10e1b0c1bff0a818ac4,BOX-PUNE-06,-10.18,55.39,06-01-2025 17:40
69aac10e1b0c1bff0a818ac5,BOX-PUNE-06,-9.91,40.5,06-01-2025 17:50
69aac10e1b0c1bff0a818ac6,BOX-PUNE-06,-10.19,58.81,06-01-2025 18:00
69aac10e1b0c1bff0a818ac7,BOX-PUNE-06,-10,43.5,06-01-2025 18:10
69aac10e1b0c1bff0a818ac8,BOX-PUNE-06,-9.84,57.43,06-01-2025 18:20
69aac10e1b0c1bff0a818ac9,BOX-PUNE-06,-9.7,54.62,06-01-2025 18:30
69aac10e1b0c1bff0a818aca,BOX-PUNE-06,-9.75,46.31,06-01-2025 18:40
69aac10e1b0c1bff0a818acb,BOX-PUNE-06,-10.04,58.37,06-01-2025 18:50
69aac10e1b0c1bff0a818acc,BOX-PUNE-06,-9.79,44.91,06-01-2025 19:00
69aac10e1b0c1bff0a818acd,BOX-PUNE-06,-9.82,46.3,06-01-2025 19:10
69aac10e1b0c1bff0a818ace,BOX-PUNE-06,-9.69,50.05,06-01-2025 19:20
69aac10e1b0c1bff0a818acf,BOX-PUNE-06,-9.73,55.86,06-01-2025 19:30
69aac10e1b0c1bff0a818ad0,BOX-PUNE-06,-9.74,56.27,06-01-2025 19:40
69aac10e1b0c1bff0a818ad1,BOX-PUNE-06,-10.01,59.1,06-01-2025 19:50
69aac10e1b0c1bff0a818ad2,BOX-PUNE-06,-9.78,44.49,06-01-2025 20:00
69aac10e1b0c1bff0a818ad3,BOX-PUNE-06,-9.97,48.86,06-01-2025 20:10
69aac10e1b0c1bff0a818ad4,BOX-PUNE-06,-9.89,45.95,06-01-2025 20:20
69aac10e1b0c1bff0a818ad5,BOX-PUNE-06,-9.72,53.12,06-01-2025 20:30
69aac10e1b0c1bff0a818ad6,BOX-PUNE-06,-9.43,42.8,06-01-2025 20:40
69aac10e1b0c1bff0a818ad7,BOX-PUNE-06,-9.59,50,06-01-2025 20:50
69aac10e1b0c1bff0a818ad8,BOX-PUNE-06,-9.37,56.38,06-01-2025 21:00
69aac10e1b0c1bff0a818ad9,BOX-PUNE-06,-9.35,47.97,06-01-2025 21:10
69aac10e1b0c1bff0a818ada,BOX-PUNE-06,-9.53,51.71,06-01-2025 21:20
69aac10e1b0c1bff0a818adb,BOX-PUNE-06,-9.65,56.97,06-01-2025 21:30
69aac10e1b0c1bff0a818adc,BOX-PUNE-06,-9.8,41.33,06-01-2025 21:40
69aac10e1b0c1bff0a818add,BOX-PUNE-06,-9.79,46.82,06-01-2025 21:50
69aac10e1b0c1bff0a818ade,BOX-PUNE-06,-9.56,51.28,06-01-2025 22:00
69aac10e1b0c1bff0a818adf,BOX-PUNE-06,-9.79,56.32,06-01-2025 22:10
69aac10e1b0c1bff0a818ae0,BOX-PUNE-06,-9.55,54.52,06-01-2025 22:20
69aac10e1b0c1bff0a818ae1,BOX-PUNE-06,-9.57,57.04,06-01-2025 22:30
69aac10e1b0c1bff0a818ae2,BOX-PUNE-06,-9.6,57.54,06-01-2025 22:40
69aac10e1b0c1bff0a818ae3,BOX-PUNE-06,-9.76,43.18,06-01-2025 22:50
69aac10e1b0c1bff0a818ae4,BOX-PUNE-06,-9.62,58.12,06-01-2025 23:00
69aac10e1b0c1bff0a818ae5,BOX-PUNE-06,-9.66,51.47,06-01-2025 23:10
69aac10e1b0c1bff0a818ae6,BOX-PUNE-06,-9.82,46.52,06-01-2025 23:20
69aac10e1b0c1bff0a818ae7,BOX-PUNE-06,-10.03,53.65,06-01-2025 23:30
69aac10e1b0c1bff0a818ae8,BOX-PUNE-06,-10.33,58.46,06-01-2025 23:40
69aac10e1b0c1bff0a818ae9,BOX-PUNE-06,-10.6,50.93,06-01-2025 23:50
69aac10e1b0c1bff0a818aea,BOX-PUNE-06,-10.84,40.88,07-01-2025 00:00
69aac10e1b0c1bff0a818aeb,BOX-PUNE-06,-10.89,56.3,07-01-2025 00:10
69aac10e1b0c1bff0a818aec,BOX-PUNE-06,-10.95,47.91,07-01-2025 00:20
69aac10e1b0c1bff0a818aed,BOX-PUNE-06,-10.73,55.3,07-01-2025 00:30
69aac10e1b0c1bff0a818aee,BOX-PUNE-06,-10.64,47.23,07-01-2025 00:40
69aac10e1b0c1bff0a818aef,BOX-PUNE-06,-10.77,59.38,07-01-2025 00:50
69aac10e1b0c1bff0a818af0,BOX-PUNE-06,-10.77,44.36,07-01-2025 01:00
69aac10e1b0c1bff0a818af1,BOX-PUNE-06,-10.53,47.82,07-01-2025 01:10
69aac10e1b0c1bff0a818af2,BOX-PUNE-06,-10.48,58.03,07-01-2025 01:20
69aac10e1b0c1bff0a818af3,BOX-PUNE-06,-10.56,56.61,07-01-2025 01:30
69aac10e1b0c1bff0a818af4,BOX-PUNE-06,-10.82,50.28,07-01-2025 01:40
69aac10e1b0c1bff0a818af5,BOX-PUNE-06,-10.55,42.97,07-01-2025 01:50
69aac10e1b0c1bff0a818af6,BOX-PUNE-06,-10.57,43.74,07-01-2025 02:00
69aac10e1b0c1bff0a818af7,BOX-PUNE-06,-10.81,45.31,07-01-2025 02:10
69aac10e1b0c1bff0a818af8,BOX-PUNE-06,-10.85,47.58,07-01-2025 02:20
69aac10e1b0c1bff0a818af9,BOX-PUNE-06,-10.85,55.54,07-01-2025 02:30
69aac10e1b0c1bff0a818afa,BOX-PUNE-06,-10.81,58.77,07-01-2025 02:40
69aac10e1b0c1bff0a818afb,BOX-PUNE-06,-11.03,49.67,07-01-2025 02:50
69aac10e1b0c1bff0a818afc,BOX-PUNE-06,-10.87,42.03,07-01-2025 03:00
69aac10e1b0c1bff0a818afd,BOX-PUNE-06,-10.94,57.9,07-01-2025 03:10
69aac10e1b0c1bff0a818afe,BOX-PUNE-06,-10.98,48.16,07-01-2025 03:20
69aac10e1b0c1bff0a818aff,BOX-PUNE-06,-10.99,52.83,07-01-2025 03:30
69aac10e1b0c1bff0a818b00,BOX-PUNE-06,-10.91,51.45,07-01-2025 03:40
69aac10e1b0c1bff0a818b01,BOX-PUNE-06,-10.67,56.88,07-01-2025 03:50
69aac10e1b0c1bff0a818b02,BOX-PUNE-06,-10.85,44.56,07-01-2025 04:00
69aac10e1b0c1bff0a818b03,BOX-PUNE-06,-10.67,46.5,07-01-2025 04:10
69aac10e1b0c1bff0a818b04,BOX-PUNE-06,-10.43,42.7,07-01-2025 04:20
69aac10e1b0c1bff0a818b05,BOX-PUNE-06,-10.57,55.67,07-01-2025 04:30
69aac10e1b0c1bff0a818b06,BOX-PUNE-06,-10.52,49.21,07-01-2025 04:40
69aac10e1b0c1bff0a818b07,BOX-PUNE-06,-10.51,47.78,07-01-2025 04:50
69aac10e1b0c1bff0a818b08,BOX-PUNE-06,-10.56,41.12,07-01-2025 05:00
69aac10e1b0c1bff0a818b09,BOX-PUNE-06,-10.59,47.82,07-01-2025 05:10
69aac10e1b0c1bff0a818b0a,BOX-PUNE-06,-10.36,55.12,07-01-2025 05:20
69aac10e1b0c1bff0a818b0b,BOX-PUNE-06,-10.1,59.26,07-01-2025 05:30
69aac10e1b0c1bff0a818b0c,BOX-PUNE-06,-9.88,41.49,07-01-2025 05:40
69aac10e1b0c1bff0a818b0d,BOX-PUNE-06,-9.97,55.96,07-01-2025 05:50
69aac10e1b0c1bff0a818b0e,BOX-PUNE-06,-9.69,41.02,07-01-2025 06:00
69aac10e1b0c1bff0a818b0f,BOX-PUNE-06,-9.46,48.48,07-01-2025 06:10
69aac10e1b0c1bff0a818b10,BOX-PUNE-06,-9.58,40.89,07-01-2025 06:20
69aac10e1b0c1bff0a818b11,BOX-PUNE-06,-9.5,46.7,07-01-2025 06:30
69aac10e1b0c1bff0a818b12,BOX-PUNE-06,-9.43,47.59,07-01-2025 06:40
69aac10e1b0c1bff0a818b13,BOX-PUNE-06,-9.27,44.53,07-01-2025 06:50
69aac10e1b0c1bff0a818b14,BOX-PUNE-06,-9.55,46.55,07-01-2025 07:00
69aac10e1b0c1bff0a818b15,BOX-PUNE-06,-9.62,52.04,07-01-2025 07:10
69aac10e1b0c1bff0a818b16,BOX-PUNE-06,-9.82,53.18,07-01-2025 07:20
69aac10e1b0c1bff0a818b17,BOX-PUNE-06,-10.06,54.57,07-01-2025 07:30
69aac10e1b0c1bff0a818b18,BOX-PUNE-06,-10.33,45.63,07-01-2025 07:40
69aac10e1b0c1bff0a818b19,BOX-PUNE-06,-10.2,58.45,07-01-2025 07:50
69aac10e1b0c1bff0a818b1a,BOX-PUNE-06,-10.35,45.32,07-01-2025 08:00
69aac10e1b0c1bff0a818b1b,BOX-PUNE-06,-10.3,51.86,07-01-2025 08:10
69aac10e1b0c1bff0a818b1c,BOX-PUNE-06,-10.06,48.97,07-01-2025 08:20
69aac10e1b0c1bff0a818b1d,BOX-PUNE-06,-10.02,45.23,07-01-2025 08:30
69aac10e1b0c1bff0a818b1e,BOX-PUNE-06,-10.3,59.84,07-01-2025 08:40
69aac10e1b0c1bff0a818b1f,BOX-PUNE-06,-10.34,58.88,07-01-2025 08:50
69aac10e1b0c1bff0a818b20,BOX-PUNE-06,-10.33,56.6,07-01-2025 09:00
69aac10e1b0c1bff0a818b21,BOX-PUNE-06,-10.55,44.07,07-01-2025 09:10
69aac10e1b0c1bff0a818b22,BOX-PUNE-06,-10.36,47.97,07-01-2025 09:20
69aac10e1b0c1bff0a818b23,BOX-PUNE-06,-10.4,57.88,07-01-2025 09:30
69aac10e1b0c1bff0a818b24,BOX-PUNE-06,-10.58,41.12,07-01-2025 09:40
69aac10e1b0c1bff0a818b25,BOX-PUNE-06,-10.58,55.45,07-01-2025 09:50
69aac10e1b0c1bff0a818b26,BOX-PUNE-06,-10.73,43.28,07-01-2025 10:00
69aac10e1b0c1bff0a818b27,BOX-PUNE-06,-10.51,49.26,07-01-2025 10:10
69aac10e1b0c1bff0a818b28,BOX-PUNE-06,-10.48,50.36,07-01-2025 10:20
69aac10e1b0c1bff0a818b29,BOX-PUNE-06,-10.63,54.01,07-01-2025 10:30
69aac10e1b0c1bff0a818b2a,BOX-PUNE-06,-10.86,44.96,07-01-2025 10:40
69aac10e1b0c1bff0a818b2b,BOX-PUNE-06,-10.95,53.39,07-01-2025 10:50
69aac10e1b0c1bff0a818b2c,BOX-PUNE-06,-11.24,59.63,07-01-2025 11:00
69aac10e1b0c1bff0a818b2d,BOX-PUNE-06,-11.45,43.23,07-01-2025 11:10
69aac10e1b0c1bff0a818b2e,BOX-PUNE-06,-11.31,58.57,07-01-2025 11:20
69aac10e1b0c1bff0a818b2f,BOX-PUNE-06,-11.39,50.98,07-01-2025 11:30
69aac10e1b0c1bff0a818b30,BOX-PUNE-06,-11.38,52.01,07-01-2025 11:40
69aac10e1b0c1bff0a818b31,BOX-PUNE-06,-11.6,57.66,07-01-2025 11:50
69aac10e1b0c1bff0a818b32,BOX-PUNE-06,-11.5,48.45,07-01-2025 12:00
69aac10e1b0c1bff0a818b33,BOX-PUNE-06,-11.27,47.44,07-01-2025 12:10
69aac10e1b0c1bff0a818b34,BOX-PUNE-06,-11.35,56.37,07-01-2025 12:20
69aac10e1b0c1bff0a818b35,BOX-PUNE-06,-11.36,51.86,07-01-2025 12:30
69aac10e1b0c1bff0a818b36,BOX-PUNE-06,-11.37,41.05,07-01-2025 12:40
69aac10e1b0c1bff0a818b37,BOX-PUNE-06,-11.67,52.02,07-01-2025 12:50
69aac10e1b0c1bff0a818b38,BOX-PUNE-06,-11.8,54.29,07-01-2025 13:00
69aac10e1b0c1bff0a818b39,BOX-PUNE-06,-11.51,57.43,07-01-2025 13:10
69aac10e1b0c1bff0a818b3a,BOX-PUNE-06,-11.44,50.09,07-01-2025 13:20
69aac10e1b0c1bff0a818b3b,BOX-PUNE-06,-11.68,48.47,07-01-2025 13:30
69aac10e1b0c1bff0a818b3c,BOX-PUNE-06,-11.55,56.76,07-01-2025 13:40
69aac10e1b0c1bff0a818b3d,BOX-PUNE-06,-11.81,48.78,07-01-2025 13:50
69aac10e1b0c1bff0a818b3e,BOX-PUNE-06,-11.79,56.6,07-01-2025 14:00
69aac10e1b0c1bff0a818b3f,BOX-PUNE-06,-11.49,46.94,07-01-2025 14:10
69aac10e1b0c1bff0a818b40,BOX-PUNE-06,-11.47,45.8,07-01-2025 14:20
69aac10e1b0c1bff0a818b41,BOX-PUNE-06,-11.54,53.21,07-01-2025 14:30
69aac10e1b0c1bff0a818b42,BOX-PUNE-06,-11.55,57.85,07-01-2025 14:40
69aac10e1b0c1bff0a818b43,BOX-PUNE-06,-11.44,56.47,07-01-2025 14:50
69aac10e1b0c1bff0a818b44,BOX-PUNE-06,-11.31,59.49,07-01-2025 15:00
69aac10e1b0c1bff0a818b45,BOX-PUNE-06,-11.4,48.39,07-01-2025 15:10
69aac10e1b0c1bff0a818b46,BOX-PUNE-06,-11.48,54.8,07-01-2025 15:20
69aac10e1b0c1bff0a818b47,BOX-PUNE-06,-11.73,55.64,07-01-2025 15:30
69aac10e1b0c1bff0a818b48,BOX-PUNE-06,-11.74,57.71,07-01-2025 15:40
69aac10e1b0c1bff0a818b49,BOX-PUNE-06,-11.79,49.99,07-01-2025 15:50
69aac10e1b0c1bff0a818b4a,BOX-PUNE-06,-11.55,57.18,07-01-2025 16:00
69aac10e1b0c1bff0a818b4b,BOX-PUNE-06,-11.71,45.44,07-01-2025 16:10
69aac10e1b0c1bff0a818b4c,BOX-PUNE-06,-11.84,47.84,07-01-2025 16:20
69aac10e1b0c1bff0a818b4d,BOX-PUNE-06,-11.72,43.38,07-01-2025 16:30
69aac10e1b0c1bff0a818b4e,BOX-PUNE-06,-11.99,47.4,07-01-2025 16:40
69aac10e1b0c1bff0a818b4f,BOX-PUNE-06,-12.15,52.41,07-01-2025 16:50
69aac10e1b0c1bff0a818b50,BOX-PUNE-06,-11.98,50.6,07-01-2025 17:00
69aac10e1b0c1bff0a818b51,BOX-PUNE-06,-12.11,51.5,07-01-2025 17:10
69aac10e1b0c1bff0a818b52,BOX-PUNE-06,-11.88,58.66,07-01-2025 17:20
69aac10e1b0c1bff0a818b53,BOX-PUNE-06,-11.99,51.93,07-01-2025 17:30
69aac10e1b0c1bff0a818b54,BOX-PUNE-06,-12.07,55.7,07-01-2025 17:40
69aac10e1b0c1bff0a818b55,BOX-PUNE-06,-12.26,51.94,07-01-2025 17:50
69aac10e1b0c1bff0a818b56,BOX-PUNE-06,-12.13,43.29,07-01-2025 18:00
69aac10e1b0c1bff0a818b57,BOX-PUNE-06,-12.23,56.5,07-01-2025 18:10
69aac10e1b0c1bff0a818b58,BOX-PUNE-06,-12.36,43.78,07-01-2025 18:20
69aac10e1b0c1bff0a818b59,BOX-PUNE-06,-12.57,52.22,07-01-2025 18:30
69aac10e1b0c1bff0a818b5a,BOX-PUNE-06,-12.8,41.85,07-01-2025 18:40
69aac10e1b0c1bff0a818b5b,BOX-PUNE-06,-12.79,44.7,07-01-2025 18:50
69aac10e1b0c1bff0a818b5c,BOX-PUNE-06,-12.98,54.1,07-01-2025 19:00
69aac10e1b0c1bff0a818b5d,BOX-PUNE-06,-12.73,52.12,07-01-2025 19:10
69aac10e1b0c1bff0a818b5e,BOX-PUNE-06,-12.92,43.3,07-01-2025 19:20
69aac10e1b0c1bff0a818b5f,BOX-PUNE-06,-13.17,51.87,07-01-2025 19:30
69aac10e1b0c1bff0a818b60,BOX-PUNE-06,-13.46,57.38,07-01-2025 19:40
69aac10e1b0c1bff0a818b61,BOX-PUNE-06,-13.37,52.4,07-01-2025 19:50
69aac10e1b0c1bff0a818b62,BOX-PUNE-06,-13.15,43.34,07-01-2025 20:00
69aac10e1b0c1bff0a818b63,BOX-PUNE-06,-12.93,41.97,07-01-2025 20:10
69aac10e1b0c1bff0a818b64,BOX-PUNE-06,-12.92,51.57,07-01-2025 20:20
69aac10e1b0c1bff0a818b65,BOX-PUNE-06,-13.08,42.66,07-01-2025 20:30
69aac10e1b0c1bff0a818b66,BOX-PUNE-06,-13.13,49.98,07-01-2025 20:40
69aac10e1b0c1bff0a818b67,BOX-PUNE-06,-12.86,42.86,07-01-2025 20:50
69aac10e1b0c1bff0a818b68,BOX-PUNE-06,-12.88,55.83,07-01-2025 21:00
69aac10e1b0c1bff0a818b69,BOX-PUNE-06,-13.16,55.76,07-01-2025 21:10
69aac10e1b0c1bff0a818b6a,BOX-PUNE-06,-13.36,41.23,07-01-2025 21:20
69aac10e1b0c1bff0a818b6b,BOX-PUNE-06,-13.44,41.88,07-01-2025 21:30
69aac10e1b0c1bff0a818b6c,BOX-PUNE-06,-13.23,52.22,07-01-2025 21:40
69aac10e1b0c1bff0a818b6d,BOX-PUNE-06,-13.36,43.78,07-01-2025 21:50
69aac10e1b0c1bff0a818b6e,BOX-PUNE-06,-13.32,58.82,07-01-2025 22:00
69aac10e1b0c1bff0a818b6f,BOX-PUNE-06,-13.42,51.77,07-01-2025 22:10
69aac10e1b0c1bff0a818b70,BOX-PUNE-06,-13.66,49.02,07-01-2025 22:20
69aac10e1b0c1bff0a818b71,BOX-PUNE-06,-13.46,40.08,07-01-2025 22:30
